k,time_ns,restarts
0,2599,0
0,7700,0
0,5501,0
0,3099,0
0,2499,0
0,2401,0
0,4201,0
0,2999,0
0,2499,0
0,2399,0
0,2499,0
0,2400,0
0,2400,0
0,2400,0
0,2300,0
0,2400,0
0,2300,0
0,2300,0
0,2300,0
0,2300,0
0,2300,0
0,2299,0
0,2300,0
0,2300,0
0,2299,0
0,2301,0
0,2301,0
0,2301,0
0,2300,0
0,2399,0
0,2401,0
0,2301,0
0,2401,0
0,2401,0
0,3600,0
0,2301,0
0,2301,0
0,2400,0
0,2300,0
0,2300,0
0,2300,0
0,2300,0
0,2300,0
0,2300,0
0,2301,0
0,2201,0
0,2301,0
0,2401,0
0,2301,0
0,2301,0
0,7200,0
0,4401,0
0,5100,0
0,3000,0
0,2400,0
0,2300,0
0,2300,0
0,2300,0
0,4400,0
0,2700,0
0,2400,0
0,2400,0
0,2301,0
0,2301,0
0,2301,0
0,2300,0
0,2300,0
0,2300,0
0,2201,0
0,2301,0
0,2401,0
0,2301,0
0,2301,0
0,2200,0
0,2299,0
0,2199,0
0,2300,0
0,7101,0
0,2300,0
0,2301,0
0,2301,0
0,2301,0
0,5700,0
0,2900,0
0,2300,0
0,2300,0
0,2300,0
0,2300,0
0,2401,0
0,2301,0
0,2301,0
0,2299,0
0,2299,0
0,2200,0
0,2299,0
0,2300,0
0,3500,0
0,2300,0
0,2300,0
0,2300,0
0,2300,0
0,2299,0
0,2299,0
0,2299,0
0,2300,0
0,3799,0
0,8500,0
0,8701,0
0,6099,0
0,4200,0
0,3999,0
0,4301,0
0,3699,0
0,3200,0
0,3400,0
0,3599,0
0,3500,0
0,3301,0
0,4200,0
0,3699,0
0,6399,0
0,4101,0
0,3800,0
0,3799,0
0,4000,0
0,3699,0
0,4101,0
0,4300,0
0,3999,0
0,4000,0
0,3600,0
0,3799,0
0,6600,0
0,3700,0
0,3399,0
0,3901,0
0,3600,0
0,3900,0
0,3699,0
0,4101,0
0,4099,0
0,3900,0
0,3801,0
0,3600,0
0,3999,0
0,3499,0
0,3300,0
0,3299,0
0,3600,0
0,3501,0
0,3599,0
0,3700,0
0,6301,0
0,4799,0
0,4101,0
0,4700,0
0,3300,0
0,3600,0
0,4300,0
0,3401,0
0,3800,0
0,3299,0
0,3701,0
0,3699,0
0,3700,0
0,10900,0
0,3999,0
0,3601,0
0,3400,0
0,3800,0
0,3099,0
0,3000,0
0,3701,0
0,3299,0
0,3800,0
0,3400,0
0,3099,0
0,4000,0
0,3399,0
0,3700,0
0,3999,0
0,4200,0
0,3800,0
0,3601,0
0,3800,0
0,9100,0
0,5800,0
0,3600,0
0,3900,0
0,5800,0
0,4400,0
0,3299,0
0,4201,0
0,3900,0
0,4000,0
0,4601,0
0,4800,0
0,3801,0
0,3999,0
0,4200,0
0,14400,0
0,4400,0
0,4900,0
0,3201,0
0,3901,0
0,3799,0
0,3301,0
0,3500,0
0,5400,0
0,4001,0
0,4000,0
0,4300,0
0,5001,0
0,4500,0
0,4400,0
0,4601,0
0,4900,0
0,4500,0
0,4800,0
0,4500,0
0,4399,0
0,3700,0
0,3500,0
0,3101,0
0,2901,0
0,2901,0
0,3601,0
0,2899,0
0,2999,0
0,3199,0
0,3800,0
0,3801,0
0,3501,0
0,3300,0
0,3499,0
0,3900,0
0,3799,0
0,4100,0
0,4001,0
0,3500,0
0,3600,0
0,3401,0
0,3600,0
0,3199,0
0,3301,0
0,3500,0
0,4500,0
0,3900,0
0,6500,0
0,6500,0
0,2400,0
0,2300,0
0,2399,0
0,2399,0
0,2300,0
0,2600,0
0,3501,0
0,3200,0
0,2999,0
0,2899,0
0,3999,0
0,3700,0
0,2900,0
0,3000,0
0,3000,0
0,4199,0
0,3600,0
0,3900,0
0,3599,0
0,3500,0
0,3900,0
0,4400,0
0,8200,0
0,4900,0
0,3799,0
0,3801,0
0,3800,0
0,3399,0
0,3700,0
0,3600,0
0,3601,0
0,3600,0
0,3800,0
0,3701,0
0,3601,0
0,3500,0
0,3800,0
0,5600,0
0,3701,0
0,2900,0
0,4001,0
0,3600,0
0,3200,0
0,3499,0
0,3499,0
0,2999,0
0,3000,0
0,3801,0
0,3100,0
0,3300,0
0,3000,0
0,3200,0
0,3200,0
0,2899,0
0,3199,0
0,3001,0
0,3201,0
0,3900,0
0,3599,0
0,4400,0
0,4201,0
0,4500,0
0,4399,0
0,4300,0
0,4301,0
0,4400,0
0,3800,0
0,3399,0
0,5499,0
0,4201,0
0,4100,0
0,3700,0
0,4001,0
0,4499,0
0,2701,0
0,2800,0
0,2400,0
0,3199,0
0,2500,0
0,2300,0
0,2401,0
0,4100,0
0,3501,0
0,4000,0
0,4100,0
0,3999,0
0,4000,0
0,4201,0
0,4200,0
0,4399,0
0,4200,0
0,4301,0
0,3600,0
0,3600,0
0,3999,0
0,3500,0
0,3700,0
0,3100,0
0,3100,0
0,3100,0
0,3199,0
0,3200,0
0,3200,0
0,3300,0
0,3599,0
0,3599,0
0,4200,0
0,3900,0
0,4201,0
0,4200,0
0,4301,0
0,4300,0
0,4099,0
0,4300,0
0,4100,0
0,4299,0
0,4001,0
0,4000,0
0,4099,0
0,4100,0
0,4200,0
0,4401,0
0,4000,0
0,4300,0
0,4000,0
0,4399,0
0,4300,0
0,4400,0
0,7200,0
0,6500,0
0,4400,0
0,3900,0
0,3299,0
0,3801,0
0,4300,0
0,3900,0
0,2899,0
0,3901,0
0,4101,0
0,4000,0
0,3900,0
0,3600,0
0,3300,0
0,3800,0
0,3800,0
0,4300,0
0,4000,0
0,3500,0
0,4100,0
0,3700,0
0,3901,0
0,4399,0
0,2200,0
0,2301,0
0,3800,0
0,33199,0
0,6401,0
0,4399,0
0,6000,0
0,5000,0
0,194900,0
0,8300,0
0,5500,0
0,3601,0
0,9399,0
0,3900,0
0,8600,0
0,6701,0
0,4699,0
0,4899,0
0,4200,0
0,4100,0
0,4101,0
0,4200,0
0,4100,0
0,4401,0
0,4400,0
0,4299,0
0,4000,0
0,4400,0
0,4200,0
0,4199,0
0,4499,0
0,4300,0
0,4401,0
0,4100,0
0,4400,0
0,4399,0
0,4599,0
0,4399,0
0,4599,0
0,4399,0
0,4200,0
0,4599,0
0,5100,0
0,4400,0
0,4200,0
0,4399,0
0,4799,0
0,4599,0
0,4799,0
0,4399,0
0,4499,0
0,4599,0
0,4599,0
0,4900,0
0,4800,0
0,4400,0
0,4600,0
0,4100,0
0,4601,0
0,4401,0
0,4601,0
0,4401,0
0,5300,0
0,4501,0
0,4501,0
0,4400,0
0,4100,0
0,4099,0
0,4199,0
0,4300,0
0,4200,0
0,4101,0
0,4100,0
0,4400,0
0,4399,0
0,4000,0
0,4401,0
0,4400,0
0,4400,0
0,3999,0
0,4000,0
0,8600,0
0,4300,0
0,4000,0
0,4001,0
0,4000,0
0,4299,0
0,4400,0
0,4401,0
0,4400,0
0,4200,0
0,4099,0
0,4299,0
0,4400,0
0,4401,0
0,4301,0
0,4100,0
0,4100,0
0,3999,0
0,4300,0
0,4501,0
0,4401,0
0,4400,0
0,4099,0
0,4100,0
0,4000,0
0,4401,0
0,4000,0
0,4101,0
0,7600,0
0,5201,0
0,3600,0
0,3200,0
0,3201,0
0,3199,0
0,3200,0
0,3101,0
0,3501,0
0,3200,0
0,3100,0
0,3100,0
0,3100,0
0,3199,0
0,3100,0
0,3101,0
0,3100,0
0,3100,0
0,3499,0
0,3100,0
0,3101,0
0,3201,0
0,3100,0
0,3299,0
0,3100,0
0,3300,0
0,3299,0
0,3100,0
0,3401,0
0,3099,0
0,3200,0
0,3301,0
0,3200,0
0,3099,0
0,3200,0
0,3100,0
0,3299,0
0,3200,0
0,3101,0
0,3299,0
0,3200,0
0,3101,0
0,3099,0
0,3100,0
0,3200,0
0,3100,0
0,7900,0
0,4800,0
0,2700,0
0,2401,0
0,3399,0
0,3699,0
0,3800,0
0,3101,0
0,4100,0
0,3899,0
0,3600,0
0,3801,0
0,3300,0
0,4000,0
0,3999,0
0,4000,0
0,3601,0
0,3800,0
0,4099,0
0,4099,0
0,3899,0
0,3700,0
0,4001,0
0,3501,0
0,3701,0
0,3300,0
0,4000,0
0,3000,0
0,4000,0
0,3800,0
0,4200,0
0,4501,0
0,4000,0
0,3900,0
0,3999,0
0,4100,0
0,4101,0
0,3700,0
0,3900,0
0,4000,0
0,4401,0
0,3600,0
0,3200,0
0,3301,0
0,3300,0
0,3300,0
0,3401,0
0,3400,0
0,3699,0
0,3200,0
0,3600,0
0,3699,0
0,4000,0
0,3201,0
0,3199,0
0,3300,0
0,3399,0
0,3200,0
0,3201,0
0,3299,0
0,3300,0
0,3301,0
0,3299,0
0,3400,0
0,3400,0
0,3199,0
0,3200,0
0,3601,0
0,3099,0
0,3000,0
0,3000,0
0,2900,0
0,2900,0
0,3000,0
0,3001,0
0,2999,0
0,3001,0
0,2899,0
0,2900,0
0,3001,0
0,3599,0
0,3300,0
0,3800,0
0,4399,0
0,4300,0
0,4401,0
0,3500,0
0,3999,0
0,3700,0
0,3500,0
0,3399,0
0,3200,0
0,3200,0
0,3699,0
0,3200,0
0,3401,0
0,3500,0
0,3299,0
0,3500,0
0,3000,0
0,3000,0
0,3001,0
0,2999,0
0,3001,0
0,2999,0
0,3000,0
0,3200,0
0,4399,0
0,3900,0
0,3701,0
0,4000,0
0,4299,0
0,4300,0
0,4101,0
0,4300,0
0,7100,0
0,4300,0
0,4299,0
0,4201,0
0,4300,0
0,5700,0
0,4499,0
0,4300,0
0,4301,0
0,4300,0
0,4399,0
0,4500,0
0,4301,0
0,4300,0
0,4299,0
0,4300,0
0,4301,0
0,4300,0
0,4299,0
0,4300,0
0,4300,0
0,4501,0
0,4300,0
0,4299,0
0,4300,0
0,4301,0
0,4300,0
0,4299,0
0,4300,0
0,4301,0
0,4200,0
0,4300,0
0,4299,0
0,4500,0
0,4301,0
0,4400,0
0,4200,0
0,4199,0
0,4301,0
0,4300,0
0,4199,0
0,4300,0
0,4301,0
0,4301,0
0,4300,0
0,4200,0
0,4299,0
0,4300,0
0,4301,0
0,4300,0
0,4299,0
0,4200,0
0,4201,0
0,4300,0
0,4300,0
0,4299,0
0,4300,0
0,4301,0
0,4300,0
0,4299,0
0,4300,0
0,4301,0
0,4200,0
0,4299,0
0,4400,0
0,4200,0
0,4301,0
0,3500,0
0,3400,0
0,3400,0
0,3701,0
0,4000,0
0,3700,0
0,4001,0
0,4500,0
0,2400,0
0,2300,0
0,2301,0
0,2200,0
0,2300,0
0,2299,0
0,2300,0
0,2299,0
0,2301,0
0,2300,0
0,2201,0
0,2300,0
0,2300,0
0,2600,0
0,2301,0
0,2200,0
0,2199,0
0,2200,0
0,2299,0
0,2200,0
0,2299,0
0,2399,0
0,2301,0
0,2300,0
0,2201,0
0,2300,0
0,2299,0
0,2300,0
0,2299,0
0,2301,0
0,2300,0
0,2300,0
0,2200,0
0,2299,0
0,2301,0
0,2200,0
0,2301,0
0,2300,0
0,2199,0
0,2300,0
0,2299,0
0,2401,0
0,2300,0
0,2201,0
0,2300,0
0,2299,0
0,2200,0
0,2299,0
0,2301,0
0,2300,0
0,2301,0
0,2200,0
0,2301,0
0,2300,0
0,2199,0
0,2300,0
0,2199,0
0,2201,0
0,2300,0
0,2300,0
0,2300,0
0,2299,0
0,2300,0
0,2200,0
0,2201,0
0,2300,0
0,2300,0
0,2300,0
0,2299,0
0,2300,0
0,2300,0
0,2299,0
0,2300,0
0,2299,0
0,2201,0
0,2200,0
0,2300,0
0,2300,0
0,2299,0
0,2200,0
0,2300,0
0,2301,0
0,2400,0
0,2300,0
0,2300,0
0,2299,0
0,2400,0
0,2199,0
0,2300,0
0,2299,0
0,2301,0
0,2200,0
0,2301,0
0,2300,0
0,2199,0
0,2200,0
0,2599,0
0,2301,0
0,2200,0
0,2201,0
0,2300,0
0,2299,0
0,2300,0
0,2299,0
0,2201,0
0,2300,0
0,2301,0
0,2300,0
0,2199,0
0,2300,0
0,2199,0
0,2301,0
0,2300,0
0,2400,0
0,2300,0
0,2199,0
0,2300,0
0,2300,0
0,2301,0
0,2300,0
0,2299,0
0,2400,0
0,2200,0
0,2300,0
0,2399,0
0,2300,0
0,2200,0
0,2301,0
0,2400,0
0,2299,0
0,2400,0
0,4099,0
0,4300,0
0,4300,0
0,2300,0
0,2300,0
0,2299,0
0,2200,0
0,2299,0
0,2301,0
0,2300,0
0,2300,0
0,2200,0
0,2399,0
0,2300,0
0,2300,0
0,2301,0
0,2200,0
0,2201,0
0,2300,0
0,2199,0
0,2500,0
0,2299,0
0,2200,0
0,2300,0
0,2301,0
0,2300,0
0,2199,0
0,2300,0
0,2299,0
0,2201,0
0,2300,0
0,2301,0
0,2300,0
0,2299,0
0,2400,0
0,2300,0
0,2201,0
0,2300,0
0,2300,0
0,2300,0
0,2299,0
0,2300,0
0,2301,0
0,2300,0
0,2301,0
0,2200,0
0,2299,0
0,2300,0
0,7500,0
0,2299,0
0,2301,0
0,2300,0
0,2301,0
0,2200,0
0,2299,0
0,2300,0
0,2299,0
0,2201,0
0,2300,0
0,2300,0
0,2200,0
0,2299,0
0,2300,0
0,2300,0
0,2300,0
0,2299,0
0,2301,0
0,2300,0
0,2301,0
0,2200,0
0,2299,0
0,2300,0
0,2401,0
0,2299,0
0,2300,0
0,2300,0
0,2300,0
0,2300,0
0,2200,0
0,2299,0
0,2300,0
0,2299,0
0,2301,0
0,2300,0
0,2300,0
0,2300,0
0,2299,0
0,2301,0
0,2200,0
0,2301,0
0,2399,0
0,2301,0
0,2300,0
0,2299,0
0,2300,0
0,2300,0
0,2501,0
0,2300,0
0,2301,0
0,2300,0
0,2299,0
0,2500,0
0,2299,0
0,2201,0
0,2299,0
0,2300,0
0,2300,0
0,2301,0
0,2300,0
0,2300,0
0,2200,0
0,2299,0
0,2301,0
0,2300,0
0,2201,0
0,2300,0
0,2299,0
0,3900,0
0,2301,0
0,2300,0
0,2299,0
0,2300,0
0,2299,0
0,2201,0
0,2300,0
0,2200,0
0,2300,0
0,2300,0
0,2300,0
0,2199,0
0,2300,0
0,3699,0
0,2300,0
0,2299,0
0,2301,0
0,2300,0
0,2301,0
0,2400,0
0,2199,0
0,2300,0
0,2199,0
0,2301,0
0,2300,0
0,2300,0
0,2300,0
0,2199,0
0,2200,0
0,2300,0
0,2201,0
0,2300,0
0,2200,0
0,2200,0
0,2199,0
0,2301,0
0,2300,0
0,2301,0
0,2300,0
0,2299,0
0,2200,0
0,2299,0
0,2300,0
0,2200,0
0,2201,0
0,2300,0
0,2199,0
0,2300,0
0,2199,0
0,2301,0
0,2300,0
0,2200,0
0,2299,0
0,2301,0
0,2299,0
0,2400,0
0,2299,0
0,2301,0
0,2300,0
0,2300,0
0,2300,0
0,2299,0
0,2301,0
0,2300,0
0,2301,0
0,2300,0
0,2299,0
0,2200,0
0,4099,0
0,3999,0
0,4100,0
0,3601,0
0,4200,0
0,3600,0
0,2500,0
0,2300,0
0,2199,0
0,2299,0
0,2300,0
0,2199,0
0,2301,0
0,2300,0
0,2300,0
0,2300,0
0,2301,0
0,2300,0
0,2299,0
0,2300,0
0,2299,0
0,2301,0
0,2300,0
0,2300,0
0,2300,0
0,2299,0
0,2301,0
0,2300,0
0,3801,0
0,2299,0
0,2301,0
0,2300,0
0,2200,0
0,2300,0
0,2199,0
0,2301,0
0,2300,0
0,2301,0
0,2300,0
0,2299,0
0,2200,0
0,2299,0
0,2300,0
0,2300,0
0,2300,0
0,2299,0
0,2301,0
0,2200,0
0,2201,0
0,2300,0
0,2299,0
0,2300,0
0,2299,0
0,2301,0
0,2300,0
0,2300,0
0,2300,0
0,2301,0
0,2300,0
0,2300,0
0,2300,0
0,6300,0
0,2299,0
0,2301,0
0,2300,0
0,2200,0
0,2300,0
0,2199,0
0,2300,0
0,2300,0
0,2300,0
0,2199,0
0,2301,0
0,2300,0
0,2301,0
0,2300,0
0,2299,0
0,2300,0
0,2300,0
0,2301,0
0,2300,0
0,2299,0
0,2299,0
0,2301,0
0,2300,0
0,2299,0
0,2300,0
0,2299,0
0,2301,0
0,2500,0
0,2301,0
0,2300,0
0,29500,0
0,4101,0
0,4200,0
0,4200,0
0,2300,0
0,2399,0
0,2300,0
0,2199,0
0,2301,0
0,2300,0
0,2201,0
0,2300,0
0,2299,0
0,2300,0
0,2299,0
0,2201,0
0,2300,0
0,2200,0
0,2200,0
0,2199,0
0,2301,0
0,2300,0
0,2301,0
0,2300,0
0,2300,0
0,2300,0
0,2299,0
0,2301,0
0,2200,0
0,2301,0
0,2300,0
0,2300,0
0,2200,0
0,2299,0
0,2300,0
0,2299,0
0,2300,0
0,2300,0
0,2301,0
0,2300,0
0,2399,0
0,2300,0
0,2199,0
0,2200,0
0,2299,0
0,2301,0
0,2300,0
0,2300,0
0,2200,0
0,2199,0
0,2300,0
0,2300,0
0,2201,0
0,2300,0
0,2700,0
0,2200,0
0,2299,0
0,2200,0
0,2300,0
0,2301,0
0,2300,0
0,2300,0
0,2300,0
0,2299,0
0,2301,0
0,2300,0
0,2301,0
0,2200,0
0,2199,0
0,2300,0
0,2199,0
0,2400,0
0,2300,0
0,2699,0
0,2300,0
0,2299,0
0,2300,0
0,2299,0
0,2301,0
0,2300,0
0,2301,0
0,2300,0
0,2399,0
0,2300,0
0,2299,0
0,2201,0
0,2200,0
0,2300,0
0,2400,0
0,2301,0
0,2300,0
0,2199,0
0,2300,0
0,2299,0
0,2201,0
0,2400,0
0,2301,0
0,2300,0
0,2300,0
0,2300,0
0,2199,0
0,2300,0
0,2299,0
0,2201,0
0,2300,0
0,2301,0
0,2300,0
0,2301,0
0,2300,0
0,2301,0
0,2300,0
0,2201,0
0,2200,0
0,2300,0
0,2300,0
0,2299,0
0,5099,0
0,2300,0
0,2201,0
0,2300,0
0,2299,0
0,2200,0
0,2299,0
0,2300,0
0,2301,0
0,2400,0
0,2300,0
0,2300,0
0,2299,0
0,2201,0
0,2300,0
0,2201,0
0,2200,0
0,2300,0
0,2300,0
0,2299,0
0,2301,0
0,2300,0
0,2301,0
0,2300,0
0,2299,0
0,2400,0
0,2199,0
0,2200,0
0,2300,0
0,2301,0
0,2300,0
0,2300,0
0,2200,0
0,2299,0
0,2201,0
0,2200,0
0,2301,0
0,2300,0
0,2300,0
0,3000,0
0,2299,0
0,2300,0
0,2299,0
0,2301,0
0,2300,0
0,2301,0
0,2300,0
0,2199,0
0,2200,0
0,2299,0
0,2301,0
0,2300,0
0,2301,0
0,2300,0
0,2299,0
0,2500,0
0,2299,0
0,2800,0
0,2299,0
0,2301,0
0,2200,0
0,2300,0
0,2200,0
0,2399,0
0,2300,0
0,2300,0
0,2301,0
0,2500,0
0,2301,0
0,2300,0
0,2300,0
0,2400,0
0,2300,0
0,2300,0
0,2299,0
0,2301,0
0,2300,0
0,2301,0
0,2300,0
0,2299,0
0,2300,0
0,2299,0
0,2201,0
0,2300,0
0,2300,0
0,2300,0
0,2299,0
0,2300,0
0,2300,0
0,2301,0
0,2300,0
0,2299,0
0,2300,0
0,2299,0
0,2200,0
0,2300,0
0,2301,0
0,2400,0
0,2300,0
0,2301,0
0,2300,0
0,2500,0
0,2300,0
0,2199,0
0,2301,0
0,2300,0
0,2301,0
0,2300,0
0,2300,0
0,2201,0
0,2200,0
0,2399,0
0,2200,0
0,2299,0
0,2201,0
0,2300,0
0,2300,0
0,2300,0
0,2300,0
0,9100,0
0,2399,0
0,2301,0
0,2300,0
0,2400,0
0,2200,0
0,4300,0
0,3799,0
0,3900,0
0,2200,0
0,2300,0
0,2199,0
0,2301,0
0,2200,0
0,2301,0
0,2300,0
0,2200,0
0,2200,0
0,2299,0
0,2301,0
0,2299,0
0,2301,0
0,2200,0
0,2300,0
0,2300,0
0,2299,0
0,2301,0
0,2300,0
0,2301,0
0,2200,0
0,2299,0
0,2300,0
0,2399,0
0,2201,0
0,2300,0
0,2300,0
0,2200,0
0,2299,0
0,2301,0
0,2400,0
0,2301,0
0,2300,0
0,2300,0
0,2299,0
0,2300,0
0,2699,0
0,2401,0
0,2200,0
0,2201,0
0,2300,0
0,2301,0
0,2300,0
0,2300,0
0,2300,0
0,2299,0
0,2300,0
0,2299,0
0,2301,0
0,2300,0
0,2300,0
0,2200,0
0,2299,0
0,2300,0
0,2299,0
0,2300,0
0,2300,0
0,2401,0
0,2300,0
0,2300,0
0,2300,0
0,2299,0
0,2400,0
0,2300,0
0,2301,0
0,2200,0
0,2301,0
0,2300,0
0,2300,0
0,2300,0
0,2199,0
0,2301,0
0,2300,0
0,2201,0
0,2500,0
0,2299,0
0,2300,0
0,2299,0
0,2501,0
0,2300,0
0,2301,0
0,2300,0
0,2299,0
0,2401,0
0,2300,0
0,2201,0
0,2300,0
0,2300,0
0,2300,0
0,2299,0
0,2201,0
0,2300,0
0,2301,0
0,3400,0
0,4101,0
0,3600,0
0,3399,0
0,4000,0
0,3600,0
0,3599,0
0,3900,0
0,3701,0
0,3800,0
0,3400,0
0,3001,0
0,2899,0
0,3001,0
0,2899,0
0,3000,0
0,2900,0
0,3000,0
0,3000,0
0,3000,0
0,2901,0
0,3599,0
0,3800,0
0,4400,0
0,4400,0
0,4399,0
0,3901,0
0,3700,0
0,3699,0
0,3800,0
0,3301,0
0,3599,0
0,3300,0
0,3501,0
0,3299,0
0,3600,0
0,3901,0
0,4100,0
0,4399,0
0,3501,0
0,3800,0
0,4300,0
0,4300,0
0,4201,0
0,4400,0
0,4199,0
0,4300,0
0,4300,0
0,4300,0
0,4299,0
0,4300,0
0,4200,0
0,4300,0
0,4199,0
0,4301,0
0,4200,0
0,4199,0
0,4300,0
0,4401,0
0,4300,0
0,4200,0
0,4299,0
0,4400,0
0,4200,0
0,4300,0
0,4299,0
0,4300,0
0,4299,0
0,11201,0
0,4300,0
0,4299,0
0,4300,0
0,4300,0
0,4300,0
0,4199,0
0,4201,0
0,4400,0
0,4300,0
0,4299,0
0,9200,0
0,4100,0
0,4201,0
0,4300,0
0,4299,0
0,4300,0
0,4299,0
0,4300,0
0,4301,0
0,4300,0
0,4299,0
0,4300,0
0,4301,0
0,4300,0
0,4299,0
0,4299,0
0,3600,0
0,4100,0
0,3901,0
0,4100,0
0,4399,0
0,2301,0
0,2300,0
0,2301,0
0,2300,0
0,2299,0
0,2300,0
0,2199,0
0,2301,0
0,2299,0
0,2301,0
0,2400,0
0,2301,0
0,2200,0
0,2300,0
0,2200,0
0,2299,0
0,2301,0
0,2300,0
0,2301,0
0,2300,0
0,2299,0
0,2200,0
0,2300,0
0,2300,0
0,2399,0
0,2201,0
0,2500,0
0,2301,0
0,2300,0
0,2299,0
0,2300,0
0,2299,0
0,2301,0
0,2300,0
0,2300,0
0,2300,0
0,2199,0
0,2300,0
0,2200,0
0,2301,0
0,2300,0
0,2200,0
0,2300,0
0,2300,0
0,2300,0
0,2299,0
0,2301,0
0,2200,0
0,2301,0
0,2300,0
0,2299,0
0,2400,0
0,2299,0
0,2301,0
0,3100,0
0,2601,0
0,2300,0
0,2300,0
0,2500,0
0,2299,0
0,2300,0
0,2299,0
0,2201,0
0,2300,0
0,2301,0
0,2300,0
0,2299,0
0,2300,0
0,2299,0
0,2401,0
0,2300,0
0,2300,0
0,2300,0
0,2500,0
0,2300,0
0,2299,0
0,2300,0
0,2299,0
0,2501,0
0,2300,0
0,2301,0
0,2300,0
0,2299,0
0,2300,0
0,2199,0
0,2301,0
0,2200,0
0,2300,0
0,2200,0
0,2199,0
0,2300,0
0,2300,0
0,2301,0
0,2300,0
0,2501,0
0,2300,0
0,2301,0
0,2300,0
0,2300,0
0,2300,0
0,2299,0
0,2200,0
0,2299,0
0,2300,0
0,2300,0
0,2301,0
0,2300,0
0,2300,0
0,2300,0
0,2299,0
0,2201,0
0,2300,0
0,2301,0
0,3801,0
0,4000,0
0,3800,0
0,4001,0
0,2299,0
0,2200,0
0,2300,0
0,2301,0
0,2300,0
0,2300,0
0,2300,0
0,2299,0
0,2200,0
0,2300,0
0,2301,0
0,2300,0
0,2299,0
0,2300,0
0,2199,0
0,2301,0
0,2300,0
0,2400,0
0,2300,0
0,2299,0
0,2300,0
0,2300,0
0,2301,0
0,2300,0
0,2300,0
0,2300,0
0,2299,0
0,2300,0
0,2300,0
0,2299,0
0,2300,0
0,2700,0
0,3500,0
0,2201,0
0,2300,0
0,2299,0
0,2300,0
0,2300,0
0,2301,0
0,2200,0
0,2299,0
0,2300,0
0,2199,0
0,2201,0
0,2300,0
0,2301,0
0,2300,0
0,2301,0
0,2200,0
0,2299,0
0,2300,0
0,2399,0
0,2300,0
0,2299,0
0,2300,0
0,2299,0
0,2301,0
0,2299,0
0,2301,0
0,2300,0
0,2301,0
0,2301,0
0,2200,0
0,2301,0
0,2299,0
0,2301,0
0,2300,0
0,2201,0
0,2300,0
0,2299,0
0,2300,0
0,2299,0
0,2301,0
0,2300,0
0,2201,0
0,2300,0
0,2199,0
0,2300,0
0,2300,0
0,2200,0
0,2200,0
0,2199,0
0,2300,0
0,2201,0
0,2300,0
0,2299,0
0,2200,0
0,2299,0
0,2301,0
0,2300,0
0,2201,0
0,2200,0
0,2299,0
0,2300,0
0,2300,0
0,2301,0
0,2300,0
0,2299,0
0,2300,0
0,2299,0
0,9001,0
0,2300,0
0,2300,0
0,2300,0
0,2299,0
0,2301,0
0,2300,0
0,2301,0
0,2200,0
0,2399,0
0,2200,0
0,2299,0
0,2300,0
0,2299,0
0,2400,0
0,2199,0
0,2301,0
0,2200,0
0,2301,0
0,2200,0
0,2299,0
0,2300,0
0,2299,0
0,2301,0
0,2300,0
0,2300,0
0,2300,0
0,2199,0
0,9801,0
0,2300,0
0,2301,0
0,11601,0
0,5300,0
0,2300,0
0,2301,0
0,2200,0
0,2299,0
0,2300,0
0,2200,0
0,2200,0
0,2300,0
0,2399,0
0,2300,0
0,2400,0
0,2199,0
0,2300,0
0,2199,0
0,2301,0
0,2300,0
0,2301,0
0,2200,0
0,2299,0
0,2300,0
0,2299,0
0,2201,0
0,2200,0
0,2301,0
0,2200,0
0,2199,0
0,2300,0
0,2300,0
0,2301,0
0,2200,0
0,2299,0
0,2200,0
0,2299,0
0,2301,0
0,2300,0
0,2201,0
0,2300,0
0,2299,0
0,2300,0
0,2199,0
0,2201,0
0,2200,0
0,2200,0
0,2300,0
0,2199,0
0,2301,0
0,2300,0
0,2301,0
0,2200,0
0,2300,0
0,2401,0
0,2300,0
0,2400,0
0,2300,0
0,2199,0
0,2301,0
0,2300,0
0,2301,0
0,2300,0
0,2299,0
0,2300,0
0,2299,0
0,2201,0
0,2300,0
0,2300,0
0,2300,0
0,2299,0
0,2300,0
0,2200,0
0,2301,0
0,2300,0
0,2299,0
0,2200,0
0,2299,0
0,2301,0
0,2200,0
0,2301,0
0,2200,0
0,2300,0
0,2200,0
0,2199,0
0,2201,0
0,2300,0
0,2301,0
0,2300,0
0,2299,0
0,2300,0
0,2300,0
0,2301,0
0,2300,0
0,2200,0
0,2300,0
0,2199,0
0,2301,0
0,2300,0
0,2201,0
0,2300,0
0,2299,0
0,2300,0
0,2299,0
0,2199,0
0,2300,0
0,2200,0
0,2201,0
0,2200,0
0,2301,0
0,2200,0
0,2299,0
0,2300,0
0,2300,0
0,2301,0
0,2300,0
0,2300,0
0,2400,0
0,2299,0
0,2300,0
0,2300,0
0,2301,0
0,2300,0
0,2300,0
0,2300,0
0,2299,0
0,2300,0
0,2200,0
0,2301,0
0,2200,0
0,2199,0
0,2300,0
0,2299,0
0,2301,0
0,2200,0
0,2400,0
0,2200,0
0,2499,0
0,2300,0
0,2201,0
0,2300,0
0,2200,0
0,2300,0
0,2399,0
0,2301,0
0,2300,0
0,2301,0
0,2200,0
0,2299,0
0,2200,0
0,2300,0
0,2501,0
0,2300,0
0,2300,0
0,2300,0
0,2199,0
0,2201,0
0,2200,0
0,2299,0
0,2200,0
0,2299,0
0,2301,0
0,2300,0
0,2200,0
0,2300,0
0,2199,0
0,2300,0
0,2299,0
0,2301,0
0,2300,0
0,2200,0
0,2300,0
0,2299,0
0,2301,0
0,2300,0
0,2301,0
0,2200,0
0,2199,0
0,2300,0
0,2299,0
0,2200,0
0,2499,0
0,2200,0
0,2299,0
0,2401,0
0,2300,0
0,2501,0
0,2300,0
0,2300,0
0,2300,0
0,2199,0
0,2301,0
0,2200,0
0,2299,0
0,2301,0
0,2300,0
0,2300,0
0,2300,0
0,2299,0
0,2701,0
0,2200,0
0,2301,0
0,2300,0
0,2299,0
0,2300,0
0,2199,0
0,2301,0
0,2301,0
0,2200,0
0,2301,0
0,2300,0
0,2299,0
0,2300,0
0,2199,0
0,2201,0
0,2200,0
0,2300,0
0,2200,0
0,2299,0
0,2301,0
0,2300,0
0,2401,0
0,2200,0
0,2299,0
0,2300,0
0,2299,0
0,2301,0
0,2200,0
0,2201,0
0,2300,0
0,2299,0
0,2300,0
0,2299,0
0,2300,0
0,2500,0
0,2300,0
0,2300,0
0,2200,0
0,2299,0
0,2300,0
0,2199,0
0,2301,0
0,2200,0
0,2301,0
0,2200,0
0,2299,0
0,2500,0
0,2299,0
0,2400,0
0,2199,0
0,2300,0
0,2200,0
0,2201,0
0,2300,0
0,2199,0
0,2200,0
0,2300,0
0,2201,0
0,2300,0
0,2301,0
0,2300,0
0,2301,0
0,2300,0
0,2299,0
0,2300,0
0,2299,0
0,2301,0
0,2300,0
0,2200,0
0,2200,0
0,2299,0
0,2201,0
0,2300,0
0,2300,0
0,2300,0
0,2299,0
0,2300,0
0,2300,0
0,2401,0
0,2300,0
0,2300,0
0,2300,0
0,2299,0
0,2300,0
0,2300,0
0,2201,0
0,2300,0
0,2299,0
0,2200,0
0,2299,0
0,2300,0
0,2300,0
0,2301,0
0,2300,0
0,2199,0
0,2300,0
0,2299,0
0,2301,0
0,2300,0
0,2301,0
0,2300,0
0,2299,0
0,2300,0
0,2299,0
0,2301,0
0,2200,0
0,2301,0
0,2300,0
0,2299,0
0,2301,0
0,2300,0
0,2400,0
0,2200,0
0,2299,0
0,2201,0
0,2300,0
0,2301,0
0,2400,0
0,2299,0
0,2300,0
0,2299,0
0,2300,0
0,2299,0
0,2201,0
0,2300,0
0,2301,0
0,2200,0
0,2299,0
0,2300,0
0,2199,0
0,2301,0
0,2300,0
0,2201,0
0,2300,0
0,2301,0
0,2300,0
0,2199,0
0,2300,0
0,2300,0
0,2301,0
0,2300,0
0,2299,0
0,2300,0
0,2299,0
0,2300,0
0,2299,0
0,2201,0
0,2300,0
0,2301,0
0,2200,0
0,2299,0
0,2200,0
0,2200,0
0,2301,0
0,2300,0
0,2299,0
0,2200,0
0,2299,0
0,2301,0
0,2400,0
0,2300,0
0,2301,0
0,2300,0
0,2300,0
0,2200,0
0,2299,0
0,2300,0
0,2300,0
0,2301,0
0,2300,0
0,2300,0
0,2300,0
0,2799,0
0,2400,0
0,2299,0
0,2300,0
0,2200,0
0,2301,0
0,2300,0
0,2199,0
0,2300,0
0,2299,0
0,2300,0
0,2200,0
0,2301,0
0,2200,0
0,2399,0
0,2300,0
0,2299,0
0,2301,0
0,2200,0
0,2300,0
0,2300,0
0,2199,0
0,2300,0
0,2499,0
0,2301,0
0,2200,0
0,2300,0
0,2300,0
0,2399,0
0,2400,0
0,2300,0
0,2201,0
0,2300,0
0,2299,0
0,2300,0
0,2299,0
0,2301,0
0,2200,0
0,2300,0
0,2300,0
0,2200,0
0,2299,0
0,2299,0
0,2300,0
0,2299,0
0,2301,0
0,2300,0
0,2301,0
0,2200,0
0,2299,0
0,2300,0
0,2299,0
0,2300,0
0,2200,0
0,2301,0
0,2200,0
0,2299,0
0,2200,0
0,2299,0
0,2301,0
0,2299,0
0,2801,0
0,3599,0
0,3800,0
0,3501,0
0,3300,0
0,3600,0
0,3400,0
0,3500,0
0,3799,0
0,3500,0
0,3601,0
0,3500,0
0,3199,0
0,2900,0
0,2901,0
0,2900,0
0,3001,0
0,2999,0
0,3500,0
0,3500,0
0,4099,0
0,4500,0
0,4501,0
0,4300,0
0,4399,0
0,3800,0
0,3701,0
0,3399,0
0,3800,0
0,3200,0
0,3700,0
0,3399,0
0,3699,0
0,4200,0
0,4301,0
0,4200,0
0,2999,0
0,3001,0
0,3599,0
0,3800,0
0,3001,0
0,2999,0
0,3001,0
0,2999,0
0,3001,0
0,3099,0
0,3000,0
0,2999,0
0,3000,0
0,3000,0
0,3100,0
0,3101,0
0,3799,0
0,3900,0
0,4000,0
0,4000,0
0,4100,0
0,4301,0
0,3000,0
0,2300,0
0,2299,0
0,2300,0
0,2300,0
0,3401,0
0,2199,0
0,2201,0
0,2300,0
0,2200,0
0,2300,0
0,2299,0
0,2301,0
0,2300,0
0,2201,0
0,2300,0
0,2199,0
0,2300,0
0,2300,0
0,2301,0
0,2300,0
0,2299,0
0,2300,0
0,2299,0
0,2301,0
0,2300,0
0,2501,0
0,2300,0
0,2299,0
0,2300,0
0,2200,0
0,2201,0
0,2300,0
0,2301,0
0,2300,0
0,2199,0
0,2300,0
0,2300,0
0,2201,0
0,2300,0
0,2299,0
0,2200,0
0,2299,0
0,2201,0
0,2300,0
0,2200,0
0,2300,0
0,2299,0
0,2300,0
0,2300,0
0,2201,0
0,2300,0
0,2299,0
0,2200,0
0,2299,0
0,2301,0
0,2300,0
0,2300,0
0,2200,0
0,2199,0
0,2301,0
0,2200,0
0,2301,0
0,2300,0
0,2199,0
0,2300,0
0,2299,0
0,2301,0
0,2300,0
0,2501,0
0,2300,0
0,2301,0
0,2300,0
0,2299,0
0,2199,0
0,2401,0
0,2200,0
0,2301,0
0,2300,0
0,2199,0
0,2300,0
0,2200,0
0,2301,0
0,2300,0
0,2299,0
0,2300,0
0,2299,0
0,2301,0
0,2300,0
0,2300,0
0,2200,0
0,2199,0
0,2301,0
0,2300,0
0,2201,0
0,2300,0
0,2299,0
0,2300,0
0,2200,0
0,2201,0
0,4001,0
0,4100,0
0,3999,0
0,3500,0
0,2300,0
0,2300,0
0,2199,0
0,2301,0
0,2200,0
0,2201,0
0,2300,0
0,2299,0
0,2200,0
0,2300,0
0,2301,0
0,2300,0
0,2299,0
0,2300,0
0,2299,0
0,2301,0
0,2300,0
0,2301,0
0,2300,0
0,2199,0
0,2300,0
0,2300,0
0,2300,0
0,2301,0
0,2199,0
0,2300,0
0,2499,0
0,2301,0
0,2300,0
0,2400,0
0,2300,0
0,2299,0
0,2300,0
0,2300,0
0,2301,0
0,2300,0
0,2299,0
0,2300,0
0,2299,0
0,2501,0
0,7800,0
0,2299,0
0,2201,0
0,2300,0
0,2301,0
0,2300,0
0,2299,0
0,2300,0
0,2200,0
0,2301,0
0,2200,0
0,2300,0
0,2300,0
0,2299,0
0,2301,0
0,2300,0
0,2301,0
0,2200,0
0,2301,0
0,2200,0
0,2199,0
0,2300,0
0,2299,0
0,2301,0
0,2200,0
0,2300,0
0,2200,0
0,2199,0
0,2201,0
0,2300,0
0,2301,0
0,2300,0
0,2299,0
0,2300,0
0,2300,0
0,2301,0
0,2300,0
0,2299,0
0,2300,0
0,2300,0
0,2301,0
0,2300,0
0,2300,0
0,2300,0
0,2299,0
0,2301,0
0,2300,0
0,2301,0
0,2200,0
0,2299,0
0,2200,0
0,2300,0
0,2201,0
0,2200,0
0,2299,0
0,2300,0
0,2299,0
0,2301,0
0,2300,0
0,2200,0
0,2300,0
0,2199,0
0,2300,0
0,2300,0
0,2201,0
0,2300,0
0,2299,0
0,2200,0
0,2299,0
0,2301,0
0,2400,0
0,2300,0
0,2300,0
0,2299,0
0,2301,0
0,2300,0
0,2301,0
0,2300,0
0,2299,0
0,2300,0
0,2200,0
0,2301,0
0,2400,0
0,3300,0
0,17800,0
0,3901,0
0,4400,0
0,4401,0
0,2199,0
0,2300,0
0,2301,0
0,2300,0
0,2299,0
0,2200,0
0,2299,0
0,2301,0
0,2300,0
0,2299,0
0,2300,0
0,2301,0
0,2300,0
0,2301,0
0,2300,0
0,2299,0
0,2200,0
0,2300,0
0,2301,0
0,2300,0
0,2299,0
0,2300,0
0,2299,0
0,2300,0
0,2300,0
0,2301,0
0,2300,0
0,2300,0
0,2300,0
0,2300,0
0,2199,0
0,2301,0
0,2200,0
0,2301,0
0,2200,0
0,2300,0
0,2200,0
0,2399,0
0,2301,0
0,2300,0
0,2301,0
0,2300,0
0,2199,0
0,2300,0
0,2200,0
0,2301,0
0,2300,0
0,2400,0
0,2200,0
0,2300,0
0,2299,0
0,2200,0
0,2200,0
0,2301,0
0,2300,0
0,2299,0
0,2200,0
0,2200,0
0,2601,0
0,2300,0
0,2301,0
0,2300,0
0,2199,0
0,2200,0
0,2399,0
0,2301,0
0,2200,0
0,2301,0
0,2300,0
0,2199,0
0,2200,0
0,2300,0
0,2301,0
0,2300,0
0,2299,0
0,2300,0
0,2200,0
0,2301,0
0,2300,0
0,2301,0
0,2200,0
0,2301,0
0,2300,0
0,2199,0
0,2300,0
0,2300,0
0,2301,0
0,2300,0
0,2199,0
0,2300,0
0,3400,0
0,3100,0
0,3200,0
0,3101,0
0,3099,0
0,3100,0
0,3100,0
0,3100,0
0,3100,0
0,3100,0
0,3100,0
0,3100,0
0,3100,0
0,3301,0
0,3599,0
0,3700,0
0,4001,0
0,4000,0
0,3899,0
0,3900,0
0,3901,0
0,4200,0
0,3899,0
0,3900,0
0,4101,0
0,4700,0
0,5000,0
0,3799,0
0,3699,0
0,3100,0
0,3901,0
0,3900,0
0,3999,0
0,4000,0
0,4101,0
0,3600,0
0,3899,0
0,3700,0
0,4000,0
0,4100,0
0,3700,0
0,2301,0
0,2300,0
0,2199,0
0,3699,0
0,3600,0
0,4000,0
0,4000,0
0,3799,0
0,4000,0
0,4101,0
0,4000,0
0,3699,0
0,4001,0
0,4300,0
0,4500,0
0,2300,0
0,2299,0
0,2400,0
0,2599,0
0,3699,0
0,3900,0
0,4101,0
0,3700,0
0,4199,0
0,4000,0
0,4200,0
0,3900,0
0,4099,0
0,3000,0
0,2199,0
0,2500,0
0,2199,0
0,2201,0
0,2200,0
0,2300,0
0,2200,0
0,2199,0
0,2201,0
0,2300,0
0,2201,0
0,2300,0
0,2299,0
0,2300,0
0,2300,0
0,2301,0
0,2200,0
0,2199,0
0,2300,0
0,2299,0
0,2301,0
0,2200,0
0,2200,0
0,2200,0
0,2200,0
0,2200,0
0,2199,0
0,2301,0
0,2200,0
0,2401,0
0,2200,0
0,2299,0
0,2300,0
0,2299,0
0,2301,0
0,2300,0
0,2300,0
0,2300,0
0,2299,0
0,2301,0
0,2200,0
0,2600,0
0,2299,0
0,2400,0
0,2299,0
0,2201,0
0,2200,0
0,3800,0
0,4000,0
0,4200,0
0,2300,0
0,2199,0
0,2300,0
0,2300,0
0,2301,0
0,2300,0
0,2301,0
0,2300,0
0,2301,0
0,2300,0
0,2299,0
0,2300,0
0,2300,0
0,2300,0
0,2199,0
0,2401,0
0,2299,0
0,2301,0
0,2300,0
0,2300,0
0,2300,0
0,2299,0
0,2300,0
0,2300,0
0,2201,0
0,2300,0
0,2201,0
0,2400,0
0,2301,0
0,2300,0
0,2199,0
0,2301,0
0,2300,0
0,2301,0
0,2300,0
0,2299,0
0,2300,0
0,2299,0
0,2200,0
0,2300,0
0,2200,0
0,2401,0
0,2300,0
0,2301,0
0,2399,0
0,2300,0
0,2199,0
0,2201,0
0,2200,0
0,2401,0
0,3700,0
0,3901,0
0,3600,0
0,3899,0
0,3000,0
0,3000,0
0,4101,0
0,4000,0
0,3500,0
0,3601,0
0,4399,0
0,3799,0
0,2400,0
0,2200,0
0,2301,0
0,2200,0
0,2301,0
0,2300,0
0,2299,0
0,2400,0
0,2299,0
0,2300,0
0,2300,0
0,2301,0
0,4100,0
0,3799,0
0,5299,0
0,3401,0
0,4000,0
0,3999,0
0,4400,0
0,4401,0
0,4300,0
0,3699,0
0,2200,0
0,2300,0
0,2301,0
0,2200,0
0,2199,0
0,2300,0
0,2299,0
0,2301,0
0,2300,0
0,2801,0
0,2301,0
0,2300,0
0,2401,0
0,2300,0
0,2400,0
0,2300,0
0,2199,0
0,2301,0
0,2200,0
0,2201,0
0,2300,0
0,2299,0
0,2300,0
0,2300,0
0,2301,0
0,4399,0
0,3900,0
0,3800,0
0,4500,0
0,3999,0
0,4000,0
0,4201,0
0,4400,0
0,5200,0
0,5100,0
0,4500,0
0,4600,0
0,4699,0
0,4699,0
0,5000,0
0,4701,0
0,3901,0
0,4500,0
0,4700,0
0,4499,0
0,4700,0
0,4701,0
0,4500,0
0,4599,0
0,4899,0
0,5000,0
0,4301,0
0,3301,0
0,3699,0
0,3700,0
0,3800,0
0,3699,0
0,4100,0
0,4001,0
0,3601,0
0,4500,0
0,4600,0
0,4099,0
0,4399,0
0,4300,0
0,4401,0
0,4300,0
0,4399,0
0,4400,0
0,4401,0
0,4500,0
0,4599,0
0,5200,0
0,4400,0
0,4399,0
0,4500,0
0,4501,0
0,4500,0
0,4399,0
0,4500,0
0,4401,0
0,4300,0
0,4499,0
0,4600,0
0,4600,0
0,3901,0
0,4001,0
0,4200,0
0,4199,0
0,4499,0
0,4499,0
0,4799,0
0,4899,0
0,4800,0
0,4601,0
0,4900,0
0,4700,0
0,4499,0
0,4499,0
0,4400,0
0,4700,0
0,4700,0
0,4900,0
0,5300,0
0,4999,0
0,4600,0
0,4601,0
0,4600,0
0,4500,0
0,4499,0
0,4601,0
0,8200,0
0,4900,0
0,3399,0
0,3100,0
0,3099,0
0,3200,0
0,3201,0
0,3099,0
0,3001,0
0,3099,0
0,3000,0
0,3100,0
0,3300,0
0,3001,0
0,3299,0
0,3101,0
0,3099,0
0,3199,0
0,3000,0
0,3300,0
0,3100,0
0,3101,0
0,3099,0
0,3100,0
0,3000,0
0,3100,0
0,3101,0
0,3099,0
0,3001,0
0,3099,0
0,3100,0
0,3000,0
0,3000,0
0,3101,0
0,3199,0
0,3500,0
0,3000,0
0,3000,0
0,3000,0
0,3101,0
0,2999,0
0,3000,0
0,3099,0
0,3000,0
0,3001,0
0,3199,0
0,3101,0
0,2999,0
0,3000,0
0,3100,0
0,3000,0
0,3000,0
0,3100,0
0,3000,0
0,3001,0
0,3199,0
0,3001,0
0,3099,0
0,3000,0
0,3100,0
0,3300,0
0,3001,0
0,2999,0
0,3100,0
0,3100,0
0,3000,0
0,3001,0
0,3099,0
0,3000,0
0,3000,0
0,3000,0
0,3000,0
0,3100,0
0,3001,0
0,2999,0
0,3000,0
0,3900,0
0,3799,0
0,3000,0
0,3000,0
0,3100,0
0,3101,0
0,2999,0
0,3000,0
0,3000,0
0,3000,0
0,3000,0
0,3000,0
0,3401,0
0,3099,0
0,3000,0
0,3200,0
0,3100,0
0,3001,0
0,3099,0
0,3000,0
0,3100,0
0,3100,0
0,3000,0
0,3099,0
0,3001,0
0,3099,0
0,3100,0
0,3100,0
0,3100,0
0,3000,0
0,3000,0
0,3001,0
0,3000,0
0,3101,0
0,2999,0
0,3000,0
0,3000,0
0,3000,0
0,3001,0
0,3099,0
0,4899,0
0,3101,0
0,2999,0
0,3000,0
0,3100,0
0,3200,0
0,3001,0
0,2999,0
0,3000,0
0,3000,0
0,3000,0
0,3001,0
0,3099,0
0,3199,0
0,3200,0
0,3101,0
0,3099,0
0,3000,0
0,2999,0
0,3000,0
0,3000,0
0,3100,0
0,3001,0
0,3099,0
0,3100,0
0,3000,0
0,3099,0
0,3200,0
0,3001,0
0,3099,0
0,3001,0
0,2999,0
0,3100,0
0,3100,0
0,3100,0
0,3001,0
0,2999,0
0,3200,0
0,3100,0
0,3100,0
0,3101,0
0,2999,0
0,3101,0
0,2999,0
0,3000,0
0,3000,0
0,3000,0
0,3001,0
0,3099,0
0,3000,0
0,3099,0
0,3000,0
0,3000,0
0,3100,0
0,3001,0
0,3000,0
0,3000,0
0,3001,0
0,3199,0
0,3000,0
0,3000,0
0,3100,0
0,3101,0
0,3099,0
0,3200,0
0,3101,0
0,3099,0
0,3100,0
0,3200,0
0,4400,0
0,3300,0
0,3100,0
0,3100,0
0,3101,0
0,2999,0
0,3100,0
0,2999,0
0,3000,0
0,3000,0
0,3000,0
0,3001,0
0,2999,0
0,3100,0
0,3100,0
0,3100,0
0,3100,0
0,3599,0
0,3900,0
0,3500,0
0,3100,0
0,3100,0
0,3201,0
0,2999,0
0,3101,0
0,3099,0
0,3100,0
0,3000,0
0,3000,0
0,3001,0
0,2999,0
0,3000,0
0,3100,0
0,3000,0
0,3101,0
0,3199,0
0,3101,0
0,2999,0
0,3100,0
0,3100,0
0,3000,0
0,3101,0
0,2999,0
0,3000,0
0,3100,0
0,3100,0
0,3001,0
0,3000,0
0,3101,0
0,3099,0
0,3100,0
0,3100,0
0,3300,0
0,3101,0
0,3100,0
0,3501,0
0,3099,0
0,3000,0
0,3100,0
0,3000,0
0,3000,0
0,3001,0
0,2999,0
0,3000,0
0,3000,0
0,3100,0
0,3101,0
0,3100,0
0,3101,0
0,3099,0
0,3000,0
0,3000,0
0,3100,0
0,3101,0
0,2999,0
0,3001,0
0,3099,0
0,3000,0
0,3000,0
0,3100,0
0,3199,0
0,3200,0
0,3200,0
0,3000,0
0,3000,0
0,3100,0
0,3001,0
0,3099,0
0,3101,0
0,2999,0
0,3000,0
0,3000,0
0,3100,0
0,3001,0
0,3099,0
0,3100,0
0,3100,0
0,3100,0
0,3101,0
0,3000,0
0,3101,0
0,2999,0
0,3100,0
0,3100,0
0,3100,0
0,3000,0
0,3100,0
0,3001,0
0,3099,0
0,3100,0
0,3000,0
0,3000,0
0,3100,0
0,3100,0
0,3001,0
0,2999,0
0,3100,0
0,3099,0
0,3200,0
0,3100,0
0,3100,0
0,3101,0
0,3101,0
0,3200,0
0,3100,0
0,3101,0
0,3000,0
0,3001,0
0,2999,0
0,3000,0
0,3100,0
0,3100,0
0,3001,0
0,3099,0
0,3000,0
0,3000,0
0,3000,0
0,3101,0
0,3100,0
0,3101,0
0,3000,0
0,3100,0
0,3101,0
0,3100,0
0,3000,0
0,3200,0
0,3100,0
0,3101,0
0,3099,0
0,3001,0
0,3099,0
0,3200,0
0,3100,0
0,3000,0
0,3099,0
0,3200,0
0,3100,0
0,3400,0
0,3100,0
0,3001,0
0,3099,0
0,3100,0
0,3000,0
0,3000,0
0,3101,0
0,3200,0
0,3001,0
0,3099,0
0,3000,0
0,3000,0
0,3200,0
0,3100,0
0,3100,0
0,3000,0
0,3100,0
0,3101,0
0,3101,0
0,2999,0
0,3100,0
0,3100,0
0,3100,0
0,3101,0
0,3000,0
0,3001,0
0,3099,0
0,3101,0
0,3099,0
0,3000,0
0,3100,0
0,3100,0
0,3001,0
0,3000,0
0,3101,0
0,3699,0
0,3600,0
0,3501,0
0,3599,0
0,3500,0
0,3100,0
0,3100,0
0,3000,0
0,3100,0
0,3001,0
0,2999,0
0,3101,0
0,3099,0
0,3000,0
0,4600,0
0,3099,0
0,3100,0
0,3000,0
0,3000,0
0,3001,0
0,2999,0
0,3100,0
0,2999,0
0,3000,0
0,3100,0
0,3000,0
0,3001,0
0,3099,0
0,3000,0
0,3099,0
0,3000,0
0,3100,0
0,3000,0
0,3100,0
0,3300,0
0,3201,0
0,3299,0
0,3301,0
0,3700,0
0,3100,0
0,3300,0
0,3100,0
0,3201,0
0,3199,0
0,3000,0
0,3200,0
0,3200,0
0,3200,0
0,3200,0
0,3101,0
0,3099,0
0,3001,0
0,2999,0
0,3000,0
0,3100,0
0,3200,0
0,3101,0
0,3000,0
0,3101,0
0,2999,0
0,3100,0
0,3099,0
0,3000,0
0,3100,0
0,3000,0
0,3001,0
0,3099,0
0,3001,0
0,2999,0
0,3200,0
0,3000,0
0,3100,0
0,3101,0
0,3099,0
0,3001,0
0,2999,0
0,3100,0
0,3101,0
0,2999,0
0,3000,0
0,2999,0
0,3200,0
0,3100,0
0,3101,0
0,3099,0
0,3100,0
0,3099,0
0,3100,0
0,3100,0
0,3000,0
0,3201,0
0,3000,0
0,3001,0
0,2999,0
0,3100,0
0,3100,0
0,3100,0
0,3100,0
0,3100,0
0,3101,0
0,3099,0
0,3701,0
0,4000,0
0,3699,0
0,3601,0
0,3900,0
0,3000,0
0,3001,0
0,2999,0
0,3101,0
0,2999,0
0,3000,0
0,3100,0
0,3100,0
0,3101,0
0,3199,0
0,3100,0
0,3100,0
0,3100,0
0,3101,0
0,3099,0
0,3101,0
0,3099,0
0,3000,0
0,3000,0
0,3100,0
0,3101,0
0,3100,0
0,3100,0
0,3000,0
0,3101,0
0,2999,0
0,3000,0
0,3100,0
0,3101,0
0,2999,0
0,3200,0
0,3100,0
0,3101,0
0,3099,0
0,3100,0
0,3000,0
0,3000,0
0,3100,0
0,3000,0
0,3001,0
0,2999,0
0,3000,0
0,3100,0
0,3100,0
0,3101,0
0,3000,0
0,3101,0
0,2999,0
0,3000,0
0,3000,0
0,3099,0
0,3101,0
0,3000,0
0,3001,0
0,3000,0
0,3001,0
0,2899,0
0,2999,0
0,3100,0
0,3100,0
0,3000,0
0,2901,0
0,3800,0
0,3099,0
0,3100,0
0,3000,0
0,3100,0
0,3100,0
0,3000,0
0,3001,0
0,2999,0
0,3000,0
0,3100,0
0,3100,0
0,3101,0
0,3099,0
0,3100,0
0,2999,0
0,3000,0
0,3100,0
0,3101,0
0,3099,0
0,3000,0
0,2999,0
0,3000,0
0,3000,0
0,3100,0
0,3101,0
0,3100,0
0,3101,0
0,9099,0
0,5701,0
0,4300,0
0,3899,0
0,3800,0
0,3701,0
0,4000,0
0,4100,0
0,3801,0
0,3900,0
0,4099,0
0,3600,0
0,3700,0
0,3599,0
0,4000,0
0,3600,0
0,3699,0
0,3800,0
0,4100,0
0,3999,0
0,3800,0
0,3801,0
0,4000,0
0,4099,0
0,4000,0
0,3701,0
0,3999,0
0,4000,0
0,3401,0
0,3700,0
0,3700,0
0,3401,0
0,2999,0
0,2901,0
0,2899,0
0,3500,0
0,3900,0
0,11199,0
0,4100,0
0,2900,0
0,3200,0
0,4499,0
0,4000,0
0,3900,0
0,3999,0
0,3800,0
0,4000,0
0,4099,0
0,4000,0
0,4001,0
0,3900,0
0,3899,0
0,4000,0
0,4101,0
0,4000,0
0,3999,0
0,3800,0
0,4000,0
0,3599,0
0,4100,0
0,4001,0
0,3500,0
0,2300,0
0,2199,0
0,3201,0
0,3900,0
0,3899,0
0,4100,0
0,4100,0
0,4400,0
0,2700,0
0,2299,0
0,3501,0
0,3900,0
0,3800,0
0,4201,0
0,4100,0
0,4301,0
0,4300,0
0,4099,0
0,3700,0
0,3800,0
0,3199,0
0,3100,0
0,3200,0
0,3400,0
0,4201,0
0,4200,0
0,4199,0
0,4100,0
0,4300,0
0,4300,0
0,4199,0
0,4100,0
0,4201,0
0,4300,0
0,4199,0
0,4401,0
0,4200,0
0,3799,0
0,4100,0
0,4100,0
0,4199,0
0,4400,0
0,4301,0
0,4300,0
0,4199,0
0,4400,0
0,4200,0
0,4200,0
0,4200,0
0,4300,0
0,4201,0
0,4000,0
0,4199,0
0,4000,0
0,4100,0
0,4399,0
0,3900,0
0,3701,0
0,4100,0
0,4200,0
0,4301,0
0,4300,0
0,4299,0
0,4200,0
0,4300,0
0,4199,0
0,4100,0
0,4201,0
0,4200,0
0,4299,0
0,4400,0
0,20200,0
0,7600,0
0,5601,0
0,4300,0
0,4100,0
0,4000,0
0,4001,0
0,4000,0
0,3899,0
0,4200,0
0,4299,0
0,6500,0
0,3500,0
0,3801,0
0,3299,0
0,3000,0
0,3000,0
0,3000,0
0,3000,0
0,3000,0
0,3101,0
0,4299,0
0,4500,0
0,4301,0
0,4300,0
0,4299,0
0,4400,0
0,3100,0
0,2900,0
0,3001,0
0,2899,0
0,4300,0
0,3200,0
0,3000,0
0,3101,0
0,2900,0
0,3101,0
0,4301,0
0,4400,0
0,76900,0
0,7600,0
0,3801,0
0,3400,0
0,3000,0
0,3200,0
0,3000,0
0,3001,0
0,2900,0
0,3501,0
0,3899,0
0,3800,0
0,4001,0
0,4000,0
0,4399,0
0,4300,0
0,4000,0
0,3799,0
0,4300,0
0,4201,0
0,4000,0
0,4299,0
0,3701,0
0,3901,0
0,3399,0
0,3600,0
0,3600,0
0,3899,0
0,3700,0
0,3500,0
0,3499,0
0,3500,0
0,3900,0
0,3799,0
0,3901,0
0,3500,0
0,3500,0
0,3801,0
0,4100,0
0,3400,0
0,3301,0
0,3499,0
0,3200,0
0,3300,0
0,3700,0
0,3301,0
0,3299,0
0,3500,0
0,3600,0
0,3999,0
0,4200,0
0,4101,0
0,4100,0
0,4000,0
0,4101,0
0,4000,0
0,3899,0
0,3100,0
0,4000,0
0,3999,0
0,4100,0
0,4100,0
0,4099,0
0,4100,0
0,4101,0
0,4200,0
0,4099,0
0,4200,0
0,4100,0
0,3999,0
0,4100,0
0,4001,0
0,4300,0
0,3900,0
0,4199,0
0,4000,0
0,3901,0
0,4200,0
0,4199,0
0,4200,0
0,4099,0
0,4000,0
0,3901,0
0,3300,0
0,10700,0
0,4001,0
0,3400,0
0,3800,0
0,4199,0
0,8801,0
0,5999,0
0,4000,0
0,3400,0
0,3699,0
0,3901,0
0,3900,0
0,3600,0
0,3999,0
0,3800,0
0,3901,0
0,3699,0
0,4100,0
0,3801,0
0,3899,0
0,4200,0
0,4401,0
0,4100,0
0,4199,0
0,3901,0
0,8000,0
0,5601,0
0,4099,0
0,3800,0
0,3901,0
0,3800,0
0,3700,0
0,4001,0
0,3800,0
0,3799,0
0,4100,0
0,3900,0
0,3199,0
0,3301,0
0,3700,0
0,7300,0
0,5500,0
0,4201,0
0,12801,0
0,4200,0
0,2400,0
0,2301,0
0,2300,0
0,2199,0
0,2201,0
0,2200,0
0,2299,0
0,2200,0
0,2300,0
0,2301,0
0,4299,0
0,3601,0
0,4200,0
0,4399,0
0,2201,0
0,4199,0
0,4000,0
0,3601,0
0,3900,0
0,3799,0
0,4601,0
0,4200,0
0,4400,0
0,5100,0
0,4799,0
0,4000,0
0,3900,0
0,4701,0
0,4701,0
0,4600,0
0,4599,0
0,4800,0
0,4501,0
0,4600,0
0,4299,0
0,4099,0
0,4701,0
0,5100,0
0,5300,0
0,4400,0
0,4699,0
0,4400,0
0,4500,0
0,4600,0
0,4499,0
0,4501,0
0,4799,0
0,4900,0
0,4601,0
0,4500,0
0,4799,0
0,4400,0
0,4801,0
0,5000,0
0,4700,0
0,4699,0
0,4000,0
0,3701,0
0,3499,0
0,3600,0
0,3500,0
0,3999,0
0,3900,0
0,3300,0
0,3899,0
0,3900,0
0,3900,0
0,3799,0
0,3800,0
0,3600,0
0,3799,0
0,3400,0
0,3400,0
0,3999,0
0,4101,0
0,4100,0
0,3999,0
0,3700,0
0,3901,0
0,4300,0
0,2200,0
0,2201,0
0,2300,0
0,3300,0
0,3899,0
0,3301,0
0,3099,0
0,3200,0
0,3400,0
0,3100,0
0,3301,0
0,3300,0
0,3700,0
0,3601,0
0,3499,0
0,3600,0
0,3600,0
0,3200,0
0,3300,0
0,3400,0
0,3500,0
0,3801,0
0,3800,0
0,3900,0
0,3901,0
0,3700,0
0,3699,0
0,3201,0
0,3800,0
0,3900,0
0,3901,0
0,4100,0
0,4099,0
0,4000,0
0,3900,0
0,2200,0
0,2300,0
0,3000,0
0,4000,0
0,3100,0
0,3601,0
0,3800,0
0,4099,0
0,3800,0
0,3600,0
0,3699,0
0,3401,0
0,3700,0
0,3600,0
0,4001,0
0,3900,0
0,3700,0
0,3601,0
0,3600,0
0,4000,0
0,3701,0
0,3500,0
0,4200,0
0,3501,0
0,2200,0
0,3501,0
0,3799,0
0,3100,0
0,3099,0
0,3100,0
0,3100,0
0,3400,0
0,3001,0
0,3100,0
0,3500,0
0,3601,0
0,4000,0
0,3599,0
0,4200,0
0,4501,0
0,3300,0
0,2300,0
0,2299,0
0,2600,0
0,2399,0
0,2300,0
0,2499,0
0,2601,0
0,2799,0
0,2201,0
0,2600,0
0,2601,0
0,2600,0
0,2201,0
0,2400,0
0,2200,0
0,2400,0
0,2399,0
0,2600,0
0,2599,0
0,2801,0
0,4099,0
0,4000,0
0,3301,0
0,3300,0
0,3300,0
0,3201,0
0,4300,0
0,3799,0
0,3100,0
0,3500,0
0,3899,0
0,3301,0
0,3500,0
0,3900,0
0,3401,0
0,3600,0
0,3500,0
0,3501,0
0,4100,0
0,3400,0
0,3401,0
0,3700,0
0,3599,0
0,3301,0
0,3599,0
0,4299,0
0,2301,0
0,2300,0
0,2299,0
0,2300,0
0,2299,0
0,2301,0
0,2300,0
0,2299,0
0,2200,0
0,2299,0
0,2201,0
0,3000,0
0,3801,0
0,3299,0
0,3300,0
0,3300,0
0,3200,0
0,3300,0
0,3200,0
0,3401,0
0,3499,0
0,3300,0
0,3300,0
0,3200,0
0,3601,0
0,3499,0
0,3700,0
0,3701,0
0,3699,0
0,3600,0
0,3700,0
0,3499,0
0,3701,0
0,3700,0
0,3799,0
0,3801,0
0,3800,0
0,3400,0
0,3801,0
0,3600,0
0,3600,0
0,3601,0
0,3699,0
0,3800,0
0,3700,0
0,3699,0
0,3700,0
0,3700,0
0,3799,0
0,3800,0
0,3901,0
0,3800,0
0,4000,0
0,3401,0
0,3699,0
0,3200,0
0,3100,0
0,3300,0
0,3201,0
0,3299,0
0,3701,0
0,3600,0
0,3799,0
0,3701,0
0,3700,0
0,3499,0
0,3700,0
0,3400,0
0,3600,0
0,3301,0
0,3699,0
0,3800,0
0,3601,0
0,3899,0
0,3700,0
0,3701,0
0,3701,0
0,3600,0
0,4300,0
0,3400,0
0,2301,0
0,2300,0
0,3600,0
0,3800,0
0,3701,0
0,3800,0
0,3300,0
0,3701,0
0,3399,0
0,3600,0
0,4101,0
0,4200,0
0,2600,0
0,2300,0
0,4400,0
0,3801,0
0,4200,0
0,4099,0
0,4101,0
0,3700,0
0,2399,0
0,2301,0
0,2200,0
0,2200,0
0,4000,0
0,3801,0
0,4300,0
0,4199,0
0,4300,0
0,3701,0
0,3699,0
0,4200,0
0,4101,0
0,3800,0
0,4200,0
0,3401,0
0,4000,0
0,3900,0
0,3901,0
0,5200,0
0,4400,0
0,3800,0
0,3601,0
0,5100,0
0,4500,0
0,4499,0
0,4700,0
0,26301,0
0,8799,0
0,5001,0
0,4401,0
0,4200,0
0,4200,0
0,4201,0
0,4200,0
0,4200,0
0,4201,0
0,4100,0
0,4199,0
0,4201,0
0,4200,0
0,4199,0
0,4100,0
0,4201,0
0,4200,0
0,4100,0
0,4201,0
0,4200,0
0,4199,0
0,4101,0
0,4200,0
0,4301,0
0,4300,0
0,4199,0
0,4200,0
0,4200,0
0,4099,0
0,4100,0
0,4200,0
0,4199,0
0,4300,0
0,4201,0
0,4100,0
0,4199,0
0,4201,0
0,4100,0
0,4399,0
0,4200,0
0,4200,0
0,4199,0
0,4100,0
0,4201,0
0,4200,0
0,4200,0
0,4201,0
0,4200,0
0,4099,0
0,4101,0
0,4200,0
0,4199,0
0,4000,0
0,4100,0
0,4199,0
0,4200,0
0,4201,0
0,4200,0
0,4199,0
0,4201,0
0,4100,0
0,4199,0
0,4200,0
0,4200,0
0,4199,0
0,4200,0
0,4200,0
0,4200,0
0,4300,0
0,4200,0
0,4199,0
0,4200,0
0,4201,0
0,4200,0
0,4200,0
0,4301,0
0,4200,0
0,4199,0
0,4201,0
0,4200,0
0,4199,0
0,4200,0
0,4200,0
0,4299,0
0,4200,0
0,4201,0
0,4300,0
0,4200,0
0,4101,0
0,4400,0
0,4199,0
0,4301,0
0,4200,0
0,4199,0
0,4200,0
0,4300,0
0,4199,0
0,4200,0
0,4200,0
0,4201,0
0,4200,0
0,4100,0
0,4201,0
0,4200,0
0,4199,0
0,4301,0
0,4200,0
0,4099,0
0,4200,0
0,4200,0
0,4299,0
0,4200,0
0,4201,0
0,4200,0
0,4200,0
0,4101,0
0,4200,0
0,4199,0
0,4301,0
0,4200,0
0,4199,0
0,4201,0
0,4200,0
0,4099,0
0,4300,0
0,4200,0
0,4099,0
0,4299,0
0,4301,0
0,4200,0
0,4199,0
0,4301,0
0,4200,0
0,4199,0
0,4200,0
0,4201,0
0,3899,0
0,4099,0
0,3800,0
0,3800,0
0,4399,0
0,3600,0
0,4100,0
0,3399,0
0,3800,0
0,3901,0
0,4300,0
0,4200,0
0,2401,0
0,2200,0
0,2199,0
0,2400,0
0,2200,0
0,4101,0
0,4000,0
0,4199,0
0,4300,0
0,3901,0
0,3799,0
0,4300,0
0,2201,0
0,2200,0
0,2299,0
0,2300,0
0,2299,0
0,3301,0
0,3800,0
0,4100,0
0,4201,0
0,3200,0
0,2300,0
0,2299,0
0,2301,0
0,2300,0
0,2199,0
0,2300,0
0,2300,0
0,2401,0
0,2300,0
0,2300,0
0,4200,0
0,4000,0
0,4199,0
0,4301,0
0,2799,0
0,2200,0
0,2300,0
0,2301,0
0,2300,0
0,2399,0
0,2300,0
0,2300,0
0,2301,0
0,2200,0
0,2299,0
0,2201,0
0,2200,0
0,2200,0
0,2200,0
0,2199,0
0,2201,0
0,2900,0
0,4101,0
0,3800,0
0,3900,0
0,4301,0
0,4600,0
0,3599,0
0,4100,0
0,4300,0
0,3899,0
0,4900,0
0,3801,0
0,4000,0
0,4200,0
0,4201,0
0,4300,0
0,4099,0
0,4200,0
0,4100,0
0,3699,0
0,2300,0
0,3899,0
0,3700,0
0,4000,0
0,3999,0
0,4000,0
0,4200,0
0,4300,0
0,4099,0
0,4200,0
0,4200,0
0,4199,0
0,4300,0
0,4301,0
0,4100,0
0,4299,0
0,4301,0
0,4200,0
0,4199,0
0,4400,0
0,4101,0
0,4200,0
0,4199,0
0,4301,0
0,4100,0
0,4299,0
0,4400,0
0,4400,0
0,4300,0
0,4000,0
0,4001,0
0,4300,0
0,4099,0
0,4301,0
0,4300,0
0,4299,0
0,4300,0
0,4201,0
0,4300,0
0,4200,0
0,4401,0
0,4300,0
0,4199,0
0,4300,0
0,4300,0
0,4299,0
0,4300,0
0,4101,0
0,3699,0
0,4100,0
0,4101,0
0,4100,0
0,3900,0
0,4201,0
0,3800,0
0,4299,0
0,4401,0
0,4300,0
0,4299,0
0,4401,0
0,4300,0
0,4199,0
0,4300,0
0,4301,0
0,4300,0
0,4399,0
0,4001,0
0,4300,0
0,4500,0
0,4201,0
0,4400,0
0,4200,0
0,3801,0
0,4100,0
0,3999,0
0,4100,0
0,3600,0
0,2200,0
0,2299,0
0,2200,0
0,4100,0
0,4199,0
0,3101,0
0,4100,0
0,4199,0
0,2601,0
0,2300,0
0,2200,0
0,2300,0
0,3299,0
0,4000,0
0,3901,0
0,4100,0
0,4000,0
0,4201,0
0,4200,0
0,4299,0
0,4000,0
0,4200,0
0,2300,0
0,2201,0
0,2300,0
0,2299,0
0,9800,0
0,2400,0
0,2301,0
0,4199,0
0,3801,0
0,4100,0
0,4099,0
0,3900,0
0,3901,0
0,4000,0
0,3801,0
0,4200,0
0,4199,0
0,4201,0
0,3900,0
0,3799,0
0,4301,0
0,4301,0
0,4100,0
0,4000,0
0,4001,0
0,4000,0
0,4099,0
0,4101,0
0,4200,0
0,4099,0
0,3800,0
0,3999,0
0,3901,0
0,4200,0
0,4199,0
0,4100,0
0,4500,0
0,3899,0
0,4000,0
0,4101,0
0,4300,0
0,3900,0
0,4201,0
0,4200,0
0,3899,0
0,3801,0
0,4200,0
0,4199,0
0,3500,0
0,2199,0
0,2201,0
0,2300,0
0,2299,0
0,2300,0
0,2300,0
0,2201,0
0,2400,0
0,2299,0
0,2301,0
0,2200,0
0,2200,0
0,2300,0
0,3600,0
0,3999,0
0,4000,0
0,3900,0
0,3899,0
0,3900,0
0,4000,0
0,3899,0
0,3900,0
0,4100,0
0,3999,0
0,3900,0
0,4101,0
0,4000,0
0,3900,0
0,3801,0
0,4000,0
0,3900,0
0,3901,0
0,3999,0
0,3600,0
0,4700,0
0,3900,0
0,4100,0
0,3901,0
0,4100,0
0,4200,0
0,3901,0
0,3800,0
0,3899,0
0,3601,0
0,3400,0
0,3700,0
0,3901,0
0,3899,0
0,3900,0
0,4101,0
0,4200,0
0,4200,0
0,4001,0
0,4200,0
0,4300,0
0,4301,0
0,4300,0
0,4399,0
0,4301,0
0,4400,0
0,4299,0
0,4300,0
0,4300,0
0,4199,0
0,4201,0
0,4300,0
0,4300,0
0,19600,0
0,6900,0
0,4499,0
0,4100,0
0,3601,0
0,4199,0
0,3100,0
0,4000,0
0,4099,0
0,4200,0
0,4100,0
0,4099,0
0,4000,0
0,4101,0
0,3799,0
0,4200,0
0,4100,0
0,3999,0
0,4300,0
0,4101,0
0,4100,0
0,3900,0
0,4001,0
0,4000,0
0,4099,0
0,4101,0
0,4000,0
0,4199,0
0,4000,0
0,4200,0
0,4099,0
0,4000,0
0,4001,0
0,4300,0
0,4200,0
0,3501,0
0,3999,0
0,4100,0
0,4200,0
0,4099,0
0,4100,0
0,4201,0
0,4100,0
0,4099,0
0,4101,0
0,4200,0
0,4099,0
0,4201,0
0,4201,0
0,3499,0
0,4400,0
0,3901,0
0,4000,0
0,4200,0
0,4001,0
0,4200,0
0,4099,0
0,4101,0
0,4100,0
0,4199,0
0,4200,0
0,4000,0
0,4099,0
0,4000,0
0,4001,0
0,4101,0
0,4000,0
0,4100,0
0,4001,0
0,4100,0
0,4199,0
0,4100,0
0,4200,0
0,3999,0
0,9700,0
0,4200,0
0,3800,0
0,3901,0
0,3899,0
0,3800,0
0,3900,0
0,3899,0
0,3901,0
0,3900,0
0,4000,0
0,4099,0
0,4200,0
0,4100,0
0,4199,0
0,4100,0
0,4101,0
0,4200,0
0,4100,0
0,4201,0
0,4000,0
0,4199,0
0,4101,0
0,4200,0
0,3999,0
0,4200,0
0,3999,0
0,4001,0
0,4100,0
0,4199,0
0,4100,0
0,4100,0
0,3999,0
0,4100,0
0,4100,0
0,3899,0
0,4100,0
0,4001,0
0,4099,0
0,4000,0
0,4101,0
0,4100,0
0,3800,0
0,3701,0
0,4099,0
0,4100,0
0,4300,0
0,4100,0
0,4000,0
0,3901,0
0,3999,0
0,4100,0
0,3901,0
0,3999,0
0,4000,0
0,4201,0
0,4100,0
0,4000,0
0,4101,0
0,3900,0
0,4100,0
0,4101,0
0,4100,0
0,3999,0
0,4001,0
0,4200,0
0,4099,0
0,4100,0
0,4000,0
0,4099,0
0,4000,0
0,4100,0
0,4099,0
0,4200,0
0,4301,0
0,4100,0
0,4000,0
0,4099,0
0,4200,0
0,4199,0
0,4100,0
0,3600,0
0,4099,0
0,3901,0
0,4200,0
0,4199,0
0,4200,0
0,4101,0
0,4000,0
0,4200,0
0,4201,0
0,4100,0
0,4299,0
0,4100,0
0,4100,0
0,4199,0
0,4100,0
0,4200,0
0,4100,0
0,4100,0
0,4101,0
0,4000,0
0,4200,0
0,4101,0
0,4100,0
0,4099,0
0,4101,0
0,4100,0
0,4099,0
0,4201,0
0,4200,0
0,4099,0
0,4400,0
0,4001,0
0,3999,0
0,4200,0
0,4001,0
0,4200,0
0,3900,0
0,3701,0
0,4200,0
0,4000,0
0,4101,0
0,4300,0
0,4099,0
0,4001,0
0,4200,0
0,4199,0
0,4100,0
0,4000,0
0,4099,0
0,4101,0
0,4100,0
0,4099,0
0,4200,0
0,3800,0
0,3999,0
0,4200,0
0,4000,0
0,4199,0
0,4100,0
0,4200,0
0,3900,0
0,4100,0
0,4201,0
0,3900,0
0,4100,0
0,4001,0
0,3900,0
0,4099,0
0,4101,0
0,4200,0
0,3599,0
0,4100,0
0,4101,0
0,4199,0
0,4300,0
0,4101,0
0,4100,0
0,4000,0
0,4101,0
0,4200,0
0,3999,0
0,4101,0
0,4200,0
0,4100,0
0,4300,0
0,4101,0
0,4200,0
0,4099,0
0,4201,0
0,4200,0
0,4099,0
0,4101,0
0,4300,0
0,4199,0
0,4100,0
0,4100,0
0,4199,0
0,4201,0
0,4100,0
0,4200,0
0,4200,0
0,4100,0
0,4001,0
0,4100,0
0,3999,0
0,4101,0
0,4100,0
0,4199,0
0,4200,0
0,3900,0
0,4299,0
0,4100,0
0,4000,0
0,4199,0
0,4100,0
0,4101,0
0,4099,0
0,4000,0
0,4301,0
0,4100,0
0,4100,0
0,4201,0
0,4200,0
0,4199,0
0,4001,0
0,4100,0
0,4299,0
0,4100,0
0,4300,0
0,4099,0
0,4100,0
0,4101,0
0,4100,0
0,4299,0
0,4201,0
0,4100,0
0,4299,0
0,4100,0
0,4101,0
0,4100,0
0,4201,0
0,4100,0
0,4100,0
0,4101,0
0,4100,0
0,4200,0
0,4101,0
0,4200,0
0,4000,0
0,4300,0
0,4199,0
0,4000,0
0,4200,0
0,12000,0
0,4200,0
0,4101,0
0,4100,0
0,4199,0
0,4100,0
0,4100,0
0,3999,0
0,4000,0
0,4101,0
0,4000,0
0,4100,0
0,3901,0
0,3900,0
0,3800,0
0,4101,0
0,4000,0
0,4099,0
0,4200,0
0,4000,0
0,3999,0
0,3900,0
0,4201,0
0,4000,0
0,4399,0
0,4301,0
0,4100,0
0,4199,0
0,4200,0
0,4100,0
0,4099,0
0,4200,0
0,4301,0
0,4200,0
0,4200,0
0,4001,0
0,4300,0
0,4199,0
0,4201,0
0,4200,0
0,4099,0
0,4300,0
0,4000,0
0,4099,0
0,4300,0
0,4001,0
0,4300,0
0,3899,0
0,4001,0
0,4100,0
0,3700,0
0,4201,0
0,4200,0
0,4099,0
0,4301,0
0,4100,0
0,4199,0
0,4100,0
0,4100,0
0,4199,0
0,3700,0
0,4100,0
0,3999,0
0,3800,0
0,4200,0
0,3799,0
0,4000,0
0,4100,0
0,4099,0
0,4200,0
0,4401,0
0,4100,0
0,4000,0
0,4101,0
0,4000,0
0,4099,0
0,4201,0
0,3800,0
0,4199,0
0,4101,0
0,4200,0
0,4199,0
0,4100,0
0,4100,0
0,4099,0
0,4300,0
0,4001,0
0,4000,0
0,4100,0
0,4101,0
0,4200,0
0,3999,0
0,4201,0
0,4100,0
0,3999,0
0,4100,0
0,4300,0
0,3700,0
0,4300,0
0,4201,0
0,4200,0
0,4100,0
0,3601,0
0,4200,0
0,4100,0
0,4201,0
0,4000,0
0,4199,0
0,4201,0
0,4100,0
0,4199,0
0,4100,0
0,4301,0
0,4200,0
0,4099,0
0,4201,0
0,4100,0
0,4099,0
0,4300,0
0,4000,0
0,4199,0
0,4000,0
0,4200,0
0,3999,0
0,4100,0
0,4101,0
0,4000,0
0,4100,0
0,3901,0
0,4300,0
0,4099,0
0,4001,0
0,4100,0
0,3999,0
0,4200,0
0,3900,0
0,4199,0
0,4100,0
0,4300,0
0,4200,0
0,4100,0
0,4101,0
0,4100,0
0,4000,0
0,4201,0
0,4000,0
0,4199,0
0,4001,0
0,4200,0
0,4100,0
0,4201,0
0,4200,0
0,4099,0
0,4401,0
0,4100,0
0,4199,0
0,3900,0
0,4100,0
0,4199,0
0,4100,0
0,4201,0
0,4100,0
0,4200,0
0,4001,0
0,4800,0
0,4200,0
0,4099,0
0,4100,0
0,3901,0
0,4099,0
0,4000,0
0,4101,0
0,3800,0
0,4199,0
0,3901,0
0,3900,0
0,3999,0
0,4101,0
0,3500,0
0,4000,0
0,3901,0
0,4200,0
0,3999,0
0,4001,0
0,3900,0
0,3999,0
0,4001,0
0,4000,0
0,4099,0
0,4201,0
0,4100,0
0,3899,0
0,12801,0
0,8399,0
0,5100,0
0,4201,0
0,4300,0
0,3900,0
0,3801,0
0,5300,0
0,4100,0
0,4099,0
0,4000,0
0,4101,0
0,4200,0
0,3800,0
0,3801,0
0,4200,0
0,4301,0
0,4100,0
0,4099,0
0,3301,0
0,4100,0
0,3999,0
0,4201,0
0,4000,0
0,3999,0
0,4201,0
0,4000,0
0,3999,0
0,4001,0
0,4000,0
0,3999,0
0,4100,0
0,4000,0
0,4099,0
0,4200,0
0,3999,0
0,4001,0
0,4001,0
0,4100,0
0,4099,0
0,3801,0
0,4000,0
0,4100,0
0,4101,0
0,4500,0
0,4099,0
0,4000,0
0,4100,0
0,4100,0
0,4200,0
0,4100,0
0,4099,0
0,4100,0
0,3900,0
0,4099,0
0,4200,0
0,4001,0
0,4200,0
0,3600,0
0,4200,0
0,4000,0
0,4199,0
0,3900,0
0,4200,0
0,4100,0
0,4100,0
0,4101,0
0,4000,0
0,4100,0
0,4001,0
0,4100,0
0,4299,0
0,4101,0
0,4400,0
0,3999,0
0,4101,0
0,4000,0
0,3999,0
0,4200,0
0,4100,0
0,3999,0
0,3900,0
0,4100,0
0,3899,0
0,3900,0
0,4100,0
0,4099,0
0,4100,0
0,4100,0
0,4099,0
0,4100,0
0,4000,0
0,3799,0
0,4101,0
0,4100,0
0,3899,0
0,23301,0
0,8400,0
0,4999,0
0,4101,0
0,4000,0
0,4399,0
0,4200,0
0,4000,0
0,4399,0
0,4900,0
0,4701,0
0,5000,0
0,4500,0
0,3999,0
0,2500,0
0,2300,0
0,2299,0
0,2301,0
0,2300,0
0,2199,0
0,2201,0
0,2300,0
0,2199,0
0,2300,0
0,2200,0
0,2301,0
0,2200,0
0,2199,0
0,2201,0
0,2200,0
0,2199,0
0,2901,0
0,3799,0
0,3600,0
0,3500,0
0,3100,0
0,2901,0
0,2900,0
0,2900,0
0,2900,0
0,2900,0
0,3000,0
0,3000,0
0,2900,0
0,4200,0
0,3600,0
0,3901,0
0,2999,0
0,2900,0
0,2999,0
0,3001,0
0,2999,0
0,3001,0
0,2899,0
0,3301,0
0,4199,0
0,3000,0
0,3700,0
0,4799,0
0,3801,0
0,4100,0
0,3499,0
0,2301,0
0,2200,0
0,2199,0
0,2300,0
0,2200,0
0,2300,0
0,2301,0
0,2200,0
0,2299,0
0,2201,0
0,2300,0
0,2299,0
0,2200,0
0,2300,0
0,2301,0
0,2500,0
0,2299,0
0,2201,0
0,2300,0
0,2199,0
0,2301,0
0,2300,0
0,10700,0
0,2300,0
0,2299,0
0,2201,0
0,2199,0
0,2301,0
0,2300,0
0,2300,0
0,3200,0
0,3600,0
0,3100,0
0,3001,0
0,2900,0
0,2901,0
0,2900,0
0,2900,0
0,2900,0
0,2900,0
0,3000,0
0,3000,0
0,3100,0
0,4200,0
0,3200,0
0,43201,0
0,3801,0
0,3699,0
0,4100,0
0,3600,0
0,17100,0
0,7200,0
0,4400,0
0,4000,0
0,4000,0
0,3600,0
0,3900,0
0,3600,0
0,3601,0
0,3600,0
0,3700,0
0,3801,0
0,3599,0
0,3400,0
0,3600,0
0,3699,0
0,4001,0
0,3800,0
0,3899,0
0,3601,0
0,3700,0
0,3800,0
0,3801,0
0,3699,0
0,3001,0
0,2900,0
0,4001,0
0,4300,0
0,3700,0
0,3901,0
0,3800,0
0,3800,0
0,3401,0
0,3699,0
0,3200,0
0,4000,0
0,3900,0
0,4001,0
0,3900,0
0,3900,0
0,4001,0
0,4100,0
0,4299,0
0,4200,0
0,4100,0
0,3699,0
0,3500,0
0,3500,0
0,3500,0
0,3800,0
0,3499,0
0,3801,0
0,3700,0
0,3400,0
0,4100,0
0,3800,0
0,3899,0
0,4000,0
0,4001,0
0,4001,0
0,4200,0
0,3000,0
0,3201,0
0,3199,0
0,3401,0
0,3499,0
0,3800,0
0,3500,0
0,3400,0
0,3901,0
0,3900,0
0,4000,0
0,4301,0
0,2299,0
0,2201,0
0,2300,0
0,2299,0
0,2301,0
0,2200,0
0,2199,0
0,4100,0
0,3701,0
0,3999,0
0,3800,0
0,4100,0
0,4099,0
0,3300,0
0,2299,0
0,2201,0
0,2300,0
0,3100,0
0,2200,0
0,4000,0
0,3999,0
0,3901,0
0,3700,0
0,4000,0
0,3801,0
0,4100,0
0,4000,0
0,3701,0
0,4200,0
0,4100,0
0,3401,0
0,3999,0
0,3600,0
0,4200,0
0,2300,0
0,3400,0
0,3699,0
0,3901,0
0,4000,0
0,3499,0
0,2201,0
0,2300,0
0,2199,0
0,2301,0
0,2200,0
0,2299,0
0,2200,0
0,2800,0
0,4101,0
0,3900,0
0,3800,0
0,4201,0
0,4200,0
0,2200,0
0,2299,0
0,2201,0
0,2300,0
0,4000,0
0,3399,0
0,3001,0
0,3599,0
0,2901,0
0,3499,0
0,3001,0
0,3199,0
0,3601,0
0,3500,0
0,3100,0
0,3100,0
0,3200,0
0,3400,0
0,3300,0
0,4201,0
0,4400,0
0,2400,0
0,2299,0
0,2300,0
0,2300,0
0,2200,0
0,2300,0
0,2299,0
0,2201,0
0,2300,0
0,2199,0
0,2201,0
0,2300,0
0,2200,0
0,2200,0
0,2200,0
0,2301,0
0,2200,0
0,2199,0
0,3401,0
0,4000,0
0,3800,0
0,4401,0
0,2299,0
0,2301,0
0,2200,0
0,2199,0
0,2301,0
0,2200,0
0,2299,0
0,2200,0
0,2300,0
0,2200,0
0,2300,0
0,2200,0
0,2301,0
0,2300,0
0,2199,0
0,2301,0
0,2200,0
0,2299,0
0,2301,0
0,2400,0
0,2300,0
0,2200,0
0,2300,0
0,2201,0
0,2300,0
0,2199,0
0,2201,0
0,2300,0
0,2199,0
0,2301,0
0,2200,0
0,2199,0
0,2300,0
0,2899,0
0,4101,0
0,4000,0
0,3899,0
0,4201,0
0,4300,0
0,3400,0
0,3601,0
0,3799,0
0,4200,0
0,4300,0
0,2301,0
0,3899,0
0,3601,0
0,4400,0
0,4201,0
0,2499,0
0,2301,0
0,3799,0
0,3800,0
0,4200,0
0,4299,0
0,2400,0
0,2299,0
0,2301,0
0,2200,0
0,2299,0
0,2201,0
0,2200,0
0,2299,0
0,2300,0
0,2199,0
0,2301,0
0,2300,0
0,2199,0
0,2300,0
0,2200,0
0,2200,0
0,2300,0
0,2299,0
0,2201,0
0,2400,0
0,2199,0
0,2300,0
0,2300,0
0,2200,0
0,3400,0
0,3600,0
0,3899,0
0,3900,0
0,3800,0
0,3700,0
0,2900,0
0,4401,0
0,3699,0
0,3000,0
0,3900,0
0,3299,0
0,3900,0
0,3000,0
0,3001,0
0,3699,0
0,3601,0
0,3299,0
0,3400,0
0,4200,0
0,3999,0
0,3600,0
0,2199,0
0,2201,0
0,2200,0
0,2200,0
0,2300,0
0,4100,0
0,3600,0
0,3901,0
0,4199,0
0,3500,0
0,2199,0
0,2200,0
0,2200,0
0,2300,0
0,4100,0
0,3801,0
0,3899,0
0,4100,0
0,4101,0
0,4000,0
0,3600,0
0,3600,0
0,3699,0
0,4000,0
0,3700,0
0,3699,0
0,4000,0
0,4300,0
0,2800,0
0,2301,0
0,2300,0
0,2199,0
0,2201,0
0,2300,0
0,2199,0
0,2301,0
0,2300,0
0,2300,0
0,2200,0
0,2199,0
0,2201,0
0,2400,0
0,2301,0
0,2300,0
0,2301,0
0,2400,0
0,2201,0
0,2200,0
0,2299,0
0,2301,0
0,2200,0
0,2199,0
0,2300,0
0,2300,0
0,2200,0
0,2300,0
0,2300,0
0,2201,0
0,2300,0
0,4200,0
0,3700,0
0,3501,0
0,3699,0
0,3900,0
0,4000,0
0,3499,0
0,3701,0
0,3900,0
0,4099,0
0,4001,0
0,2499,0
0,2201,0
0,2200,0
0,2299,0
0,2300,0
0,2400,0
0,2301,0
0,2400,0
0,2299,0
0,2201,0
0,2300,0
0,2199,0
0,2200,0
0,2300,0
0,2200,0
0,2200,0
0,2200,0
0,2301,0
0,2300,0
0,2299,0
0,2201,0
0,2300,0
0,2299,0
0,2201,0
0,2200,0
0,2199,0
0,2301,0
0,2200,0
0,2399,0
0,2301,0
0,2300,0
0,2199,0
0,2200,0
0,2200,0
0,2201,0
0,2400,0
0,2199,0
0,2301,0
0,4099,0
0,3701,0
0,4201,0
0,4100,0
0,4400,0
0,2701,0
0,2200,0
0,2199,0
0,2301,0
0,2300,0
0,2199,0
0,2300,0
0,2300,0
0,2301,0
0,3400,0
0,3800,0
0,3499,0
0,3801,0
0,3800,0
0,3700,0
0,3801,0
0,4200,0
0,2800,0
0,2199,0
0,2201,0
0,2400,0
0,2199,0
0,2300,0
0,2200,0
0,2300,0
0,2300,0
0,2200,0
0,2201,0
0,2200,0
0,2299,0
0,2300,0
0,2300,0
0,2299,0
0,2301,0
0,2300,0
0,2199,0
0,2200,0
0,2300,0
0,2300,0
0,2200,0
0,2300,0
0,2201,0
0,2300,0
0,2199,0
0,2201,0
0,2300,0
0,2299,0
0,2201,0
0,2200,0
0,2300,0
0,2300,0
0,2300,0
0,2201,0
0,2300,0
0,2299,0
0,2301,0
0,2200,0
0,3200,0
0,3900,0
0,3801,0
0,4100,0
0,4000,0
0,4701,0
0,4500,0
0,4300,0
0,4399,0
0,4600,0
0,4401,0
0,4601,0
0,4900,0
0,4599,0
0,5000,0
0,4801,0
0,4400,0
0,3999,0
0,5000,0
0,4501,0
0,4600,0
0,4699,0
0,4400,0
0,4300,0
0,4500,0
0,4800,0
0,4699,0
0,4901,0
0,4901,0
0,4600,0
0,3900,0
0,3900,0
0,5201,0
0,5100,0
0,4600,0
0,4599,0
0,4401,0
0,4600,0
0,4800,0
0,4700,0
0,5501,0
0,4500,0
0,4400,0
0,4500,0
0,5101,0
0,5100,0
0,5000,0
0,4099,0
0,4100,0
0,4200,0
0,2300,0
0,2299,0
0,2201,0
0,2200,0
0,2199,0
0,2300,0
0,2200,0
0,2201,0
0,2300,0
0,2199,0
0,2201,0
0,2300,0
0,2299,0
0,2201,0
0,2200,0
0,2199,0
0,2201,0
0,2200,0
0,2299,0
0,2300,0
0,2300,0
0,2200,0
0,2200,0
0,2299,0
0,2201,0
0,2200,0
0,4500,0
0,3699,0
0,3300,0
0,3201,0
0,3699,0
0,4000,0
0,4000,0
0,3999,0
0,4000,0
0,3900,0
0,4199,0
0,4300,0
0,4500,0
0,2200,0
0,2299,0
0,2300,0
0,2300,0
0,2200,0
0,2200,0
0,2300,0
0,2201,0
0,2300,0
0,2199,0
0,2201,0
0,3699,0
0,4001,0
0,4300,0
0,3400,0
0,2201,0
0,2200,0
0,2299,0
0,2201,0
0,2200,0
0,2200,0
0,2300,0
0,2400,0
0,2201,0
0,4200,0
0,3801,0
0,4100,0
0,4099,0
0,3901,0
0,3900,0
0,3800,0
0,3601,0
0,4100,0
0,3300,0
0,2299,0
0,2300,0
0,2300,0
0,2200,0
0,2201,0
0,2400,0
0,2201,0
0,2400,0
0,2301,0
0,2300,0
0,2200,0
0,2300,0
0,2200,0
0,2301,0
0,2300,0
0,2299,0
0,2201,0
0,2300,0
0,2299,0
0,2301,0
0,2300,0
0,2200,0
0,2200,0
0,2300,0
0,2301,0
0,2400,0
0,2199,0
0,2301,0
0,2300,0
0,2199,0
0,2201,0
0,2300,0
0,2199,0
0,2200,0
0,2200,0
0,2201,0
0,2200,0
0,2299,0
0,3999,0
0,4201,0
0,4300,0
0,2300,0
0,2199,0
0,2300,0
0,2200,0
0,2300,0
0,2300,0
0,2299,0
0,2301,0
0,2300,0
0,2199,0
0,2301,0
0,2300,0
0,2299,0
0,2300,0
0,2300,0
0,3800,0
0,4099,0
0,4401,0
0,2799,0
0,2300,0
0,2300,0
0,2300,0
0,2300,0
0,2199,0
0,2201,0
0,2300,0
0,2299,0
0,2201,0
0,2200,0
0,2199,0
0,2901,0
0,4000,0
0,3600,0
0,4200,0
0,3899,0
0,4100,0
0,4400,0
0,2200,0
0,2299,0
0,2300,0
0,2200,0
0,2200,0
0,2200,0
0,2200,0
0,2301,0
0,3000,0
0,4100,0
0,4099,0
0,4300,0
0,3500,0
0,2400,0
0,3600,0
0,4100,0
0,3901,0
0,3699,0
0,3900,0
0,3900,0
0,4099,0
0,4100,0
0,4300,0
0,3899,0
0,4700,0
0,4901,0
0,4601,0
0,4700,0
0,4699,0
0,4699,0
0,4600,0
0,4801,0
0,4500,0
0,3999,0
0,5100,0
0,4501,0
0,4700,0
0,5100,0
0,4699,0
0,4501,0
0,4500,0
0,4600,0
0,4500,0
0,4601,0
0,4300,0
0,4599,0
0,4401,0
0,4700,0
0,4700,0
0,4500,0
0,4801,0
0,5200,0
0,14200,0
0,4700,0
0,4700,0
0,5001,0
0,4800,0
0,5000,0
0,4400,0
0,4401,0
0,4400,0
0,4499,0
0,4401,0
0,4500,0
0,4799,0
0,4800,0
0,4501,0
0,4500,0
0,4300,0
0,4401,0
0,5100,0
0,5200,0
0,4799,0
0,4401,0
0,4100,0
0,3899,0
0,2200,0
0,2200,0
0,2199,0
0,2200,0
0,2301,0
0,2200,0
0,2199,0
0,2200,0
0,3699,0
0,4100,0
0,3700,0
0,3899,0
0,3301,0
0,3199,0
0,3401,0
0,3299,0
0,3700,0
0,3900,0
0,3799,0
0,3600,0
0,3900,0
0,4099,0
0,4201,0
0,4200,0
0,4199,0
0,4301,0
0,4200,0
0,4299,0
0,4401,0
0,4200,0
0,4199,0
0,4201,0
0,4400,0
0,4299,0
0,4401,0
0,3900,0
0,4199,0
0,4201,0
0,4300,0
0,4399,0
0,4001,0
0,4300,0
0,4299,0
0,4201,0
0,4200,0
0,4199,0
0,4401,0
0,4300,0
0,4099,0
0,4301,0
0,4300,0
0,4299,0
0,4301,0
0,3600,0
0,3400,0
0,3500,0
0,3501,0
0,3099,0
0,3401,0
0,3199,0
0,3301,0
0,3099,0
0,3300,0
0,3400,0
0,3700,0
0,3400,0
0,3400,0
0,3701,0
0,3299,0
0,3500,0
0,3700,0
0,3700,0
0,3799,0
0,3401,0
0,4000,0
0,3900,0
0,3801,0
0,3599,0
0,3900,0
0,3900,0
0,3699,0
0,3901,0
0,3800,0
0,3700,0
0,4001,0
0,3800,0
0,3900,0
0,3501,0
0,3699,0
0,3900,0
0,3900,0
0,3400,0
0,4001,0
0,3799,0
0,4000,0
0,3701,0
0,4099,0
0,3700,0
0,3900,0
0,3899,0
0,4101,0
0,4000,0
0,3699,0
0,3801,0
0,3900,0
0,4100,0
0,4001,0
0,3800,0
0,26999,0
0,8000,0
0,4899,0
0,4300,0
0,4401,0
0,5000,0
0,5200,0
0,4600,0
0,4799,0
0,4800,0
0,4901,0
0,4800,0
0,4799,0
0,4800,0
0,4001,0
0,5000,0
0,4599,0
0,4400,0
0,4600,0
0,4500,0
0,4600,0
0,4501,0
0,4500,0
0,4799,0
0,4701,0
0,4600,0
0,5100,0
0,4601,0
0,4700,0
0,5300,0
0,4399,0
0,5001,0
0,4500,0
0,4000,0
0,3900,0
0,5101,0
0,4900,0
0,4900,0
0,4799,0
0,4600,0
0,4500,0
0,4500,0
0,4500,0
0,4501,0
0,5000,0
0,4699,0
0,4801,0
0,4900,0
0,4500,0
0,5001,0
0,4201,0
0,4000,0
0,4100,0
0,3801,0
0,4000,0
0,13599,0
0,4100,0
0,3701,0
0,5100,0
0,6000,0
0,4400,0
0,4001,0
0,4200,0
0,4100,0
0,3901,0
0,4000,0
0,4000,0
0,4301,0
0,4000,0
0,3600,0
0,4300,0
0,4099,0
0,3900,0
0,4200,0
0,4800,0
0,4400,0
0,3201,0
0,3099,0
0,3100,0
0,3199,0
0,4601,0
0,3601,0
0,4299,0
0,11000,0
0,4700,0
0,5300,0
0,3199,0
0,3201,0
0,3199,0
0,3901,0
0,4800,0
0,4900,0
0,4100,0
0,4000,0
0,4800,0
0,5399,0
0,5199,0
0,4900,0
0,4801,0
0,4800,0
0,4801,0
0,4601,0
0,3900,0
0,4800,0
0,4799,0
0,4700,0
0,4600,0
0,5700,0
0,5600,0
0,4700,0
0,4801,0
0,4900,0
0,4599,0
0,4199,0
0,5101,0
0,4600,0
0,4600,0
0,4999,0
0,4601,0
0,4800,0
0,4899,0
0,4800,0
0,4701,0
0,4600,0
0,4399,0
0,4601,0
0,4500,0
0,4699,0
0,4501,0
0,4500,0
0,4599,0
0,4700,0
0,4701,0
0,5000,0
0,4799,0
0,4500,0
0,4800,0
0,5100,0
0,5099,0
0,4700,0
0,4700,0
0,4900,0
0,4799,0
0,5001,0
0,5200,0
0,4100,0
0,4899,0
0,4099,0
0,4701,0
0,5600,0
0,5100,0
0,4699,0
0,8800,0
0,5800,0
0,5200,0
0,5000,0
0,4399,0
0,4100,0
0,2800,0
0,2400,0
0,2299,0
0,2301,0
0,2300,0
0,2200,0
0,2200,0
0,2300,0
0,2301,0
0,2300,0
0,3599,0
0,4100,0
0,3900,0
0,2500,0
0,2301,0
0,2400,0
0,2299,0
0,2200,0
0,2199,0
0,3501,0
0,3800,0
0,3900,0
0,3401,0
0,3499,0
0,3401,0
0,3299,0
0,3300,0
0,3199,0
0,3200,0
0,3300,0
0,3700,0
0,3500,0
0,3899,0
0,3701,0
0,3899,0
0,2300,0
0,2299,0
0,2301,0
0,2200,0
0,2299,0
0,2301,0
0,2300,0
0,2499,0
0,2400,0
0,2200,0
0,2301,0
0,2300,0
0,2299,0
0,2300,0
0,2200,0
0,3400,0
0,3899,0
0,3901,0
0,2999,0
0,2300,0
0,2200,0
0,3501,0
0,3699,0
0,3601,0
0,3500,0
0,3500,0
0,3500,0
0,3699,0
0,2301,0
0,2200,0
0,2200,0
0,2300,0
0,2200,0
0,2301,0
0,2200,0
0,2299,0
0,2201,0
0,2300,0
0,2299,0
0,2301,0
0,2200,0
0,4000,0
0,3699,0
0,3801,0
0,4000,0
0,3699,0
0,3801,0
0,3700,0
0,3500,0
0,3900,0
0,3799,0
0,3901,0
0,4000,0
0,3900,0
0,4101,0
0,3899,0
0,3700,0
0,3900,0
0,3899,0
0,3801,0
0,3900,0
0,4000,0
0,4100,0
0,4100,0
0,4000,0
0,4101,0
0,3900,0
0,4100,0
0,4201,0
0,3699,0
0,4000,0
0,4200,0
0,4199,0
0,3700,0
0,3900,0
0,3999,0
0,3801,0
0,2199,0
0,2201,0
0,2300,0
0,2299,0
0,4100,0
0,3500,0
0,3999,0
0,4201,0
0,4200,0
0,4100,0
0,3901,0
0,3399,0
0,3500,0
0,3900,0
0,3600,0
0,3501,0
0,3399,0
0,3900,0
0,3900,0
0,56900,0
0,4000,0
0,4000,0
0,3999,0
0,4101,0
0,3800,0
0,3899,0
0,3901,0
0,3800,0
0,4000,0
0,3901,0
0,3999,0
0,3900,0
0,3900,0
0,3899,0
0,4201,0
0,3900,0
0,3999,0
0,4001,0
0,4200,0
0,3999,0
0,3901,0
0,3801,0
0,3900,0
0,3900,0
0,3901,0
0,4100,0
0,3600,0
0,4101,0
0,3699,0
0,3600,0
0,3600,0
0,4099,0
0,3700,0
0,3600,0
0,3599,0
0,3501,0
0,3600,0
0,3800,0
0,3701,0
0,3799,0
0,3400,0
0,3700,0
0,3700,0
0,3901,0
0,3599,0
0,3500,0
0,3700,0
0,3599,0
0,3601,0
0,3800,0
0,3600,0
0,3600,0
0,3399,0
0,3901,0
0,3700,0
0,3600,0
0,3501,0
0,3899,0
0,3500,0
0,3600,0
0,3500,0
0,3801,0
0,3699,0
0,4100,0
0,3500,0
0,3699,0
0,4100,0
0,3101,0
0,3799,0
0,3401,0
0,3700,0
0,3700,0
0,3701,0
0,3699,0
0,3700,0
0,4300,0
0,3300,0
0,7100,0
0,4301,0
0,3900,0
0,3500,0
0,3901,0
0,3899,0
0,4000,0
0,3900,0
0,3799,0
0,3800,0
0,3900,0
0,3900,0
0,3901,0
0,4000,0
0,2700,0
0,2199,0
0,2201,0
0,2300,0
0,2500,0
0,3800,0
0,4100,0
0,3599,0
0,3701,0
0,3800,0
0,3500,0
0,2201,0
0,2300,0
0,4100,0
0,3799,0
0,3801,0
0,3499,0
0,3700,0
0,4000,0
0,4099,0
0,4001,0
0,2399,0
0,3900,0
0,3600,0
0,3500,0
0,3301,0
0,3900,0
0,3799,0
0,3600,0
0,3800,0
0,3800,0
0,4300,0
0,4099,0
0,4001,0
0,4100,0
0,4200,0
0,3201,0
0,4199,0
0,3700,0
0,14701,0
0,4201,0
0,4300,0
0,3899,0
0,3801,0
0,3800,0
0,4000,0
0,3901,0
0,3799,0
0,3801,0
0,3900,0
0,3899,0
0,4101,0
0,3700,0
0,3900,0
0,4201,0
0,4100,0
0,3700,0
0,3800,0
0,10799,0
0,4101,0
0,4000,0
0,3899,0
0,4301,0
0,4701,0
0,4700,0
0,3700,0
0,4000,0
0,3801,0
0,4000,0
0,3900,0
0,3701,0
0,3999,0
0,3800,0
0,3700,0
0,3699,0
0,3701,0
0,4000,0
0,4000,0
0,3999,0
0,4100,0
0,3900,0
0,3999,0
0,3800,0
0,4100,0
0,4199,0
0,3501,0
0,3599,0
0,3800,0
0,3700,0
0,4099,0
0,3900,0
0,4000,0
0,4199,0
0,4100,0
0,4300,0
0,4399,0
0,4500,0
0,4100,0
0,3399,0
0,4400,0
0,4200,0
0,4299,0
0,4100,0
0,4300,0
0,4199,0
0,4200,0
0,3500,0
0,4099,0
0,4201,0
0,4200,0
0,4299,0
0,4201,0
0,4200,0
0,4300,0
0,4201,0
0,4300,0
0,4300,0
0,4301,0
0,4200,0
0,4699,0
0,4301,0
0,4300,0
0,4100,0
0,4301,0
0,4200,0
0,4199,0
0,4001,0
0,4200,0
0,4100,0
0,4199,0
0,4100,0
0,3900,0
0,4100,0
0,4001,0
0,4099,0
0,4200,0
0,4201,0
0,4200,0
0,4000,0
0,4101,0
0,4100,0
0,4199,0
0,4201,0
0,4000,0
0,4100,0
0,4001,0
0,4100,0
0,4000,0
0,4001,0
0,3999,0
0,4100,0
0,13300,0
0,3900,0
0,3900,0
0,4201,0
0,4100,0
0,4100,0
0,3901,0
0,3900,0
0,3800,0
0,4000,0
0,3799,0
0,3500,0
0,4100,0
0,3600,0
0,3501,0
0,4200,0
0,4099,0
0,8500,0
0,5301,0
0,3701,0
0,3599,0
0,3701,0
0,3800,0
0,14200,0
0,6900,0
0,4800,0
0,4001,0
0,3599,0
0,3900,0
0,2401,0
0,2300,0
0,2300,0
0,2300,0
0,2300,0
0,2300,0
0,2300,0
0,2200,0
0,2301,0
0,2300,0
0,2199,0
0,2201,0
0,2200,0
0,2199,0
0,2501,0
0,3999,0
0,3400,0
0,3700,0
0,4300,0
0,3599,0
0,3601,0
0,3600,0
0,3400,0
0,3600,0
0,3499,0
0,3101,0
0,2899,0
0,3101,0
0,2900,0
0,3001,0
0,2900,0
0,3000,0
0,3000,0
0,4200,0
0,3599,0
0,3701,0
0,3199,0
0,3600,0
0,3100,0
0,3300,0
0,3800,0
0,3799,0
0,3200,0
0,3099,0
0,3400,0
0,3500,0
0,3600,0
0,3501,0
0,3699,0
0,4600,0
0,6001,0
0,4700,0
0,3999,0
0,4000,0
0,4600,0
0,4499,0
0,4400,0
0,4401,0
0,4400,0
0,4100,0
0,3900,0
0,4199,0
0,3700,0
0,4001,0
0,4300,0
0,3900,0
0,4201,0
0,4200,0
0,3800,0
0,3700,0
0,3499,0
0,3101,0
0,3099,0
0,3101,0
0,3099,0
0,3199,0
0,3201,0
0,3099,0
0,4301,0
0,3700,0
0,3400,0
0,3900,0
0,3199,0
0,3201,0
0,3100,0
0,3101,0
0,3100,0
0,3201,0
0,3100,0
0,4301,0
0,3699,0
0,4000,0
0,3100,0
0,3100,0
0,3200,0
0,3200,0
0,3100,0
0,3200,0
0,3100,0
0,4100,0
0,3801,0
0,4099,0
0,4000,0
0,4199,0
0,4000,0
0,2801,0
0,4199,0
0,3800,0
0,4100,0
0,4199,0
0,4201,0
0,2599,0
0,2200,0
0,2200,0
0,2201,0
0,2200,0
0,2199,0
0,2201,0
0,2300,0
0,2299,0
0,2501,0
0,4099,0
0,3500,0
0,3100,0
0,3100,0
0,3200,0
0,3200,0
0,3200,0
0,3400,0
0,3900,0
0,3599,0
0,3701,0
0,3099,0
0,3201,0
0,3099,0
0,3101,0
0,3099,0
0,3101,0
0,3199,0
0,3101,0
0,3199,0
0,3701,0
0,3800,0
0,3900,0
0,4001,0
0,4000,0
0,3800,0
0,3201,0
0,2200,0
0,2299,0
0,2300,0
0,2300,0
0,2300,0
0,2301,0
0,2300,0
0,2299,0
0,2301,0
0,2300,0
0,2299,0
0,2201,0
0,3599,0
0,3901,0
0,3700,0
0,4100,0
0,4001,0
0,9700,0
0,4001,0
0,4200,0
0,4200,0
0,4101,0
0,4100,0
0,4100,0
0,4101,0
0,4299,0
0,4100,0
0,4200,0
0,4399,0
0,4100,0
0,4399,0
0,21601,0
0,6300,0
0,4300,0
0,3999,0
0,4001,0
0,3900,0
0,3800,0
0,2901,0
0,6800,0
0,4499,0
0,2500,0
0,16100,0
0,4200,0
0,3100,0
0,4001,0
0,3699,0
0,3600,0
0,3800,0
0,3800,0
0,3701,0
0,3999,0
0,4100,0
0,3800,0
0,3999,0
0,3901,0
0,4199,0
0,4000,0
0,4000,0
0,4200,0
0,4000,0
0,4299,0
0,3800,0
0,4200,0
0,4299,0
0,4200,0
0,4400,0
0,4199,0
0,3900,0
0,4000,0
0,4099,0
0,4300,0
0,4200,0
0,4099,0
0,4100,0
0,4000,0
0,3999,0
0,4001,0
0,3900,0
0,4100,0
0,4101,0
0,4100,0
0,4000,0
0,4201,0
0,4099,0
0,4200,0
0,4200,0
0,3999,0
0,3600,0
0,3700,0
0,3900,0
0,3901,0
0,3700,0
0,4000,0
0,3901,0
0,3900,0
0,4100,0
0,3601,0
0,3499,0
0,3401,0
0,3399,0
0,3700,0
0,3900,0
0,3899,0
0,3401,0
0,3799,0
0,3800,0
0,3899,0
0,4101,0
0,4800,0
0,4599,0
0,3800,0
0,3301,0
0,3199,0
0,3801,0
0,3700,0
0,4799,0
0,4601,0
0,4200,0
0,4799,0
0,4100,0
0,2201,0
0,3400,0
0,4300,0
0,3799,0
0,4301,0
0,3900,0
0,4099,0
0,3401,0
0,2299,0
0,4301,0
0,3600,0
0,3600,0
0,4201,0
0,4100,0
0,2200,0
0,2199,0
0,2201,0
0,2300,0
0,2599,0
0,2300,0
0,2200,0
0,2201,0
0,4200,0
0,3601,0
0,3399,0
0,4100,0
0,2800,0
0,2399,0
0,4601,0
0,3200,0
0,4099,0
0,3701,0
0,3800,0
0,3900,0
0,3901,0
0,3999,0
0,2900,0
0,4400,0
0,4901,0
0,2600,0
0,4300,0
0,4001,0
0,3700,0
0,3799,0
0,3601,0
0,4200,0
0,4200,0
0,4101,0
0,3900,0
0,4399,0
0,4000,0
0,3900,0
0,4299,0
0,3700,0
0,4601,0
0,4000,0
0,3500,0
0,3901,0
0,3599,0
0,4100,0
0,4001,0
0,3299,0
0,3800,0
0,3800,0
0,3799,0
0,3801,0
0,3900,0
0,3799,0
0,4600,0
0,4000,0
0,4300,0
0,4299,0
0,3601,0
0,4000,0
0,4000,0
0,3801,0
0,3999,0
0,3900,0
0,3800,0
0,4199,0
0,4001,0
0,4100,0
0,2700,0
0,2800,0
0,4000,0
0,3801,0
0,3999,0
0,4100,0
0,4401,0
0,3500,0
0,3400,0
0,3500,0
0,3501,0
0,3499,0
0,3401,0
0,3499,0
0,3300,0
0,3400,0
0,3400,0
0,3301,0
0,3399,0
0,3401,0
0,3499,0
0,3100,0
0,2999,0
0,3101,0
0,2999,0
0,3001,0
0,2999,0
0,3601,0
0,3499,0
0,3600,0
0,3700,0
0,4399,0
0,4301,0
0,4400,0
0,3800,0
0,3600,0
0,3699,0
0,3801,0
0,3800,0
0,3300,0
0,3301,0
0,3799,0
0,3301,0
0,3599,0
0,3200,0
0,3400,0
0,3500,0
0,3900,0
0,4299,0
0,4501,0
0,4400,0
0,4299,0
0,3900,0
0,3700,0
0,3899,0
0,4001,0
0,3800,0
0,4099,0
0,3600,0
0,3400,0
0,3800,0
0,3699,0
0,3800,0
0,3900,0
0,3499,0
0,4001,0
0,4000,0
0,4000,0
0,4101,0
0,3900,0
0,3900,0
0,3701,0
0,3899,0
0,3900,0
0,4000,0
0,3899,0
0,4201,0
0,4100,0
0,3999,0
0,3501,0
0,4000,0
0,3800,0
0,3501,0
0,3799,0
0,3901,0
0,3900,0
0,4000,0
0,4001,0
0,3899,0
0,4100,0
0,4001,0
0,4099,0
0,4000,0
0,4100,0
0,3899,0
0,4000,0
0,2199,0
0,2200,0
0,2400,0
0,4101,0
0,3900,0
0,3800,0
0,4301,0
0,3999,0
0,2800,0
0,4000,0
0,4000,0
0,4301,0
0,3199,0
0,4001,0
0,3799,0
0,4100,0
0,4200,0
0,4199,0
0,4201,0
0,3500,0
0,4100,0
0,4001,0
0,4100,0
0,3900,0
0,4301,0
0,4000,0
0,3300,0
0,3600,0
0,3900,0
0,3901,0
0,4200,0
0,2300,0
0,2199,0
0,3701,0
0,3999,0
0,4100,0
0,4000,0
0,3099,0
0,3801,0
0,4200,0
0,4000,0
0,2201,0
0,2299,0
0,3300,0
0,4100,0
0,4100,0
0,4500,0
0,3801,0
0,4500,0
0,5300,0
0,4499,0
0,4700,0
0,4901,0
0,4600,0
0,4799,0
0,4800,0
0,4801,0
0,4700,0
0,4699,0
0,4600,0
0,4701,0
0,4600,0
0,4499,0
0,4601,0
0,4900,0
0,4799,0
0,4500,0
0,4600,0
0,4499,0
0,4700,0
0,5001,0
0,4200,0
0,3999,0
0,3901,0
0,4900,0
0,5200,0
0,4899,0
0,4900,0
0,4600,0
0,4500,0
0,4600,0
0,4701,0
0,5000,0
0,4899,0
0,4700,0
0,4601,0
0,4400,0
0,5199,0
0,4901,0
0,5100,0
0,4600,0
0,4099,0
0,4200,0
0,3700,0
0,3999,0
0,3900,0
0,4200,0
0,4099,0
0,3000,0
0,4100,0
0,3600,0
0,3801,0
0,3699,0
0,3800,0
0,3500,0
0,2300,0
0,2199,0
0,4001,0
0,4701,0
0,5000,0
0,4700,0
0,4299,0
0,4600,0
0,5100,0
0,4901,0
0,4800,0
0,4800,0
0,4900,0
0,4699,0
0,4801,0
0,4600,0
0,4500,0
0,4899,0
0,5101,0
0,4900,0
0,5100,0
0,4699,0
0,4500,0
0,4401,0
0,4900,0
0,5099,0
0,5001,0
0,4901,0
0,4500,0
0,4199,0
0,4200,0
0,3900,0
0,3899,0
0,3801,0
0,4200,0
0,3899,0
0,3101,0
0,3799,0
0,3901,0
0,4100,0
0,4099,0
0,3901,0
0,3900,0
0,4100,0
0,3901,0
0,4600,0
0,4199,0
0,5000,0
0,5201,0
0,4400,0
0,4500,0
0,4899,0
0,5000,0
0,4901,0
0,5100,0
0,4200,0
0,4999,0
0,4801,0
0,12700,0
0,4900,0
0,4499,0
0,4801,0
0,4900,0
0,4900,0
0,4499,0
0,4401,0
0,4100,0
0,5200,0
0,5299,0
0,5201,0
0,4600,0
0,4800,0
0,4600,0
0,5001,0
0,5000,0
0,4599,0
0,4500,0
0,5200,0
0,5300,0
0,4999,0
0,4000,0
0,3801,0
0,3800,0
0,3900,0
0,4201,0
0,4000,0
0,4000,0
0,3899,0
0,3801,0
0,3700,0
0,3700,0
0,4201,0
0,4000,0
0,3800,0
0,4101,0
0,4099,0
0,3800,0
0,4100,0
0,4099,0
0,2401,0
0,2300,0
0,2200,0
0,3700,0
0,3800,0
0,4299,0
0,4101,0
0,3099,0
0,3900,0
0,3700,0
0,4199,0
0,4001,0
0,4100,0
0,4099,0
0,3801,0
0,4000,0
0,3800,0
0,4000,0
0,4199,0
0,3700,0
0,4200,0
0,4099,0
0,4101,0
0,4200,0
0,4099,0
0,4000,0
0,3100,0
0,2300,0
0,2199,0
0,4300,0
0,3700,0
0,3899,0
0,4001,0
0,4000,0
0,5000,0
0,4601,0
0,5000,0
0,4799,0
0,5200,0
0,5101,0
0,4900,0
0,4800,0
0,4800,0
0,4901,0
0,5100,0
0,5100,0
0,4799,0
0,4401,0
0,4500,0
0,5199,0
0,5200,0
0,4801,0
0,4200,0
0,4099,0
0,3800,0
0,3799,0
0,4100,0
0,4000,0
0,4201,0
0,3399,0
0,2300,0
0,2899,0
0,3901,0
0,4000,0
0,4200,0
0,6300,0
0,4300,0
0,4400,0
0,4199,0
0,3800,0
0,4101,0
0,3900,0
0,4200,0
0,4001,0
0,3999,0
0,3900,0
0,3900,0
0,3900,0
0,4001,0
0,3999,0
0,4000,0
0,4100,0
0,3999,0
0,3601,0
0,4100,0
0,4300,0
0,4101,0
0,4099,0
0,4000,0
0,4100,0
0,3899,0
0,3901,0
0,9700,0
0,7300,0
0,4700,0
0,3999,0
0,4001,0
0,4000,0
0,4100,0
0,4201,0
0,2300,0
0,4401,0
0,3799,0
0,3900,0
0,4100,0
0,4199,0
0,3901,0
0,4300,0
0,3999,0
0,4101,0
0,3900,0
0,3800,0
0,4101,0
0,4000,0
0,4200,0
0,4101,0
0,4200,0
0,3999,0
0,3701,0
0,4000,0
0,3900,0
0,3801,0
0,3899,0
0,4000,0
0,4000,0
0,3999,0
0,3901,0
0,3799,0
0,3600,0
0,4100,0
0,4199,0
0,3901,0
0,4000,0
0,4099,0
0,4401,0
0,4200,0
0,4000,0
0,3901,0
0,4100,0
0,4200,0
0,2900,0
0,2300,0
0,2199,0
0,2201,0
0,2200,0
0,4200,0
0,3899,0
0,4001,0
0,4300,0
0,4000,0
0,2201,0
0,2300,0
0,4100,0
0,3800,0
0,3900,0
0,4199,0
0,3900,0
0,2199,0
0,3000,0
0,3900,0
0,3700,0
0,3800,0
0,3999,0
0,3800,0
0,3900,0
0,3899,0
0,3801,0
0,3900,0
0,2299,0
0,3801,0
0,3799,0
0,4400,0
0,4001,0
0,2200,0
0,2300,0
0,2200,0
0,2400,0
0,2201,0
0,2200,0
0,2300,0
0,3101,0
0,3699,0
0,3901,0
0,4000,0
0,4100,0
0,2901,0
0,2300,0
0,2299,0
0,4000,0
0,4100,0
0,2800,0
0,4201,0
0,3899,0
0,4400,0
0,4201,0
0,3799,0
0,3900,0
0,4100,0
0,3999,0
0,2900,0
0,4000,0
0,3700,0
0,3900,0
0,4099,0
0,4300,0
0,4100,0
0,4099,0
0,4200,0
0,4200,0
0,4199,0
0,4101,0
0,4100,0
0,3900,0
0,4001,0
0,4300,0
0,3700,0
0,3801,0
0,4299,0
0,4200,0
0,4301,0
0,3900,0
0,3799,0
0,2201,0
0,3400,0
0,4101,0
0,2299,0
0,2901,0
0,3999,0
0,3800,0
0,4100,0
0,4199,0
0,3600,0
0,3900,0
0,3699,0
0,4101,0
0,4000,0
0,3900,0
0,4001,0
0,3900,0
0,3900,0
0,4001,0
0,3199,0
0,2601,0
0,4100,0
0,3600,0
0,4101,0
0,3599,0
0,3800,0
0,4100,0
0,4099,0
0,4201,0
0,4200,0
0,3900,0
0,3501,0
0,2200,0
0,2300,0
0,2300,0
0,3900,0
0,3800,0
0,4000,0
0,4199,0
0,4100,0
0,3700,0
0,3699,0
0,3701,0
0,3599,0
0,3700,0
0,4100,0
0,2300,0
0,2200,0
0,3899,0
0,4200,0
0,4200,0
0,3999,0
0,4000,0
0,4200,0
0,3899,0
0,3701,0
0,4200,0
0,3600,0
0,3501,0
0,3799,0
0,3701,0
0,3800,0
0,3800,0
0,3801,0
0,3799,0
0,3700,0
0,3600,0
0,3500,0
0,3701,0
0,4199,0
0,4400,0
0,4300,0
0,3099,0
0,2901,0
0,3000,0
0,3001,0
0,2900,0
0,3000,0
0,3100,0
0,3000,0
0,3000,0
0,2999,0
0,3000,0
0,2999,0
0,3001,0
0,3599,0
0,3900,0
0,3500,0
0,3899,0
0,3901,0
0,3600,0
0,5199,0
0,3601,0
0,3600,0
0,3600,0
0,3400,0
0,3800,0
0,4001,0
0,4200,0
0,3799,0
0,3700,0
0,3900,0
0,4299,0
0,4299,0
0,4299,0
0,4301,0
0,4400,0
0,4299,0
0,4401,0
0,4300,0
0,4299,0
0,4201,0
0,4100,0
0,3500,0
0,3901,0
0,3699,0
0,3700,0
0,3600,0
0,3300,0
0,3801,0
0,4200,0
0,4400,0
0,4301,0
0,3599,0
0,3001,0
0,3099,0
0,3001,0
0,3000,0
0,3301,0
0,4099,0
0,3300,0
0,3900,0
0,4000,0
0,4201,0
0,4400,0
0,4300,0
0,4201,0
0,4400,0
0,4200,0
0,3901,0
0,3999,0
0,3700,0
0,3800,0
0,3899,0
0,3701,0
0,3700,0
0,3900,0
0,3901,0
0,4099,0
0,3800,0
0,2800,0
0,4001,0
0,3799,0
0,3900,0
0,3800,0
0,4099,0
0,4001,0
0,4100,0
0,4000,0
0,4301,0
0,4000,0
0,4100,0
0,4001,0
0,3699,0
0,3900,0
0,4000,0
0,4099,0
0,4201,0
0,4100,0
0,4200,0
0,4300,0
0,4201,0
0,4099,0
0,4100,0
0,4200,0
0,4499,0
0,4300,0
0,4200,0
0,3899,0
0,3600,0
0,3900,0
0,4200,0
0,4001,0
0,4000,0
0,4100,0
0,3901,0
0,3599,0
0,3801,0
0,4100,0
0,3900,0
0,3801,0
0,3799,0
0,4000,0
0,3900,0
0,3899,0
0,4001,0
0,4100,0
0,11600,0
0,3901,0
0,4100,0
0,3900,0
0,3701,0
0,3599,0
0,3801,0
0,3699,0
0,3200,0
0,3300,0
0,3100,0
0,3500,0
0,3700,0
0,3701,0
0,3699,0
0,3600,0
0,3700,0
0,3600,0
0,3700,0
0,3799,0
0,3801,0
0,3599,0
0,3400,0
0,3600,0
0,3500,0
0,3400,0
0,3700,0
0,3901,0
0,3699,0
0,3700,0
0,3600,0
0,4000,0
0,4101,0
0,3999,0
0,4200,0
0,4100,0
0,4099,0
0,4100,0
0,4000,0
0,4099,0
0,4001,0
0,3900,0
0,4200,0
0,3901,0
0,4099,0
0,4000,0
0,4100,0
0,3899,0
0,3801,0
0,3900,0
0,4000,0
0,4201,0
0,4200,0
0,4200,0
0,4100,0
0,4199,0
0,4201,0
0,4100,0
0,4000,0
0,4101,0
0,3899,0
0,3600,0
0,4100,0
0,3799,0
0,4101,0
0,4000,0
0,4100,0
0,3501,0
0,3899,0
0,3801,0
0,4100,0
0,4400,0
0,4101,0
0,4200,0
0,4000,0
0,4001,0
0,20200,0
0,7800,0
0,5000,0
0,4500,0
0,4600,0
0,4401,0
0,4500,0
0,4800,0
0,5001,0
0,17799,0
0,3700,0
0,3801,0
0,4900,0
0,4799,0
0,5000,0
0,5101,0
0,4500,0
0,4599,0
0,4501,0
0,5500,0
0,4700,0
0,4599,0
0,4500,0
0,4700,0
0,4600,0
0,4299,0
0,4701,0
0,4600,0
0,4199,0
0,3500,0
0,3501,0
0,3100,0
0,3101,0
0,19399,0
0,7000,0
0,3901,0
0,3199,0
0,3100,0
0,3299,0
0,3300,0
0,3099,0
0,3100,0
0,2999,0
0,3000,0
0,2999,0
0,3300,0
0,3200,0
0,3000,0
0,3200,0
0,3000,0
0,3000,0
0,3100,0
0,3700,0
0,3100,0
0,3201,0
0,3899,0
0,3600,0
0,3301,0
0,3299,0
0,3200,0
0,3601,0
0,3299,0
0,3900,0
0,3401,0
0,3599,0
0,3801,0
0,4200,0
0,3500,0
0,3500,0
0,3801,0
0,3199,0
0,3600,0
0,4401,0
0,3800,0
0,3900,0
0,3601,0
0,3800,0
0,4999,0
0,4500,0
0,4601,0
0,4800,0
0,4800,0
0,5400,0
0,3499,0
0,4000,0
0,3999,0
0,3700,0
0,3999,0
0,4000,0
0,4301,0
0,3900,0
0,4600,0
0,4699,0
0,3799,0
0,4200,0
0,4601,0
0,4700,0
0,4800,0
0,4699,0
0,4499,0
0,4701,0
0,4901,0
0,4500,0
0,4699,0
0,4600,0
0,4300,0
0,4700,0
0,4499,0
0,4401,0
0,4500,0
0,4599,0
0,4700,0
0,4201,0
0,4000,0
0,3499,0
0,4101,0
0,4100,0
0,4101,0
0,3700,0
0,4499,0
0,4701,0
0,4701,0
0,4700,0
0,4100,0
0,4399,0
0,4400,0
0,5001,0
0,4800,0
0,4700,0
0,4899,0
0,4700,0
0,5000,0
0,4700,0
0,4700,0
0,4400,0
0,4500,0
0,4501,0
0,4800,0
0,4599,0
0,4800,0
0,4701,0
0,4800,0
0,4800,0
0,4400,0
0,4701,0
0,4400,0
0,4399,0
0,4501,0
0,4700,0
0,26901,0
0,4701,0
0,4900,0
0,4700,0
0,4799,0
0,4300,0
0,4500,0
0,4800,0
0,4700,0
0,4999,0
0,4700,0
0,4501,0
0,4500,0
0,4399,0
0,4399,0
0,4601,0
0,5000,0
0,4800,0
0,4699,0
0,4801,0
0,4600,0
0,4400,0
0,4199,0
0,3401,0
0,4100,0
0,3900,0
0,3301,0
0,3199,0
0,4000,0
0,3601,0
0,3399,0
0,3300,0
0,3100,0
0,3700,0
0,3500,0
0,3501,0
0,3500,0
0,3699,0
0,3700,0
0,3900,0
0,3399,0
0,3301,0
0,3601,0
0,3999,0
0,3500,0
0,3500,0
0,3800,0
0,3501,0
0,4000,0
0,3900,0
0,3501,0
0,3899,0
0,4000,0
0,3600,0
0,3800,0
0,3901,0
0,3801,0
0,4200,0
0,4099,0
0,3701,0
0,3600,0
0,3600,0
0,3501,0
0,3400,0
0,3901,0
0,3900,0
0,3800,0
0,3300,0
0,2900,0
0,5200,0
0,3099,0
0,3000,0
0,3099,0
0,3200,0
0,3099,0
0,3300,0
0,4100,0
0,3999,0
0,3601,0
0,3099,0
0,3500,0
0,3099,0
0,3100,0
0,3601,0
0,3199,0
0,3900,0
0,7600,0
0,4801,0
0,3501,0
0,3600,0
0,3100,0
0,3501,0
0,3999,0
0,4201,0
0,3800,0
0,3500,0
0,3701,0
0,3301,0
0,3299,0
0,3100,0
0,3200,0
0,3400,0
0,3600,0
0,3400,0
0,3600,0
0,3399,0
0,3601,0
0,3299,0
0,3100,0
0,3199,0
0,3700,0
0,3300,0
0,3200,0
0,3399,0
0,3301,0
0,3699,0
0,3100,0
0,3299,0
0,3600,0
0,3300,0
0,3200,0
0,3300,0
0,3500,0
0,3801,0
0,3299,0
0,3299,0
0,3300,0
0,3300,0
0,3500,0
0,3400,0
0,3300,0
0,3201,0
0,3499,0
0,3101,0
0,3300,0
0,3101,0
0,3100,0
0,3301,0
0,3200,0
0,3399,0
0,3401,0
0,3399,0
0,3400,0
0,3400,0
0,3600,0
0,3600,0
0,3200,0
0,3001,0
0,3200,0
0,3101,0
0,3300,0
0,3201,0
0,5000,0
0,3500,0
0,3401,0
0,3799,0
0,3600,0
0,3200,0
0,3700,0
0,3500,0
0,3400,0
0,3301,0
0,3199,0
0,3401,0
0,3299,0
0,3200,0
0,5800,0
0,3399,0
0,3300,0
0,3400,0
0,3200,0
0,3700,0
0,3699,0
0,3601,0
0,3599,0
0,3400,0
0,3200,0
0,3300,0
0,3300,0
0,3300,0
0,3400,0
0,3200,0
0,3400,0
0,3100,0
0,3300,0
0,3201,0
0,3199,0
0,3001,0
0,3099,0
0,3300,0
0,3300,0
0,3300,0
0,3200,0
0,3400,0
0,3399,0
0,3201,0
0,3299,0
0,3200,0
0,3199,0
0,3700,0
0,3700,0
0,3400,0
0,3400,0
0,3499,0
0,3201,0
0,3299,0
0,3301,0
0,3199,0
0,3200,0
0,3100,0
0,3300,0
0,3300,0
0,3200,0
0,3400,0
0,3500,0
0,3200,0
0,3400,0
0,3200,0
0,3501,0
0,3299,0
0,3401,0
0,3699,0
0,3200,0
0,3301,0
0,3300,0
0,3301,0
0,3300,0
0,3301,0
0,3300,0
0,4001,0
0,3999,0
0,4199,0
0,3600,0
0,3600,0
0,3300,0
0,4000,0
0,3900,0
0,3801,0
0,3799,0
0,3401,0
0,3001,0
0,3000,0
0,3201,0
0,3000,0
0,3201,0
0,3799,0
0,3201,0
0,3200,0
0,3101,0
0,3100,0
0,3101,0
0,3000,0
0,3300,0
0,3200,0
0,3100,0
0,3200,0
0,3100,0
0,3200,0
0,3100,0
0,3200,0
0,3200,0
0,3200,0
0,3400,0
0,3200,0
0,3300,0
0,3200,0
0,3099,0
0,3200,0
0,3199,0
0,3500,0
0,4100,0
0,3900,0
0,3201,0
0,3600,0
0,3401,0
0,3399,0
0,3001,0
0,3099,0
0,3201,0
0,3000,0
0,3001,0
0,3000,0
0,3000,0
0,3000,0
0,3000,0
0,3100,0
0,3099,0
0,3100,0
0,2899,0
0,3100,0
0,3099,0
0,3500,0
0,3200,0
0,3400,0
0,3200,0
0,3500,0
0,3400,0
0,3501,0
0,3599,0
0,3701,0
0,3499,0
0,3500,0
0,3800,0
0,3400,0
0,3600,0
0,3500,0
0,3300,0
0,3800,0
0,4501,0
0,3399,0
0,3501,0
0,3699,0
0,3400,0
0,3600,0
0,3000,0
0,3800,0
0,3800,0
0,4001,0
0,3999,0
0,3901,0
0,4100,0
0,4300,0
0,3901,0
0,3599,0
0,3601,0
0,3499,0
0,3500,0
0,3600,0
0,3300,0
0,3200,0
0,3200,0
0,3300,0
0,3400,0
0,3200,0
0,3400,0
0,3300,0
0,3600,0
0,3200,0
0,3400,0
0,3900,0
0,4399,0
0,3301,0
0,3100,0
0,3600,0
0,3600,0
0,3999,0
0,4001,0
0,4000,0
0,4400,0
0,4201,0
0,3900,0
0,3600,0
0,3600,0
0,3300,0
0,3801,0
0,3599,0
0,3701,0
0,3600,0
0,3800,0
0,4001,0
0,3900,0
0,3900,0
0,4000,0
0,4101,0
0,14700,0
0,4000,0
0,4100,0
0,4001,0
0,4000,0
0,4000,0
0,4201,0
0,4099,0
0,4000,0
0,4100,0
0,3899,0
0,3901,0
0,4100,0
0,4100,0
0,4000,0
0,3999,0
0,4101,0
0,4200,0
0,3900,0
0,4100,0
0,4099,0
0,3900,0
0,3900,0
0,4099,0
0,3901,0
0,4200,0
0,4200,0
0,4101,0
0,3999,0
0,3900,0
0,3800,0
0,3800,0
0,3699,0
0,3601,0
0,4100,0
0,4200,0
0,4000,0
0,3799,0
0,3901,0
0,3900,0
0,3900,0
0,4000,0
0,3999,0
0,3901,0
0,3900,0
0,32500,0
0,4000,0
0,3600,0
0,3800,0
0,3799,0
0,3800,0
0,3700,0
0,3799,0
0,3901,0
0,3699,0
0,3800,0
0,3600,0
0,3700,0
0,3901,0
0,3799,0
0,4001,0
0,3600,0
0,3700,0
0,3900,0
0,4100,0
0,3901,0
0,4099,0
0,3900,0
0,4200,0
0,4200,0
0,4101,0
0,4199,0
0,4300,0
0,4100,0
0,4099,0
0,4201,0
0,4200,0
0,4200,0
0,4300,0
0,3799,0
0,3899,0
0,4200,0
0,4000,0
0,3999,0
0,3601,0
0,3600,0
0,4199,0
0,4101,0
0,4000,0
0,4100,0
0,4301,0
0,4199,0
0,4200,0
0,4100,0
0,4199,0
0,4101,0
0,4300,0
0,4300,0
0,4100,0
0,4099,0
0,4301,0
0,4300,0
0,4199,0
0,4201,0
0,4200,0
0,4100,0
0,4301,0
0,4199,0
0,4300,0
0,4200,0
0,4199,0
0,4301,0
0,4300,0
0,4299,0
0,4301,0
0,4300,0
0,4400,0
0,5100,0
0,4300,0
0,4200,0
0,4301,0
0,4299,0
0,3600,0
0,3800,0
0,3700,0
0,3801,0
0,3799,0
0,3801,0
0,4400,0
0,3600,0
0,2200,0
0,3900,0
0,3901,0
0,3999,0
0,3800,0
0,3000,0
0,2900,0
0,2899,0
0,2901,0
0,2899,0
0,2901,0
0,3000,0
0,3000,0
0,3000,0
0,2899,0
0,2900,0
0,2899,0
0,2901,0
0,3000,0
0,3900,0
0,3799,0
0,3401,0
0,4000,0
0,3200,0
0,3800,0
0,3800,0
0,3901,0
0,3699,0
0,3900,0
0,3099,0
0,3600,0
0,3700,0
0,3700,0
0,3501,0
0,3699,0
0,4201,0
0,4000,0
0,4000,0
0,4201,0
0,2799,0
0,3701,0
0,3800,0
0,3600,0
0,3800,0
0,3999,0
0,3101,0
0,3399,0
0,3601,0
0,3499,0
0,3300,0
0,3600,0
0,3600,0
0,3200,0
0,3299,0
0,3300,0
0,3300,0
0,3300,0
0,3300,0
0,3300,0
0,4200,0
0,3500,0
0,3600,0
0,3400,0
0,3301,0
0,3300,0
0,3301,0
0,3499,0
0,3501,0
0,3899,0
0,2300,0
0,2200,0
0,2500,0
0,3900,0
0,3700,0
0,3899,0
0,3901,0
0,4000,0
0,4100,0
0,4200,0
0,3999,0
0,4001,0
0,3800,0
0,4000,0
0,3800,0
0,3999,0
0,4101,0
0,4100,0
0,4000,0
0,4200,0
0,3799,0
0,4001,0
0,2399,0
0,3801,0
0,3800,0
0,3300,0
0,3800,0
0,3700,0
0,3401,0
0,3899,0
0,2301,0
0,3100,0
0,3701,0
0,3999,0
0,3301,0
0,3800,0
0,3799,0
0,3601,0
0,3800,0
0,3900,0
0,3901,0
0,5599,0
0,4199,0
0,4200,0
0,4500,0
0,4099,0
0,4600,0
0,4500,0
0,9200,0
0,4499,0
0,2600,0
0,2400,0
0,2401,0
0,2300,0
0,2299,0
0,2301,0
0,2200,0
0,2199,0
0,2301,0
0,2200,0
0,3800,0
0,4001,0
0,3999,0
0,4101,0
0,4300,0
0,3999,0
0,4201,0
0,4200,0
0,4100,0
0,4000,0
0,4199,0
0,4001,0
0,4200,0
0,4099,0
0,4200,0
0,4100,0
0,3999,0
0,4101,0
0,4300,0
0,4200,0
0,4101,0
0,3999,0
0,4300,0
0,3900,0
0,4099,0
0,4101,0
0,4301,0
0,4100,0
0,3999,0
0,4001,0
0,3899,0
0,3900,0
0,3800,0
0,4000,0
0,4001,0
0,3799,0
0,3800,0
0,4300,0
0,3999,0
0,3901,0
0,4100,0
0,10600,0
0,4100,0
0,4100,0
0,3801,0
0,3799,0
0,3601,0
0,4100,0
0,4100,0
0,3900,0
0,4099,0
0,3901,0
0,3900,0
0,3900,0
0,3901,0
0,3999,0
0,3901,0
0,3800,0
0,3700,0
0,4000,0
0,3799,0
0,3901,0
0,3899,0
0,4000,0
0,3900,0
0,4099,0
0,3801,0
0,3899,0
0,4100,0
0,4100,0
0,4199,0
0,4401,0
0,4200,0
0,4100,0
0,4101,0
0,4099,0
0,4200,0
0,4300,0
0,4201,0
0,4199,0
0,4400,0
0,4400,0
0,13499,0
0,9100,0
0,5101,0
0,4200,0
0,4199,0
0,4301,0
0,4200,0
0,4199,0
0,4201,0
0,4100,0
0,3900,0
0,4100,0
0,4099,0
0,4201,0
0,4200,0
0,4000,0
0,4100,0
0,4099,0
0,3801,0
0,4100,0
0,4100,0
0,4301,0
0,4299,0
0,4000,0
0,3800,0
0,3800,0
0,2201,0
0,2200,0
0,2299,0
0,2201,0
0,2200,0
0,2299,0
0,2301,0
0,2200,0
0,2199,0
0,2201,0
0,2300,0
0,2199,0
0,2201,0
0,2300,0
0,2199,0
0,2301,0
0,2200,0
0,2199,0
0,2301,0
0,2200,0
0,2299,0
0,2400,0
0,2300,0
0,2199,0
0,2300,0
0,2300,0
0,2201,0
0,2200,0
0,2200,0
0,2201,0
0,2200,0
0,2300,0
0,2201,0
0,2300,0
0,2200,0
0,2200,0
0,2200,0
0,2200,0
0,2300,0
0,2300,0
0,4000,0
0,3300,0
0,4000,0
0,4099,0
0,4101,0
0,4100,0
0,4100,0
0,4001,0
0,3999,0
0,4200,0
0,4100,0
0,4199,0
0,4001,0
0,4000,0
0,2300,0
0,2299,0
0,2301,0
0,2300,0
0,2299,0
0,2301,0
0,2300,0
0,3299,0
0,4100,0
0,4300,0
0,4199,0
0,4301,0
0,4100,0
0,4000,0
0,4201,0
0,4300,0
0,4200,0
0,4100,0
0,4099,0
0,4400,0
0,4200,0
0,4299,0
0,4200,0
0,4100,0
0,3800,0
0,3701,0
0,3599,0
0,3201,0
0,3399,0
0,3500,0
0,3700,0
0,4100,0
0,4000,0
0,4099,0
0,2400,0
0,2200,0
0,2199,0
0,2300,0
0,2200,0
0,2300,0
0,2300,0
0,2300,0
0,2300,0
0,2800,0
0,4000,0
0,3800,0
0,3900,0
0,3899,0
0,3899,0
0,4101,0
0,3600,0
0,3500,0
0,4100,0
0,3899,0
0,3901,0
0,4000,0
0,3800,0
0,4000,0
0,3899,0
0,3901,0
0,3900,0
0,5600,0
0,4300,0
0,4399,0
0,4401,0
0,4400,0
0,3800,0
0,3801,0
0,3799,0
0,4000,0
0,4101,0
0,3499,0
0,3800,0
0,3700,0
0,3400,0
0,3900,0
0,3100,0
0,3200,0
0,3300,0
0,3900,0
0,3600,0
0,3600,0
0,3899,0
0,3601,0
0,3599,0
0,3900,0
0,3900,0
0,3999,0
0,3801,0
0,3699,0
0,3700,0
0,3800,0
0,3400,0
0,4000,0
0,3699,0
0,4101,0
0,3800,0
0,3600,0
0,2199,0
0,3101,0
0,3799,0
0,4100,0
0,4000,0
0,3999,0
0,3601,0
0,3900,0
0,2300,0
0,3099,0
0,3801,0
0,3800,0
0,4000,0
0,4100,0
0,3699,0
0,3801,0
0,4000,0
0,4000,0
0,4200,0
0,4099,0
0,4001,0
0,4200,0
0,3500,0
0,3900,0
0,4001,0
0,3999,0
0,4100,0
0,4000,0
0,4299,0
0,4201,0
0,4000,0
0,4000,0
0,4001,0
0,3899,0
0,4200,0
0,4200,0
0,3999,0
0,4201,0
0,4000,0
0,4200,0
0,4201,0
0,4199,0
0,4100,0
0,4100,0
0,4299,0
0,4301,0
0,4000,0
0,4299,0
0,4101,0
0,4200,0
0,4200,0
0,4201,0
0,3999,0
0,4000,0
0,4000,0
0,4299,0
0,4201,0
0,4100,0
0,4100,0
0,3900,0
0,4200,0
0,3999,0
0,4100,0
0,4200,0
0,4199,0
0,4301,0
0,4100,0
0,4200,0
0,4201,0
0,4400,0
0,4100,0
0,4200,0
0,4199,0
0,4099,0
0,4101,0
0,4000,0
0,4000,0
0,4101,0
0,4100,0
0,4099,0
0,4001,0
0,4000,0
0,4200,0
0,4301,0
0,4099,0
0,4300,0
0,3700,0
0,4199,0
0,4201,0
0,4300,0
0,4300,0
0,4200,0
0,3799,0
0,3901,0
0,2299,0
0,2201,0
0,3000,0
0,3800,0
0,3800,0
0,4201,0
0,3699,0
0,4000,0
0,3600,0
0,3900,0
0,3801,0
0,3299,0
0,3501,0
0,3499,0
0,3701,0
0,3900,0
0,4000,0
0,3501,0
0,3799,0
0,3001,0
0,2300,0
0,2200,0
0,2300,0
0,2300,0
0,2200,0
0,2200,0
0,2300,0
0,2200,0
0,3100,0
0,4000,0
0,3799,0
0,3600,0
0,4100,0
0,3799,0
0,3601,0
0,3899,0
0,4100,0
0,3900,0
0,3999,0
0,4201,0
0,4000,0
0,4100,0
0,3801,0
0,4099,0
0,4201,0
0,4100,0
0,4000,0
0,3901,0
0,2299,0
0,4101,0
0,3800,0
0,2200,0
0,2299,0
0,4001,0
0,3899,0
0,3900,0
0,2800,0
0,2700,0
0,3799,0
0,3900,0
0,4200,0
0,3899,0
0,4301,0
0,4100,0
0,3900,0
0,4001,0
0,3399,0
0,3501,0
0,3599,0
0,2600,0
0,3999,0
0,3700,0
0,3800,0
0,4099,0
0,3901,0
0,3499,0
0,3801,0
0,3500,0
0,3300,0
0,3300,0
0,3600,0
0,3700,0
0,3601,0
0,3800,0
0,3900,0
0,3800,0
0,3899,0
0,3701,0
0,4000,0
0,3600,0
0,3500,0
0,3900,0
0,3801,0
0,3800,0
0,3799,0
0,3901,0
0,3900,0
0,3700,0
0,3700,0
0,3899,0
0,19501,0
0,2700,0
0,2499,0
0,4100,0
0,3500,0
0,4000,0
0,4301,0
0,4000,0
0,3900,0
0,4000,0
0,3100,0
0,2301,0
0,4100,0
0,3900,0
0,3000,0
0,2201,0
0,2200,0
0,2200,0
0,2201,0
0,2300,0
0,2300,0
0,2301,0
0,2200,0
0,2300,0
0,2200,0
0,2200,0
0,2200,0
0,2300,0
0,2300,0
0,2200,0
0,2399,0
0,2301,0
0,4099,0
0,4099,0
0,4101,0
0,3900,0
0,4000,0
0,3900,0
0,2600,0
0,2200,0
0,2200,0
0,2200,0
0,2500,0
0,4000,0
0,3900,0
0,3699,0
0,4001,0
0,4101,0
0,2299,0
0,2601,0
0,4200,0
0,4001,0
0,3599,0
0,4001,0
0,3900,0
0,4100,0
0,4101,0
0,4099,0
0,4200,0
0,4100,0
0,4000,0
0,4101,0
0,4199,0
0,4100,0
0,4200,0
0,4199,0
0,4101,0
0,4200,0
0,3900,0
0,3700,0
0,3999,0
0,4201,0
0,4100,0
0,3800,0
0,3900,0
0,3699,0
0,3801,0
0,3299,0
0,3701,0
0,4100,0
0,4100,0
0,3900,0
0,3899,0
0,4201,0
0,4001,0
0,4100,0
0,3900,0
0,3901,0
0,3699,0
0,3701,0
0,3500,0
0,3800,0
0,3900,0
0,2200,0
0,3800,0
0,3600,0
0,4000,0
0,2600,0
0,4000,0
0,3599,0
0,3801,0
0,2199,0
0,2201,0
0,2200,0
0,2200,0
0,2401,0
0,4200,0
0,4101,0
0,3699,0
0,2401,0
0,2300,0
0,2199,0
0,3501,0
0,3800,0
0,3300,0
0,3400,0
0,3500,0
0,3500,0
0,3600,0
0,3500,0
0,3999,0
0,2201,0
0,2200,0
0,2199,0
0,2201,0
0,2200,0
0,2199,0
0,2201,0
0,4300,0
0,3601,0
0,3899,0
0,4101,0
0,3700,0
0,3800,0
0,3901,0
0,4101,0
0,4099,0
0,4200,0
0,4000,0
0,3900,0
0,3601,0
0,3499,0
0,3901,0
0,4000,0
0,4200,0
0,3900,0
0,4099,0
0,3901,0
0,3800,0
0,3800,0
0,13200,0
0,3900,0
0,4000,0
0,4100,0
0,4099,0
0,3901,0
0,4100,0
0,4200,0
0,4201,0
0,4099,0
0,4100,0
0,4100,0
0,3999,0
0,4101,0
0,4100,0
0,4200,0
0,4100,0
0,4101,0
0,3799,0
0,4100,0
0,4000,0
0,3500,0
0,3901,0
0,4099,0
0,4101,0
0,4100,0
0,4200,0
0,4301,0
0,4099,0
0,3700,0
0,4100,0
0,2300,0
0,2299,0
0,3601,0
0,3800,0
0,3900,0
0,4101,0
0,2199,0
0,2201,0
0,2200,0
0,2199,0
0,2201,0
0,2300,0
0,3699,0
0,3600,0
0,3800,0
0,4100,0
0,4001,0
0,4199,0
0,4000,0
0,4200,0
0,2200,0
0,2199,0
0,2801,0
0,3899,0
0,3901,0
0,3900,0
0,3800,0
0,3900,0
0,3000,0
0,2301,0
0,2300,0
0,3499,0
0,3900,0
0,4200,0
0,3900,0
0,4101,0
0,2899,0
0,4001,0
0,3499,0
0,4200,0
0,2599,0
0,2200,0
0,3399,0
0,3801,0
0,3899,0
0,4300,0
0,4100,0
0,3900,0
0,3901,0
0,3999,0
0,3800,0
0,4100,0
0,4000,0
0,3901,0
0,4199,0
0,4201,0
0,3899,0
0,3600,0
0,3600,0
0,3400,0
0,3701,0
0,3899,0
0,3901,0
0,3400,0
0,2300,0
0,2300,0
0,2200,0
0,2300,0
0,2300,0
0,2700,0
0,13899,0
0,4000,0
0,4000,0
0,3999,0
0,4001,0
0,4000,0
0,3700,0
0,4400,0
0,2300,0
0,2299,0
0,2201,0
0,2300,0
0,4200,0
0,4099,0
0,2601,0
0,2400,0
0,3200,0
0,3900,0
0,4000,0
0,2300,0
0,4000,0
0,4099,0
0,3101,0
0,2200,0
0,2199,0
0,2200,0
0,2200,0
0,2299,0
0,2300,0
0,4099,0
0,4000,0
0,4200,0
0,3700,0
0,4101,0
0,3899,0
0,3800,0
0,3900,0
0,3900,0
0,4200,0
0,3801,0
0,3699,0
0,3401,0
0,2300,0
0,3100,0
0,3900,0
0,4101,0
0,3899,0
0,3400,0
0,3299,0
0,3700,0
0,3800,0
0,3600,0
0,4100,0
0,3900,0
0,3901,0
0,3399,0
0,2201,0
0,2200,0
0,2199,0
0,2201,0
0,2200,0
0,2299,0
0,2201,0
0,2200,0
0,2199,0
0,2901,0
0,3999,0
0,3901,0
0,4199,0
0,4000,0
0,3000,0
0,4000,0
0,3900,0
0,3400,0
0,3001,0
0,3900,0
0,3901,0
0,3899,0
0,3800,0
0,3400,0
0,3300,0
0,3900,0
0,4199,0
0,4201,0
0,3899,0
0,4000,0
0,3900,0
0,3900,0
0,3901,0
0,4000,0
0,3800,0
0,4100,0
0,3999,0
0,4101,0
0,4000,0
0,4000,0
0,4001,0
0,3799,0
0,4201,0
0,3400,0
0,3200,0
0,3800,0
0,4100,0
0,4001,0
0,3899,0
0,4101,0
0,4200,0
0,4100,0
0,4101,0
0,3999,0
0,4000,0
0,5300,0
0,4199,0
0,3800,0
0,4100,0
0,4299,0
0,3901,0
0,3599,0
0,3701,0
0,4300,0
0,3800,0
0,3600,0
0,7700,0
0,10499,0
0,4801,0
0,4200,0
0,4199,0
0,4101,0
0,4100,0
0,4000,0
0,4200,0
0,3799,0
0,4001,0
0,3900,0
0,3900,0
0,4200,0
0,4099,0
0,4001,0
0,3900,0
0,3600,0
0,4100,0
0,3900,0
0,4200,0
0,3800,0
0,3899,0
0,3999,0
0,4001,0
0,4100,0
0,4000,0
0,4200,0
0,4099,0
0,4001,0
0,3500,0
0,3600,0
0,3700,0
0,3700,0
0,3700,0
0,3899,0
0,3901,0
0,4200,0
0,4100,0
0,4000,0
0,3399,0
0,4101,0
0,2299,0
0,2301,0
0,2900,0
0,4000,0
0,3600,0
0,3801,0
0,3699,0
0,3801,0
0,3900,0
0,4000,0
0,4300,0
0,4099,0
0,3301,0
0,5100,0
0,3800,0
0,2901,0
0,4000,0
0,3801,0
0,3799,0
0,3801,0
0,4100,0
0,3700,0
0,3500,0
0,3600,0
0,3900,0
0,3500,0
0,3701,0
0,3900,0
0,3800,0
0,3800,0
0,3700,0
0,4001,0
0,3799,0
0,3601,0
0,3799,0
0,3900,0
0,3700,0
0,3800,0
0,4100,0
0,3899,0
0,3901,0
0,3699,0
0,3800,0
0,3800,0
0,3800,0
0,3700,0
0,4099,0
0,3801,0
0,3799,0
0,3700,0
0,3700,0
0,3800,0
0,4100,0
0,4099,0
0,3601,0
0,3900,0
0,3900,0
0,4000,0
0,4100,0
0,4000,0
0,3999,0
0,3901,0
0,4100,0
0,4000,0
0,4000,0
0,3999,0
0,4001,0
0,3899,0
0,3901,0
0,4300,0
0,4200,0
0,4201,0
0,4099,0
0,4100,0
0,4000,0
0,4000,0
0,4001,0
0,3999,0
0,4100,0
0,4001,0
0,3899,0
0,4001,0
0,3400,0
0,3800,0
0,3800,0
0,3400,0
0,3900,0
0,4099,0
0,3801,0
0,3800,0
0,3900,0
0,3900,0
0,3900,0
0,4001,0
0,4099,0
0,4300,0
0,4100,0
0,4199,0
0,4101,0
0,4099,0
0,4200,0
0,4200,0
0,4201,0
0,4199,0
0,4100,0
0,3900,0
0,4100,0
0,4101,0
0,4199,0
0,4301,0
0,4200,0
0,4199,0
0,4001,0
0,4100,0
0,4200,0
0,4200,0
0,4099,0
0,4301,0
0,4000,0
0,4200,0
0,3900,0
0,4199,0
0,4001,0
0,4200,0
0,4100,0
0,4101,0
0,3899,0
0,3900,0
0,3900,0
0,3199,0
0,3201,0
0,3200,0
0,3201,0
0,3200,0
0,3101,0
0,3300,0
0,4000,0
0,3600,0
0,3600,0
0,3101,0
0,3500,0
0,3801,0
0,3899,0
0,2200,0
0,3499,0
0,4101,0
0,3800,0
0,3800,0
0,3900,0
0,3999,0
0,4201,0
0,4100,0
0,4000,0
0,4001,0
0,4099,0
0,3900,0
0,4100,0
0,19200,0
0,3700,0
0,3999,0
0,3501,0
0,2300,0
0,2300,0
0,2300,0
0,2200,0
0,2600,0
0,4100,0
0,3800,0
0,3799,0
0,4000,0
0,3900,0
0,4000,0
0,3900,0
0,3899,0
0,4201,0
0,4100,0
0,4000,0
0,4100,0
0,4199,0
0,4101,0
0,4200,0
0,4200,0
0,4099,0
0,4200,0
0,4000,0
0,4199,0
0,4301,0
0,3900,0
0,4000,0
0,4000,0
0,3899,0
0,4101,0
0,3800,0
0,4000,0
0,4000,0
0,3999,0
0,4001,0
0,4100,0
0,4000,0
0,4100,0
0,4199,0
0,4101,0
0,3900,0
0,4000,0
0,2299,0
0,2301,0
0,4099,0
0,3701,0
0,3899,0
0,3100,0
0,4000,0
0,4200,0
0,2299,0
0,2500,0
0,3899,0
0,3801,0
0,3800,0
0,4000,0
0,4000,0
0,3999,0
0,4001,0
0,4100,0
0,3900,0
0,3801,0
0,3999,0
0,4001,0
0,4000,0
0,4000,0
0,4000,0
0,3899,0
0,4101,0
0,4200,0
0,4001,0
0,4100,0
0,3800,0
0,3900,0
0,3899,0
0,3800,0
0,4399,0
0,4201,0
0,4200,0
0,4200,0
0,4301,0
0,4399,0
0,4200,0
0,4200,0
0,4199,0
0,4301,0
0,4200,0
0,4200,0
0,4200,0
0,12900,0
0,4200,0
0,4100,0
0,4099,0
0,4201,0
0,4200,0
0,4300,0
0,4200,0
0,4199,0
0,4199,0
0,4400,0
0,4200,0
0,4199,0
0,4201,0
0,4200,0
0,4200,0
0,4200,0
0,4199,0
0,4201,0
0,4200,0
0,4200,0
0,4300,0
0,4299,0
0,4201,0
0,4200,0
0,4199,0
0,4201,0
0,4200,0
0,4400,0
0,4301,0
0,4199,0
0,4300,0
0,4301,0
0,4099,0
0,4200,0
0,4300,0
0,4199,0
0,4201,0
0,4200,0
0,4200,0
0,4200,0
0,4199,0
0,4201,0
0,4200,0
0,4199,0
0,4201,0
0,4199,0
0,4200,0
0,4200,0
0,4199,0
0,4201,0
0,4100,0
0,4300,0
0,4200,0
0,4199,0
0,4201,0
0,4200,0
0,4200,0
0,4200,0
0,4199,0
0,4201,0
0,4200,0
0,4100,0
0,4201,0
0,4199,0
0,4200,0
0,4200,0
0,4099,0
0,4301,0
0,4200,0
0,4200,0
0,4200,0
0,4199,0
0,4201,0
0,4100,0
0,4200,0
0,4200,0
0,4099,0
0,4201,0
0,4200,0
0,4200,0
0,4201,0
0,4199,0
0,4201,0
0,4300,0
0,4200,0
0,4200,0
0,4199,0
0,4201,0
0,4200,0
0,4200,0
0,4201,0
0,28200,0
0,4300,0
0,4201,0
0,4199,0
0,4200,0
0,4100,0
0,4399,0
0,4201,0
0,4300,0
0,4300,0
0,4200,0
0,4199,0
0,4201,0
0,4100,0
0,4200,0
0,4201,0
0,4099,0
0,4101,0
0,4100,0
0,4299,0
0,4201,0
0,4199,0
0,4300,0
0,4100,0
0,4199,0
0,4401,0
0,4100,0
0,3300,0
0,3000,0
0,3300,0
0,3100,0
0,3300,0
0,3299,0
0,3800,0
0,3500,0
0,3900,0
0,4000,0
0,4199,0
0,3801,0
0,4200,0
0,4100,0
0,4000,0
0,3899,0
0,4100,0
0,4300,0
0,4199,0
0,4001,0
0,4000,0
0,4100,0
0,4000,0
0,4099,0
0,4001,0
0,4200,0
0,7000,0
0,4100,0
0,4100,0
0,3999,0
0,4101,0
0,4100,0
0,4000,0
0,4200,0
0,3999,0
0,3901,0
0,3800,0
0,4100,0
0,4000,0
0,3899,0
0,3901,0
0,4100,0
0,3900,0
0,4200,0
0,3800,0
0,4201,0
0,3999,0
0,4000,0
0,4000,0
0,4000,0
0,3901,0
0,3999,0
0,4100,0
0,4100,0
0,3999,0
0,3901,0
0,4099,0
0,4000,0
0,4000,0
0,4099,0
0,4101,0
0,4200,0
0,4100,0
0,4100,0
0,4199,0
0,4201,0
0,3900,0
0,4101,0
0,4099,0
0,4101,0
0,4200,0
0,4200,0
0,4001,0
0,3899,0
0,4301,0
0,4000,0
0,3800,0
0,4001,0
0,3999,0
0,3801,0
0,4000,0
0,4100,0
0,3900,0
0,4199,0
0,2201,0
0,2200,0
0,2299,0
0,2301,0
0,2200,0
0,2299,0
0,2301,0
0,2200,0
0,2299,0
0,2201,0
0,2300,0
0,2299,0
0,2201,0
0,2300,0
0,3700,0
0,3800,0
0,3500,0
0,4200,0
0,4001,0
0,3599,0
0,3901,0
0,3900,0
0,4100,0
0,4100,0
0,3999,0
0,4601,0
0,4000,0
0,2400,0
0,2199,0
0,2301,0
0,2200,0
0,2199,0
0,2301,0
0,2300,0
0,2299,0
0,2201,0
0,2200,0
0,2199,0
0,2301,0
0,2200,0
0,2199,0
0,2301,0
0,2200,0
0,2299,0
0,2301,0
0,2200,0
0,8000,0
0,2199,0
0,2201,0
0,2300,0
0,2299,0
0,2201,0
0,2300,0
0,2199,0
0,3601,0
0,3699,0
1,1000,0
1,700,0
1,700,0
1,600,0
1,600,0
1,1200,0
1,1199,0
1,1201,0
1,400,0
1,800,0
1,3400,0
1,800,0
1,2200,0
1,7500,0
1,400,0
1,300,0
1,500,0
1,2701,0
1,800,0
1,1300,0
1,1200,0
1,699,0
1,1000,0
1,600,0
1,2400,0
1,700,0
1,600,0
1,1099,0
1,1101,0
1,700,0
1,399,0
1,1001,0
1,300,0
1,600,0
1,700,0
1,500,0
1,1801,0
1,600,0
1,1900,0
1,1200,0
1,1201,0
1,600,0
1,900,0
1,2499,0
1,2401,0
1,300,0
1,2400,0
1,2399,0
1,300,0
1,600,0
1,500,0
1,700,0
1,500,0
1,700,0
1,799,0
1,500,0
1,2401,0
1,300,0
1,600,0
1,2499,0
1,1001,0
1,500,0
1,700,0
1,600,0
1,300,0
1,600,0
1,600,0
1,499,0
1,1200,0
1,500,0
1,300,0
1,800,0
1,1100,0
1,700,0
1,1199,0
1,1000,0
1,6999,0
1,1000,0
1,500,0
1,1500,0
1,900,0
1,1299,0
1,1201,0
1,7300,0
1,1300,0
1,1000,0
1,500,0
1,500,0
1,799,0
1,2401,0
1,300,0
1,400,0
1,2400,0
1,699,0
1,300,0
1,500,0
1,700,0
1,1100,0
1,1100,0
1,700,0
1,2399,0
1,1200,0
1,1000,0
1,400,0
1,2399,0
1,700,0
1,1101,0
1,3100,0
1,600,0
1,300,0
1,2401,0
1,300,0
1,2400,0
1,700,0
1,699,0
1,500,0
1,1101,0
1,500,0
1,2400,0
1,300,0
1,699,0
1,700,0
1,1101,0
1,500,0
1,600,0
1,2400,0
1,2400,0
1,300,0
1,500,0
1,500,0
1,1200,0
1,700,0
1,699,0
1,1101,0
1,400,0
1,1000,0
1,300,0
1,500,0
1,300,0
1,1100,0
1,1000,0
1,700,0
1,300,0
1,500,0
1,1000,0
1,601,0
1,2400,0
1,1100,0
1,1099,0
1,2401,0
1,600,0
1,1100,0
1,1200,0
1,2400,0
1,700,0
1,500,0
1,700,0
1,2399,0
1,2401,0
1,500,0
1,800,0
1,1100,0
1,1199,0
1,300,0
1,1000,0
1,1000,0
1,700,0
1,300,0
1,2399,0
1,701,0
1,1100,0
1,300,0
1,1000,0
1,300,0
1,1100,0
1,499,0
1,1101,0
1,700,0
1,2400,0
1,2399,0
1,700,0
1,1200,0
1,700,0
1,2400,0
1,2500,0
1,700,0
1,900,0
1,1100,0
1,500,0
1,500,0
1,700,0
1,700,0
1,600,0
1,800,0
1,700,0
1,1101,0
1,700,0
1,1200,0
1,500,0
1,2399,0
1,1101,0
1,1000,0
1,500,0
1,700,0
1,700,0
1,1099,0
1,2401,0
1,600,0
1,500,0
1,500,0
1,700,0
1,700,0
1,2401,0
1,600,0
1,2400,0
1,500,0
1,399,0
1,300,0
1,2401,0
1,700,0
1,500,0
1,1000,0
1,300,0
1,2400,0
1,1000,0
1,700,0
1,2400,0
1,299,0
1,700,0
1,2401,0
1,700,0
1,1000,0
1,1000,0
1,600,0
1,400,0
1,701,0
1,700,0
1,1000,0
1,300,0
1,600,0
1,1100,0
1,1100,0
1,2401,0
1,700,0
1,1200,0
1,700,0
1,1099,0
1,1100,0
1,500,0
1,1199,0
1,500,0
1,700,0
1,1100,0
1,300,0
1,500,0
1,1000,0
1,599,0
1,500,0
1,1100,0
1,1200,0
1,2401,0
1,500,0
1,2400,0
1,300,0
1,999,0
1,600,0
1,501,0
1,1200,0
1,2400,0
1,600,0
1,999,0
1,500,0
1,700,0
1,500,0
1,700,0
1,1000,0
1,500,0
1,699,0
1,300,0
1,700,0
1,1100,0
1,500,0
1,700,0
1,1100,0
1,700,0
1,700,0
1,300,0
1,700,0
1,700,0
1,400,0
1,1100,0
1,699,0
1,1201,0
1,2400,0
1,600,0
1,300,0
1,1199,0
1,900,0
1,1201,0
1,300,0
1,800,0
1,800,0
1,800,0
1,1000,0
1,700,0
1,2401,0
1,900,0
1,300,0
1,1100,0
1,300,0
1,2401,0
1,700,0
1,800,0
1,300,0
1,500,0
1,1100,0
1,1199,0
1,300,0
1,500,0
1,700,0
1,700,0
1,1000,0
1,1200,0
1,1099,0
1,700,0
1,500,0
1,1200,0
1,700,0
1,500,0
1,2399,0
1,1201,0
1,300,0
1,700,0
1,300,0
1,2400,0
1,700,0
1,400,0
1,1201,0
1,300,0
1,2500,0
1,700,0
1,2399,0
1,701,0
1,500,0
1,1000,0
1,9300,0
1,400,0
1,999,0
1,1001,0
1,600,0
1,500,0
1,800,0
1,1800,0
1,4001,0
1,1100,0
1,700,0
1,3501,0
1,1900,0
1,900,0
1,700,0
1,1401,0
1,3800,0
1,499,0
1,1601,0
1,900,0
1,700,0
1,800,0
1,1799,0
1,1701,0
1,1500,0
1,1000,0
1,1099,0
1,2101,0
1,1200,0
1,1300,0
1,1299,0
1,600,0
1,1901,0
1,800,0
1,500,0
1,4600,0
1,900,0
1,1300,0
1,2099,0
1,1201,0
1,1600,0
1,1100,0
1,600,0
1,899,0
1,4001,0
1,1000,0
1,1799,0
1,500,0
1,900,0
1,1700,0
1,1200,0
1,1100,0
1,500,0
1,500,0
1,800,0
1,800,0
1,1699,0
1,1101,0
1,1200,0
1,2000,0
1,1299,0
1,1001,0
1,1300,0
1,3300,0
1,300,0
1,700,0
1,699,0
1,1000,0
1,500,0
1,500,0
1,500,0
1,700,0
1,700,0
1,700,0
1,499,0
1,1200,0
1,1001,0
1,700,0
1,2400,0
1,1100,0
1,600,0
1,700,0
1,700,0
1,500,0
1,300,0
1,2400,0
1,1199,0
1,600,0
1,2399,0
1,501,0
1,500,0
1,500,0
1,600,0
1,500,0
1,700,0
1,500,0
1,999,0
1,1101,0
1,500,0
1,500,0
1,700,0
1,500,0
1,500,0
1,1100,0
1,600,0
1,700,0
1,500,0
1,500,0
1,600,0
1,700,0
1,500,0
1,2399,0
1,500,0
1,500,0
1,2400,0
1,1000,0
1,300,0
1,500,0
1,2401,0
1,700,0
1,600,0
1,2401,0
1,300,0
1,900,0
1,700,0
1,500,0
1,399,0
1,600,0
1,300,0
1,701,0
1,700,0
1,600,0
1,500,0
1,500,0
1,1000,0
1,499,0
1,1100,0
1,600,0
1,2400,0
1,700,0
1,700,0
1,499,0
1,300,0
1,700,0
1,2400,0
1,700,0
1,2399,0
1,700,0
1,501,0
1,2400,0
1,1100,0
1,700,0
1,499,0
1,500,0
1,1601,0
1,1100,0
1,1000,0
1,500,0
1,2399,0
1,301,0
1,2400,0
1,600,0
1,2399,0
1,2401,0
1,700,0
1,700,0
1,500,0
1,1100,0
1,700,0
1,1201,0
1,1100,0
1,700,0
1,1100,0
1,600,0
1,1299,0
1,2699,0
1,701,0
1,1200,0
1,1000,0
1,1100,0
1,300,0
1,2400,0
1,500,0
1,300,0
1,1000,0
1,1200,0
1,300,0
1,699,0
1,2401,0
1,1200,0
1,1600,0
1,1199,0
1,500,0
1,1001,0
1,300,0
1,500,0
1,700,0
1,500,0
1,700,0
1,600,0
1,299,0
1,400,0
1,500,0
1,500,0
1,500,0
1,2400,0
1,500,0
1,999,0
1,700,0
1,1101,0
1,700,0
1,500,0
1,300,0
1,1200,0
1,600,0
1,1099,0
1,1001,0
1,2400,0
1,600,0
1,1200,0
1,699,0
1,1201,0
1,1000,0
1,2500,0
1,1100,0
1,299,0
1,700,0
1,1001,0
1,300,0
1,2500,0
1,700,0
1,1000,0
1,700,0
1,700,0
1,2399,0
1,701,0
1,1000,0
1,1000,0
1,700,0
1,500,0
1,1199,0
1,2401,0
1,1200,0
1,600,0
1,700,0
1,300,0
1,500,0
1,1000,0
1,301,0
1,500,0
1,300,0
1,700,0
1,2400,0
1,699,0
1,2501,0
1,2400,0
1,1000,0
1,500,0
1,2400,0
1,700,0
1,300,0
1,7300,0
1,1200,0
1,400,0
1,2499,0
1,501,0
1,2400,0
1,700,0
1,600,0
1,999,0
1,300,0
1,1101,0
1,1000,0
1,300,0
1,1200,0
1,2399,0
1,2401,0
1,2400,0
1,500,0
1,500,0
1,1000,0
1,501,0
1,300,0
1,700,0
1,2401,0
1,1000,0
1,300,0
1,1000,0
1,500,0
1,1099,0
1,300,0
1,801,0
1,500,0
1,2400,0
1,600,0
1,1200,0
1,300,0
1,700,0
1,1101,0
1,2300,0
1,500,0
1,500,0
1,2400,0
1,400,0
1,600,0
1,700,0
1,500,0
1,700,0
1,999,0
1,500,0
1,501,0
1,700,0
1,1100,0
1,1000,0
1,2401,0
1,1200,0
1,700,0
1,1100,0
1,1100,0
1,1000,0
1,601,0
1,2400,0
1,9300,0
1,2400,0
1,1000,0
1,500,0
1,300,0
1,500,0
1,300,0
1,1199,0
1,600,0
1,300,0
1,2400,0
1,500,0
1,600,0
1,699,0
1,1201,0
1,2399,0
1,700,0
1,1201,0
1,500,0
1,700,0
1,1200,0
1,500,0
1,1501,0
1,2400,0
1,1000,0
1,1099,0
1,700,0
1,1100,0
1,1200,0
1,500,0
1,900,0
1,2399,0
1,800,0
1,700,0
1,700,0
1,700,0
1,500,0
1,499,0
1,2501,0
1,700,0
1,700,0
1,500,0
1,1000,0
1,1199,0
1,701,0
1,300,0
1,2600,0
1,2499,0
1,500,0
1,1000,0
1,2400,0
1,300,0
1,499,0
1,300,0
1,1301,0
1,1000,0
1,2400,0
1,700,0
1,2401,0
1,1000,0
1,700,0
1,500,0
1,400,0
1,2400,0
1,1000,0
1,1100,0
1,700,0
1,700,0
1,700,0
1,1001,0
1,1100,0
1,700,0
1,1100,0
1,300,0
1,300,0
1,601,0
1,500,0
1,2400,0
1,600,0
1,2700,0
1,500,0
1,400,0
1,500,0
1,600,0
1,799,0
1,600,0
1,1200,0
1,700,0
1,800,0
1,500,0
1,500,0
1,300,0
1,500,0
1,400,0
1,1500,0
1,700,0
1,699,0
1,300,0
1,701,0
1,500,0
1,2300,0
1,500,0
1,1400,0
1,700,0
1,2500,0
1,700,0
1,699,0
1,700,0
1,300,0
1,700,0
1,900,0
1,700,0
1,700,0
1,1200,0
1,300,0
1,500,0
1,700,0
1,1199,0
1,700,0
1,800,0
1,400,0
1,600,0
1,700,0
1,300,0
1,700,0
1,1200,0
1,1100,0
1,700,0
1,899,0
1,700,0
1,500,0
1,2400,0
1,300,0
1,700,0
1,399,0
1,500,0
1,300,0
1,700,0
1,300,0
1,800,0
1,600,0
1,300,0
1,700,0
1,1099,0
1,1001,0
1,2400,0
1,1100,0
1,600,0
1,400,0
1,600,0
1,601,0
1,1000,0
1,700,0
1,600,0
1,600,0
1,999,0
1,1100,0
1,600,0
1,700,0
1,700,0
1,500,0
1,700,0
1,2499,0
1,2401,0
1,500,0
1,1000,0
1,700,0
1,999,0
1,500,0
1,701,0
1,2400,0
1,600,0
1,2399,0
1,500,0
1,1000,0
1,600,0
1,700,0
1,500,0
1,600,0
1,700,0
1,800,0
1,600,0
1,700,0
1,700,0
1,300,0
1,499,0
1,500,0
1,1001,0
1,2500,0
1,1000,0
1,300,0
1,699,0
1,2401,0
1,700,0
1,300,0
1,300,0
1,300,0
1,500,0
1,1199,0
1,500,0
1,1001,0
1,300,0
1,300,0
1,300,0
1,1000,0
1,600,0
1,500,0
1,699,0
1,1200,0
1,1200,0
1,700,0
1,700,0
1,300,0
1,500,0
1,700,0
1,299,0
1,300,0
1,1101,0
1,700,0
1,1200,0
1,1200,0
1,2399,0
1,300,0
1,2400,0
1,700,0
1,700,0
1,500,0
1,999,0
1,700,0
1,301,0
1,700,0
1,700,0
1,1200,0
1,400,0
1,1100,0
1,400,0
1,700,0
1,1000,0
1,1000,0
1,2400,0
1,2400,0
1,1000,0
1,2399,0
1,1101,0
1,2400,0
1,1100,0
1,699,0
1,600,0
1,2401,0
1,700,0
1,500,0
1,1100,0
1,699,0
1,300,0
1,1001,0
1,2400,0
1,1200,0
1,2399,0
1,2401,0
1,1000,0
1,2400,0
1,1000,0
1,301,0
1,500,0
1,500,0
1,400,0
1,700,0
1,600,0
1,500,0
1,2400,0
1,300,0
1,300,0
1,2400,0
1,700,0
1,700,0
1,700,0
1,701,0
1,400,0
1,2400,0
1,500,0
1,500,0
1,2400,0
1,500,0
1,700,0
1,700,0
1,600,0
1,5000,0
1,1000,0
1,1100,0
1,300,0
1,401,0
1,300,0
1,1000,0
1,500,0
1,700,0
1,600,0
1,700,0
1,600,0
1,701,0
1,600,0
1,500,0
1,500,0
1,300,0
1,500,0
1,1100,0
1,999,0
1,700,0
1,2501,0
1,300,0
1,1200,0
1,300,0
1,1099,0
1,1101,0
1,1100,0
1,600,0
1,900,0
1,300,0
1,500,0
1,2400,0
1,400,0
1,600,0
1,2400,0
1,500,0
1,1099,0
1,600,0
1,301,0
1,500,0
1,500,0
1,300,0
1,1000,0
1,1100,0
1,699,0
1,2301,0
1,500,0
1,300,0
1,500,0
1,300,0
1,500,0
1,799,0
1,700,0
1,1201,0
1,700,0
1,700,0
1,2400,0
1,499,0
1,700,0
1,300,0
1,1199,0
1,600,0
1,2401,0
1,600,0
1,2400,0
1,1100,0
1,1101,0
1,600,0
1,600,0
1,500,0
1,1100,0
1,500,0
1,600,0
1,700,0
1,2400,0
1,1100,0
1,1100,0
1,999,0
1,700,0
1,1000,0
1,2400,0
1,1000,0
1,2400,0
1,700,0
1,1200,0
1,300,0
1,500,0
1,1000,0
1,599,0
1,1200,0
1,1201,0
1,300,0
1,1100,0
1,300,0
1,2399,0
1,1101,0
1,300,0
1,500,0
1,1000,0
1,700,0
1,300,0
1,500,0
1,500,0
1,500,0
1,300,0
1,601,0
1,800,0
1,1000,0
1,800,0
1,700,0
1,400,0
1,1000,0
1,1000,0
1,300,0
1,700,0
1,599,0
1,500,0
1,1101,0
1,500,0
1,1000,0
1,900,0
1,500,0
1,999,0
1,1000,0
1,1000,0
1,2500,0
1,300,0
1,700,0
1,1099,0
1,1001,0
1,600,0
1,1000,0
1,2400,0
1,1099,0
1,500,0
1,1001,0
1,700,0
1,500,0
1,700,0
1,500,0
1,700,0
1,299,0
1,500,0
1,901,0
1,300,0
1,500,0
1,500,0
1,500,0
1,300,0
1,2399,0
1,1101,0
1,300,0
1,2400,0
1,1000,0
1,899,0
1,2401,0
1,1100,0
1,600,0
1,1200,0
1,700,0
1,699,0
1,500,0
1,2401,0
1,300,0
1,1200,0
1,600,0
1,1199,0
1,400,0
1,600,0
1,500,0
1,1100,0
1,700,0
1,2401,0
1,3899,0
1,300,0
1,501,0
1,700,0
1,1300,0
1,300,0
1,600,0
1,600,0
1,300,0
1,2400,0
1,600,0
1,400,0
1,600,0
1,300,0
1,700,0
1,1100,0
1,299,0
1,2401,0
1,2400,0
1,700,0
1,700,0
1,599,0
1,300,0
1,300,0
1,700,0
1,1100,0
1,600,0
1,300,0
1,700,0
1,1099,0
1,700,0
1,1100,0
1,800,0
1,1000,0
1,501,0
1,2400,0
1,2400,0
1,2400,0
1,1100,0
1,500,0
1,2400,0
1,499,0
1,2401,0
1,1200,0
1,300,0
1,500,0
1,500,0
1,700,0
1,600,0
1,2399,0
1,2401,0
1,500,0
1,500,0
1,500,0
1,1000,0
1,500,0
1,2401,0
1,300,0
1,1100,0
1,1100,0
1,700,0
1,500,0
1,500,0
1,2501,0
1,700,0
1,700,0
1,800,0
1,599,0
1,700,0
1,400,0
1,300,0
1,1100,0
1,1100,0
1,500,0
1,1000,0
1,2401,0
1,600,0
1,1100,0
1,500,0
1,1000,0
1,499,0
1,500,0
1,901,0
1,500,0
1,300,0
1,600,0
1,700,0
1,500,0
1,500,0
1,700,0
1,600,0
1,701,0
1,500,0
1,300,0
1,500,0
1,2400,0
1,700,0
1,1000,0
1,1201,0
1,700,0
1,700,0
1,300,0
1,1200,0
1,2500,0
1,2399,0
1,1001,0
1,2400,0
1,1000,0
1,300,0
1,500,0
1,1199,0
1,701,0
1,1200,0
1,600,0
1,300,0
1,1000,0
1,1000,0
1,999,0
1,2401,0
1,1000,0
1,700,0
1,700,0
1,300,0
1,2400,0
1,700,0
1,300,0
1,600,0
1,2400,0
1,299,0
1,500,0
1,700,0
1,700,0
1,1100,0
1,1200,0
1,600,0
1,1000,0
1,600,0
1,2401,0
1,1200,0
1,500,0
1,2399,0
1,2401,0
1,1000,0
1,300,0
1,700,0
1,500,0
1,400,0
1,999,0
1,500,0
1,500,0
1,500,0
1,300,0
1,700,0
1,1000,0
1,800,0
1,1199,0
1,2401,0
1,400,0
1,499,0
1,300,0
1,701,0
1,1000,0
1,500,0
1,2400,0
1,700,0
1,600,0
1,701,0
1,1000,0
1,700,0
1,500,0
1,500,0
1,1100,0
1,699,0
1,2401,0
1,1100,0
1,1300,0
1,1100,0
1,500,0
1,300,0
1,500,0
1,500,0
1,600,0
1,699,0
1,300,0
1,1001,0
1,1100,0
1,700,0
1,1100,0
1,700,0
1,1100,0
1,1201,0
1,500,0
1,700,0
1,2400,0
1,1199,0
1,300,0
1,700,0
1,700,0
1,600,0
1,2400,0
1,699,0
1,1200,0
1,300,0
1,600,0
1,700,0
1,1100,0
1,500,0
1,500,0
1,1099,0
1,700,0
1,501,0
1,900,0
1,600,0
1,699,0
1,300,0
1,601,0
1,1100,0
1,2400,0
1,600,0
1,1099,0
1,500,0
1,301,0
1,2400,0
1,1000,0
1,600,0
1,700,0
1,2401,0
1,2400,0
1,2399,0
1,2401,0
1,700,0
1,500,0
1,700,0
1,600,0
1,700,0
1,1099,0
1,600,0
1,1000,0
1,1000,0
1,1100,0
1,2399,0
1,700,0
1,1300,0
1,1200,0
1,1000,0
1,1000,0
1,2400,0
1,500,0
1,700,0
1,700,0
1,2400,0
1,799,0
1,500,0
1,1001,0
1,1000,0
1,2400,0
1,2299,0
1,700,0
1,2400,0
1,600,0
1,1100,0
1,599,0
1,2401,0
1,400,0
1,300,0
1,700,0
1,1500,0
1,700,0
1,1100,0
1,500,0
1,699,0
1,2401,0
1,300,0
1,500,0
1,1000,0
1,2399,0
1,1101,0
1,700,0
1,300,0
1,300,0
1,1100,0
1,1100,0
1,1099,0
1,700,0
1,301,0
1,700,0
1,500,0
1,700,0
1,700,0
1,1200,0
1,699,0
1,400,0
1,1001,0
1,500,0
1,500,0
1,300,0
1,1100,0
1,700,0
1,1199,0
1,700,0
1,701,0
1,700,0
1,1100,0
1,1100,0
1,500,0
1,1099,0
1,700,0
1,601,0
1,1200,0
1,700,0
1,1200,0
1,1000,0
1,699,0
1,1201,0
1,7099,0
1,4000,0
1,700,0
1,1099,0
1,700,0
1,500,0
1,2400,0
1,900,0
1,1001,0
1,2400,0
1,1000,0
1,700,0
1,699,0
1,700,0
1,501,0
1,1000,0
1,500,0
1,600,0
1,700,0
1,1200,0
1,499,0
1,600,0
1,1101,0
1,1000,0
1,600,0
1,900,0
1,500,0
1,1099,0
1,500,0
1,1101,0
1,1000,0
1,700,0
1,500,0
1,700,0
1,700,0
1,800,0
1,2500,0
1,600,0
1,300,0
1,701,0
1,700,0
1,300,0
1,2400,0
1,300,0
1,2400,0
1,300,0
1,7200,0
1,300,0
1,700,0
1,700,0
1,1000,0
1,500,0
1,699,0
1,700,0
1,701,0
1,500,0
1,700,0
1,700,0
1,300,0
1,600,0
1,2399,0
1,700,0
1,1100,0
1,1099,0
1,500,0
1,501,0
1,700,0
1,2400,0
1,600,0
1,300,0
1,999,0
1,300,0
1,701,0
1,500,0
1,500,0
1,600,0
1,700,0
1,300,0
1,700,0
1,299,0
1,2301,0
1,1000,0
1,1700,0
1,700,0
1,999,0
1,1101,0
1,500,0
1,300,0
1,2400,0
1,500,0
1,700,0
1,500,0
1,1000,0
1,2400,0
1,600,0
1,700,0
1,500,0
1,500,0
1,2401,0
1,600,0
1,700,0
1,700,0
1,1200,0
1,500,0
1,2301,0
1,2400,0
1,700,0
1,2299,0
1,1201,0
1,600,0
1,1000,0
1,700,0
1,1000,0
1,500,0
1,1100,0
1,601,0
1,600,0
1,1200,0
1,1399,0
1,400,0
1,400,0
1,1001,0
1,700,0
1,900,0
1,300,0
1,500,0
1,500,0
1,300,0
1,999,0
1,701,0
1,1000,0
1,500,0
1,700,0
1,700,0
1,300,0
1,1000,0
1,500,0
1,1001,0
1,500,0
1,2400,0
1,300,0
1,500,0
1,500,0
1,500,0
1,2401,0
1,300,0
1,500,0
1,300,0
1,500,0
1,700,0
1,600,0
1,1000,0
1,701,0
1,300,0
1,1000,0
1,300,0
1,700,0
1,1200,0
1,699,0
1,500,0
1,701,0
1,300,0
1,500,0
1,500,0
1,700,0
1,300,0
1,300,0
1,700,0
1,1099,0
1,500,0
1,1101,0
1,900,0
1,1101,0
1,2400,0
1,700,0
1,600,0
1,500,0
1,700,0
1,701,0
1,500,0
1,300,0
1,700,0
1,1100,0
1,300,0
1,400,0
1,299,0
1,700,0
1,601,0
1,1100,0
1,500,0
1,700,0
1,1200,0
1,1099,0
1,500,0
1,601,0
1,2400,0
1,2500,0
1,599,0
1,1001,0
1,1000,0
1,700,0
1,1100,0
1,2399,0
1,1000,0
1,500,0
1,700,0
1,700,0
1,700,0
1,1100,0
1,4500,0
1,600,0
1,2400,0
1,2400,0
1,400,0
1,1100,0
1,500,0
1,1100,0
1,600,0
1,2400,0
1,1000,0
1,700,0
1,1000,0
1,300,0
1,500,0
1,699,0
1,300,0
1,1100,0
1,1100,0
1,2401,0
1,500,0
1,500,0
1,1000,0
1,1200,0
1,1099,0
1,600,0
1,1100,0
1,2400,0
1,1000,0
1,1099,0
1,600,0
1,600,0
1,500,0
1,500,0
1,1100,0
1,1000,0
1,599,0
1,600,0
1,701,0
1,300,0
1,700,0
1,9900,0
1,500,0
1,499,0
1,2401,0
1,2400,0
1,500,0
1,300,0
1,500,0
1,2401,0
1,300,0
1,1000,0
1,1000,0
1,900,0
1,999,0
1,2501,0
1,400,0
1,300,0
1,700,0
1,600,0
1,999,0
1,1100,0
1,1000,0
1,700,0
1,700,0
1,500,0
1,500,0
1,600,0
1,499,0
1,300,0
1,500,0
1,301,0
1,400,0
1,2399,0
1,300,0
1,301,0
1,1200,0
1,2500,0
1,700,0
1,699,0
1,300,0
1,500,0
1,1000,0
1,1000,0
1,2500,0
1,500,0
1,600,0
1,1101,0
1,1100,0
1,300,0
1,700,0
1,700,0
1,1000,0
1,299,0
1,600,0
1,701,0
1,500,0
1,2500,0
1,2499,0
1,700,0
1,701,0
1,2400,0
1,1200,0
1,500,0
1,299,0
1,700,0
1,300,0
1,700,0
1,300,0
1,1000,0
1,300,0
1,2400,0
1,500,0
1,500,0
1,2401,0
1,500,0
1,500,0
1,1200,0
1,499,0
1,200,0
1,700,0
1,500,0
1,300,0
1,1100,0
1,500,0
1,700,0
1,599,0
1,1100,0
1,700,0
1,1000,0
1,700,0
1,499,0
1,2401,0
1,500,0
1,700,0
1,1000,0
1,600,0
1,699,0
1,600,0
1,1001,0
1,500,0
1,700,0
1,300,0
1,800,0
1,700,0
1,700,0
1,2401,0
1,1100,0
1,1100,0
1,700,0
1,2399,0
1,801,0
1,1000,0
1,1100,0
1,800,0
1,600,0
1,999,0
1,700,0
1,500,0
1,1100,0
1,300,0
1,500,0
1,1200,0
1,1099,0
1,700,0
1,501,0
1,300,0
1,1200,0
1,2400,0
1,1099,0
1,2401,0
1,500,0
1,2500,0
1,500,0
1,1099,0
1,1300,0
1,1699,0
1,2401,0
1,1400,0
1,900,0
1,1399,0
1,800,0
1,5800,0
1,2300,0
1,3299,0
1,901,0
1,900,0
1,700,0
1,900,0
1,700,0
1,700,0
1,599,0
1,1501,0
1,700,0
1,700,0
1,700,0
1,3099,0
1,600,0
1,800,0
1,500,0
1,500,0
1,1200,0
1,700,0
1,1199,0
1,1201,0
1,1200,0
1,600,0
1,700,0
1,1100,0
1,600,0
1,499,0
1,1301,0
1,1200,0
1,300,0
1,2600,0
1,800,0
1,500,0
1,300,0
1,601,0
1,600,0
1,700,0
1,2500,0
1,1099,0
1,1000,0
1,1201,0
1,600,0
1,700,0
1,2500,0
1,500,0
1,1101,0
1,1200,0
1,300,0
1,2500,0
1,300,0
1,1199,0
1,2600,0
1,1099,0
1,700,0
1,1200,0
1,300,0
1,600,0
1,2400,0
1,299,0
1,600,0
1,2601,0
1,700,0
1,600,0
1,1100,0
1,1099,0
1,700,0
1,700,0
1,1000,0
1,600,0
1,1100,0
1,800,0
1,699,0
1,2401,0
1,300,0
1,1300,0
1,500,0
1,800,0
1,1199,0
1,600,0
1,1001,0
1,500,0
1,1300,0
1,700,0
1,500,0
1,300,0
1,500,0
1,1000,0
1,15100,0
1,3099,0
1,1200,0
1,1400,0
1,500,0
1,1099,0
1,501,0
1,600,0
1,800,0
1,1100,0
1,400,0
1,1999,0
1,400,0
1,400,0
1,700,0
1,1100,0
1,700,0
1,4300,0
1,1400,0
1,4701,0
1,4100,0
1,1400,0
1,900,0
1,1599,0
1,1101,0
1,1300,0
1,1800,0
1,899,0
1,1701,0
1,900,0
1,4499,0
1,4900,0
1,1599,0
1,1100,0
1,900,0
1,1000,0
1,500,0
1,2300,0
1,1300,0
1,1100,0
1,1999,0
1,1200,0
1,1800,0
1,600,0
1,299,0
1,1100,0
1,1100,0
1,600,0
1,600,0
1,600,0
1,700,0
1,700,0
1,400,0
1,200,0
1,701,0
1,500,0
1,1000,0
1,1100,0
1,2399,0
1,600,0
1,500,0
1,1000,0
1,500,0
1,300,0
1,300,0
1,500,0
1,700,0
1,599,0
1,1000,0
1,2500,0
1,1000,0
1,500,0
1,600,0
1,500,0
1,4401,0
1,1800,0
1,900,0
1,1201,0
1,800,0
1,500,0
1,700,0
1,300,0
1,1100,0
1,699,0
1,300,0
1,500,0
1,500,0
1,900,0
1,1000,0
1,500,0
1,700,0
1,699,0
1,400,0
1,701,0
1,600,0
1,300,0
1,700,0
1,2400,0
1,1199,0
1,2401,0
1,2400,0
1,300,0
1,700,0
1,900,0
1,1101,0
1,1000,0
1,2400,0
1,300,0
1,699,0
1,1100,0
1,500,0
1,1000,0
1,500,0
1,2400,0
1,499,0
1,500,0
1,701,0
1,1200,0
1,700,0
1,2501,0
1,700,0
1,2399,0
1,300,0
1,1001,0
1,1000,0
1,2400,0
1,700,0
1,2401,0
1,2400,0
1,300,0
1,2399,0
1,500,0
1,301,0
1,700,0
1,700,0
1,900,0
1,500,0
1,500,0
1,700,0
1,300,0
1,700,0
1,701,0
1,500,0
1,1100,0
1,1100,0
1,2399,0
1,500,0
1,301,0
1,1200,0
1,1000,0
1,2400,0
1,499,0
1,300,0
1,300,0
1,2401,0
1,600,0
1,700,0
1,600,0
1,500,0
1,600,0
1,600,0
1,501,0
1,300,0
1,1000,0
1,700,0
1,1099,0
1,700,0
1,701,0
1,1000,0
1,300,0
1,700,0
1,700,0
1,2399,0
1,701,0
1,1000,0
1,500,0
1,500,0
1,700,0
1,500,0
1,1100,0
1,2501,0
1,1500,0
1,1200,0
1,2100,0
1,1100,0
1,700,0
1,1101,0
1,1200,0
1,700,0
1,700,0
1,400,0
1,1000,0
1,1099,0
1,2401,0
1,900,0
1,1000,0
1,1100,0
1,700,0
1,2401,0
1,1000,0
1,400,0
1,700,0
1,700,0
1,699,0
1,900,0
1,500,0
1,2400,0
1,2399,0
1,600,0
1,13601,0
1,499,0
1,600,0
1,300,0
1,1200,0
1,1000,0
1,500,0
1,700,0
1,700,0
1,999,0
1,500,0
1,1001,0
1,700,0
1,300,0
1,600,0
1,1000,0
1,700,0
1,599,0
1,700,0
1,701,0
1,300,0
1,600,0
1,700,0
1,1100,0
1,600,0
1,1299,0
1,1201,0
1,2400,0
1,1000,0
1,2401,0
1,700,0
1,700,0
1,300,0
1,1000,0
1,600,0
1,1101,0
1,2400,0
1,2500,0
1,699,0
1,500,0
1,301,0
1,300,0
1,1200,0
1,4799,0
1,501,0
1,2400,0
1,300,0
1,1000,0
1,999,0
1,1100,0
1,600,0
1,1200,0
1,500,0
1,500,0
1,600,0
1,2399,0
1,1101,0
1,700,0
1,600,0
1,700,0
1,700,0
1,400,0
1,500,0
1,700,0
1,1101,0
1,2400,0
1,700,0
1,500,0
1,1099,0
1,700,0
1,1201,0
1,2400,0
1,700,0
1,600,0
1,499,0
1,700,0
1,701,0
1,500,0
1,700,0
1,1000,0
1,700,0
1,2501,0
1,500,0
1,1200,0
1,500,0
1,499,0
1,600,0
1,500,0
1,500,0
1,500,0
1,500,0
1,1000,0
1,1000,0
1,2399,0
1,2401,0
1,500,0
1,700,0
1,1200,0
1,699,0
1,1000,0
1,2401,0
1,300,0
1,300,0
1,600,0
1,500,0
1,300,0
1,1000,0
1,1001,0
1,2400,0
1,500,0
1,600,0
1,699,0
1,1000,0
1,701,0
1,500,0
1,600,0
1,1200,0
1,500,0
1,300,0
1,999,0
1,300,0
1,600,0
1,500,0
1,600,0
1,500,0
1,600,0
1,500,0
1,2399,0
1,300,0
1,600,0
1,1200,0
1,600,0
1,1000,0
1,400,0
1,500,0
1,999,0
1,1000,0
1,700,0
1,500,0
1,2399,0
1,300,0
1,600,0
1,2400,0
1,300,0
1,500,0
1,300,0
1,699,0
1,700,0
1,2400,0
1,600,0
1,2000,0
1,1200,0
1,1000,0
1,1100,0
1,600,0
1,1100,0
1,999,0
1,1301,0
1,500,0
1,600,0
1,2000,0
1,600,0
1,1801,0
1,500,0
1,1000,0
1,700,0
1,2399,0
1,300,0
1,1001,0
1,300,0
1,700,0
1,600,0
1,500,0
1,300,0
1,300,0
1,1099,0
1,700,0
1,1201,0
1,1200,0
1,300,0
1,500,0
1,700,0
1,600,0
1,1100,0
1,701,0
1,1200,0
1,700,0
1,2400,0
1,499,0
1,200,0
1,500,0
1,800,0
1,2299,0
1,700,0
1,500,0
1,500,0
1,600,0
1,300,0
1,300,0
1,600,0
1,600,0
1,699,0
1,700,0
1,1001,0
1,2400,0
1,700,0
1,400,0
1,600,0
1,700,0
1,300,0
1,500,0
1,2400,0
1,600,0
1,499,0
1,500,0
1,501,0
1,500,0
1,3600,0
1,2399,0
1,700,0
1,500,0
1,1100,0
1,700,0
1,1100,0
1,999,0
1,500,0
1,301,0
1,2400,0
1,400,0
1,700,0
1,1000,0
1,1100,0
1,1101,0
1,1000,0
1,700,0
1,700,0
1,1100,0
1,499,0
1,600,0
1,1001,0
1,300,0
1,700,0
1,400,0
1,500,0
1,500,0
1,2399,0
1,700,0
1,500,0
1,700,0
1,300,0
1,499,0
1,700,0
1,901,0
1,2400,0
1,1000,0
1,500,0
1,499,0
1,2401,0
1,1000,0
1,700,0
1,500,0
1,700,0
1,700,0
1,400,0
1,1101,0
1,700,0
1,500,0
1,700,0
1,700,0
1,300,0
1,600,0
1,300,0
1,600,0
1,701,0
1,1100,0
1,1100,0
1,2500,0
1,699,0
1,300,0
1,701,0
1,1100,0
1,1300,0
1,800,0
1,1200,0
1,1099,0
1,1101,0
1,2400,0
1,19400,0
1,1900,0
1,1200,0
1,4300,0
1,1100,0
1,4099,0
1,700,0
1,500,0
1,2400,0
1,600,0
1,499,0
1,300,0
1,600,0
1,400,0
1,300,0
1,2399,0
1,300,0
1,500,0
1,2400,0
1,300,0
1,500,0
1,500,0
1,2400,0
1,1000,0
1,1000,0
1,600,0
1,300,0
1,500,0
1,2399,0
1,1000,0
1,300,0
1,1100,0
1,700,0
1,1100,0
1,499,0
1,700,0
1,1201,0
1,1100,0
1,700,0
1,500,0
1,200,0
1,1100,0
1,800,0
1,1001,0
1,500,0
1,700,0
1,300,0
1,600,0
1,500,0
1,500,0
1,1099,0
1,600,0
1,1001,0
1,1000,0
1,1100,0
1,300,0
1,500,0
1,600,0
1,999,0
1,2401,0
1,2400,0
1,700,0
1,300,0
1,1099,0
1,1001,0
1,2400,0
1,1100,0
1,400,0
1,400,0
1,800,0
1,1200,0
1,2400,0
1,500,0
1,1000,0
1,1100,0
1,500,0
1,500,0
1,599,0
1,500,0
1,400,0
1,2400,0
1,500,0
1,1000,0
1,1000,0
1,300,0
1,1101,0
1,700,0
1,600,0
1,1100,0
1,700,0
1,1100,0
1,1099,0
1,1001,0
1,1100,0
1,700,0
1,600,0
1,700,0
1,600,0
1,999,0
1,1000,0
1,1100,0
1,500,0
1,500,0
1,400,0
1,500,0
1,800,0
1,1000,0
1,700,0
1,1200,0
1,299,0
1,300,0
1,1001,0
1,1100,0
1,2400,0
1,300,0
1,600,0
1,1100,0
1,1201,0
1,1000,0
1,500,0
1,2400,0
1,2400,0
1,500,0
1,1199,0
1,700,0
1,2401,0
1,600,0
1,700,0
1,200,0
1,300,0
1,1199,0
1,500,0
1,600,0
1,600,0
1,500,0
1,1000,0
1,700,0
1,2399,0
1,701,0
1,500,0
1,2400,0
1,700,0
1,700,0
1,600,0
1,1001,0
1,500,0
1,1000,0
1,700,0
1,600,0
1,700,0
1,300,0
1,2301,0
1,2400,0
1,600,0
1,500,0
1,899,0
1,500,0
1,1001,0
1,700,0
1,1100,0
1,1100,0
1,500,0
1,999,0
1,700,0
1,601,0
1,300,0
1,1200,0
1,2400,0
1,699,0
1,1000,0
1,501,0
1,900,0
1,1000,0
1,1000,0
1,1100,0
1,999,0
1,1001,0
1,2399,0
1,2401,0
1,700,0
1,500,0
1,2400,0
1,800,0
1,701,0
1,700,0
1,600,0
1,700,0
1,300,0
1,1000,0
1,700,0
1,499,0
1,2401,0
1,300,0
1,300,0
1,500,0
1,600,0
1,300,0
1,1199,0
1,600,0
1,500,0
1,300,0
1,500,0
1,700,0
1,500,0
1,900,0
1,700,0
1,700,0
1,400,0
1,500,0
1,301,0
1,500,0
1,700,0
1,500,0
1,700,0
1,1000,0
1,500,0
1,499,0
1,700,0
1,2501,0
1,600,0
1,1100,0
1,900,0
1,500,0
1,600,0
1,401,0
1,700,0
1,500,0
1,300,0
1,300,0
1,300,0
1,1200,0
1,999,0
1,800,0
1,500,0
1,500,0
1,2400,0
1,300,0
1,1000,0
1,1000,0
1,700,0
1,600,0
1,1199,0
1,300,0
1,700,0
1,700,0
1,300,0
1,500,0
1,1100,0
1,700,0
1,1100,0
1,500,0
1,500,0
1,2400,0
1,300,0
1,1000,0
1,500,0
1,799,0
1,700,0
1,601,0
1,700,0
1,500,0
1,1000,0
1,300,0
1,500,0
1,600,0
1,2400,0
1,700,0
1,400,0
1,500,0
1,800,0
1,2399,0
1,300,0
1,300,0
1,600,0
1,500,0
1,2300,0
1,1000,0
1,499,0
1,300,0
1,900,0
1,1100,0
1,400,0
1,2401,0
1,300,0
1,1000,0
1,500,0
1,600,0
1,400,0
1,500,0
1,400,0
1,2400,0
1,699,0
1,300,0
1,1101,0
1,500,0
1,1000,0
1,300,0
1,300,0
1,2399,0
1,900,0
1,700,0
1,300,0
1,200,0
1,500,0
1,1000,0
1,1000,0
1,599,0
1,2501,0
1,2400,0
1,1200,0
1,999,0
1,600,0
1,1001,0
1,700,0
1,700,0
1,500,0
1,300,0
1,1200,0
1,699,0
1,500,0
1,1101,0
1,700,0
1,700,0
1,700,0
1,2400,0
1,700,0
1,901,0
1,1200,0
1,2400,0
1,700,0
1,2400,0
1,800,0
1,700,0
1,600,0
1,700,0
1,600,0
1,1099,0
1,2401,0
1,1000,0
1,500,0
1,300,0
1,300,0
1,500,0
1,1000,0
1,300,0
1,1100,0
1,600,0
1,1099,0
1,1100,0
1,1201,0
1,2400,0
1,500,0
1,600,0
1,2400,0
1,700,0
1,1200,0
1,500,0
1,900,0
1,1100,0
1,500,0
1,1101,0
1,1100,0
1,2400,0
1,500,0
1,599,0
1,700,0
1,701,0
1,1000,0
1,2400,0
1,500,0
1,600,0
1,999,0
1,300,0
1,601,0
1,600,0
1,300,0
1,300,0
1,1200,0
1,1100,0
1,499,0
1,600,0
1,1001,0
1,1100,0
1,700,0
1,2399,0
1,701,0
1,700,0
1,600,0
1,700,0
1,500,0
1,1100,0
1,2500,0
1,1200,0
1,2400,0
1,400,0
1,300,0
1,800,0
1,500,0
1,1100,0
1,700,0
1,500,0
1,599,0
1,1000,0
1,600,0
1,700,0
1,300,0
1,2300,0
1,1099,0
1,300,0
1,2301,0
1,2400,0
1,300,0
1,700,0
1,700,0
1,300,0
1,1001,0
1,700,0
1,500,0
1,900,0
1,1000,0
1,300,0
1,299,0
1,1100,0
1,200,0
1,700,0
1,500,0
1,300,0
1,1000,0
1,300,0
1,700,0
1,599,0
1,700,0
1,300,0
1,400,0
1,700,0
1,700,0
1,500,0
1,1200,0
1,700,0
1,499,0
1,700,0
1,300,0
1,1000,0
1,1000,0
1,700,0
1,1100,0
1,700,0
1,2400,0
1,1000,0
1,1000,0
1,1000,0
1,1101,0
1,2500,0
1,3599,0
1,600,0
1,900,0
1,700,0
1,700,0
1,1200,0
1,1099,0
1,600,0
1,2400,0
1,500,0
1,400,0
1,500,0
1,600,0
1,499,0
1,600,0
1,1001,0
1,1000,0
1,200,0
1,2400,0
1,999,0
1,600,0
1,300,0
1,2400,0
1,1000,0
1,1000,0
1,300,0
1,1099,0
1,500,0
1,400,0
1,1000,0
1,1000,0
1,600,0
1,700,0
1,700,0
1,500,0
1,300,0
1,300,0
1,600,0
1,1100,0
1,2400,0
1,2399,0
1,2400,0
1,700,0
1,2499,0
1,600,0
1,2401,0
1,1000,0
1,700,0
1,500,0
1,500,0
1,600,0
1,1101,0
1,700,0
1,1899,0
1,1200,0
1,500,0
1,4099,0
1,2501,0
1,700,0
1,500,0
1,500,0
1,500,0
1,1500,0
1,500,0
1,500,0
1,700,0
1,700,0
1,500,0
1,2399,0
1,500,0
1,1001,0
1,1000,0
1,1000,0
1,700,0
1,2399,0
1,501,0
1,500,0
1,300,0
1,1000,0
1,700,0
1,600,0
1,1000,0
1,400,0
1,300,0
1,1201,0
1,2400,0
1,1200,0
1,1000,0
1,600,0
1,1001,0
1,1200,0
1,2400,0
1,700,0
1,699,0
1,1100,0
1,1001,0
1,2400,0
1,1200,0
1,1099,0
1,2401,0
1,300,0
1,1000,0
1,300,0
1,2399,0
1,500,0
1,501,0
1,600,0
1,899,0
1,500,0
1,3001,0
1,4299,0
1,1000,0
1,1800,0
1,1300,0
1,700,0
1,1101,0
1,300,0
1,300,0
1,700,0
1,500,0
1,400,0
1,2399,0
1,2401,0
1,500,0
1,700,0
1,2400,0
1,1200,0
1,1001,0
1,600,0
1,900,0
1,1200,0
1,2499,0
1,2601,0
1,1200,0
1,1100,0
1,1199,0
1,400,0
1,501,0
1,4300,0
1,899,0
1,600,0
1,2100,0
1,1100,0
1,900,0
1,300,0
1,1099,0
1,1101,0
1,500,0
1,500,0
1,700,0
1,700,0
1,300,0
1,600,0
1,1099,0
1,1101,0
1,900,0
1,1800,0
1,1000,0
1,3901,0
1,1200,0
1,1200,0
1,500,0
1,700,0
1,500,0
1,300,0
1,499,0
1,1100,0
1,501,0
1,700,0
1,800,0
1,1000,0
1,300,0
1,1100,0
1,699,0
1,700,0
1,2499,0
1,300,0
1,500,0
1,600,0
1,500,0
1,700,0
1,1200,0
1,1000,0
1,300,0
1,699,0
1,1100,0
1,500,0
1,2400,0
1,1000,0
1,500,0
1,1199,0
1,600,0
1,1000,0
1,700,0
1,2400,0
1,400,0
1,1099,0
1,2401,0
1,500,0
1,700,0
1,900,0
1,1299,0
1,1201,0
1,1000,0
1,1000,0
1,1800,0
1,700,0
1,1601,0
1,900,0
1,1500,0
1,1499,0
1,1301,0
1,800,0
1,18000,0
1,5001,0
1,1600,0
1,8900,0
1,2400,0
1,2900,0
1,1300,0
1,1300,0
1,1100,0
1,899,0
1,2401,0
1,2100,0
1,2299,0
1,1701,0
1,3500,0
1,1901,0
1,1800,0
1,1500,0
1,900,0
1,2101,0
1,1500,0
1,2300,0
1,6200,0
1,2099,0
1,1801,0
1,1500,0
1,999,0
1,1301,0
1,1300,0
1,700,0
1,1300,0
1,899,0
1,500,0
1,2200,0
1,900,0
1,4900,0
1,1300,0
1,600,0
1,1300,0
1,1400,0
1,500,0
1,900,0
1,1300,0
1,1899,0
1,1301,0
1,1000,0
1,900,0
1,4700,0
1,1300,0
1,1300,0
1,1300,0
1,1099,0
1,901,0
1,1200,0
1,2199,0
1,1300,0
1,4599,0
1,1901,0
1,1800,0
1,1999,0
1,1300,0
1,1000,0
1,1900,0
1,1300,0
1,999,0
1,501,0
1,500,0
1,4599,0
1,1201,0
1,4600,0
1,1299,0
1,1001,0
1,500,0
1,900,0
1,1200,0
1,1100,0
1,1801,0
1,4700,0
1,2201,0
1,1300,0
1,1900,0
1,900,0
1,2201,0
1,1300,0
1,1300,0
1,4700,0
1,500,0
1,2100,0
1,1899,0
1,1300,0
1,4599,0
1,2201,0
1,900,0
1,2100,0
1,4501,0
1,900,0
1,2799,0
1,2200,0
1,1200,0
1,500,0
1,1799,0
1,1000,0
1,900,0
1,1000,0
1,4600,0
1,1900,0
1,1000,0
1,2100,0
1,2099,0
1,901,0
1,1800,0
1,1900,0
1,1299,0
1,2201,0
1,900,0
1,900,0
1,1899,0
1,901,0
1,1300,0
1,600,0
1,900,0
1,1000,0
1,1000,0
1,2100,0
1,2100,0
1,4500,0
1,900,0
1,1200,0
1,699,0
1,800,0
1,800,0
1,800,0
1,700,0
1,1100,0
1,1399,0
1,501,0
1,801,0
1,1200,0
1,4599,0
1,4700,0
1,599,0
1,4601,0
1,1300,0
1,4600,0
1,1900,0
1,899,0
1,1901,0
1,2200,0
1,500,0
1,4700,0
1,500,0
1,900,0
1,2099,0
1,500,0
1,500,0
1,900,0
1,4599,0
1,4601,0
1,2199,0
1,600,0
1,999,0
1,2201,0
1,4699,0
1,1001,0
1,600,0
1,1800,0
1,1900,0
1,1901,0
1,1300,0
1,900,0
1,1000,0
1,999,0
1,1000,0
1,1300,0
1,4599,0
1,901,0
1,900,0
1,2100,0
1,900,0
1,1901,0
1,600,0
1,900,0
1,500,0
1,500,0
1,899,0
1,2201,0
1,1300,0
1,1000,0
1,600,0
1,2199,0
1,1300,0
1,2100,0
1,1200,0
1,1300,0
1,500,0
1,1300,0
1,900,0
1,1000,0
1,599,0
1,500,0
1,4600,0
1,1899,0
1,1301,0
1,1300,0
1,1300,0
1,1899,0
1,2101,0
1,1000,0
1,600,0
1,1000,0
1,2100,0
1,600,0
1,1000,0
1,1899,0
1,1201,0
1,500,0
1,1300,0
1,900,0
1,899,0
1,4701,0
1,900,0
1,4500,0
1,1300,0
1,900,0
1,899,0
1,2201,0
1,900,0
1,500,0
1,1000,0
1,500,0
1,2201,0
1,1300,0
1,1500,0
1,1799,0
1,900,0
1,1200,0
1,1000,0
1,1899,0
1,600,0
1,1300,0
1,600,0
1,1400,0
1,999,0
1,1801,0
1,1800,0
1,1800,0
1,4700,0
1,1800,0
1,1299,0
1,1301,0
1,1800,0
1,900,0
1,1299,0
1,900,0
1,1000,0
1,1900,0
1,4600,0
1,1300,0
1,2100,0
1,4700,0
1,1301,0
1,4599,0
1,1301,0
1,2200,0
1,2200,0
1,2900,0
1,1400,0
1,5000,0
1,2900,0
1,400,0
1,300,0
1,1899,0
1,801,0
1,400,0
1,1100,0
1,800,0
1,900,0
1,2701,0
1,1800,0
1,999,0
1,2101,0
1,700,0
1,900,0
1,1599,0
1,1200,0
1,1000,0
1,300,0
1,800,0
1,600,0
1,800,0
1,2699,0
1,2400,0
1,1000,0
1,200,0
1,700,0
1,499,0
1,600,0
1,1201,0
1,1000,0
1,600,0
1,700,0
1,500,0
1,500,0
1,300,0
1,500,0
1,700,0
1,2501,0
1,2400,0
1,6100,0
1,600,0
1,600,0
1,1099,0
1,601,0
1,2400,0
1,1000,0
1,700,0
1,300,0
1,699,0
1,1001,0
1,1100,0
1,1300,0
1,700,0
1,1101,0
1,700,0
1,500,0
1,400,0
1,500,0
1,700,0
1,699,0
1,1201,0
1,300,0
1,1100,0
1,700,0
1,600,0
1,700,0
1,499,0
1,700,0
1,1001,0
1,500,0
1,600,0
1,1000,0
1,1000,0
1,2399,0
1,701,0
1,800,0
1,1100,0
1,1400,0
1,600,0
1,1099,0
1,2501,0
1,300,0
1,800,0
1,2599,0
1,600,0
1,501,0
1,300,0
1,1000,0
1,300,0
1,1600,0
1,999,0
1,700,0
1,1001,0
1,3300,0
1,899,0
1,1301,0
1,1100,0
1,3799,0
1,600,0
1,1100,0
1,1100,0
1,400,0
1,900,0
1,2600,0
1,800,0
1,800,0
1,2399,0
1,4201,0
1,4099,0
1,1000,0
1,800,0
1,1000,0
1,1199,0
1,1901,0
1,1300,0
1,1200,0
1,1799,0
1,1000,0
1,4199,0
1,1401,0
1,700,0
1,600,0
1,300,0
1,700,0
1,600,0
1,599,0
1,700,0
1,801,0
1,700,0
1,2500,0
1,700,0
1,599,0
1,1100,0
1,300,0
1,2600,0
1,700,0
1,1000,0
1,499,0
1,2401,0
1,300,0
1,700,0
1,1000,0
1,500,0
1,500,0
1,1000,0
1,1101,0
1,1200,0
1,700,0
1,600,0
1,2799,0
1,300,0
1,500,0
1,600,0
1,500,0
1,400,0
1,1000,0
1,2499,0
1,501,0
1,800,0
1,2599,0
1,801,0
1,1100,0
1,2600,0
1,1000,0
1,700,0
1,701,0
1,700,0
1,400,0
1,700,0
1,700,0
1,700,0
1,2499,0
1,500,0
1,700,0
1,700,0
1,600,0
1,2400,0
1,1099,0
1,600,0
1,1100,0
1,1000,0
1,600,0
1,1000,0
1,1000,0
1,700,0
1,700,0
1,300,0
1,1100,0
1,1000,0
1,2400,0
1,1199,0
1,701,0
1,700,0
1,300,0
1,300,0
1,600,0
1,1000,0
1,1100,0
1,2401,0
1,600,0
1,700,0
1,700,0
1,300,0
1,600,0
1,699,0
1,700,0
1,901,0
1,1100,0
1,500,0
1,1100,0
1,2399,0
1,1101,0
1,1100,0
1,800,0
1,400,0
1,300,0
1,500,0
1,4200,0
1,500,0
1,3199,0
1,501,0
1,1500,0
1,600,0
1,900,0
1,1899,0
1,1000,0
1,1100,0
1,1800,0
1,4201,0
1,800,0
1,1999,0
1,1601,0
1,1700,0
1,1600,0
1,900,0
1,801,0
1,1200,0
1,700,0
1,2399,0
1,2401,0
1,1000,0
1,1200,0
1,700,0
1,699,0
1,700,0
1,501,0
1,4000,0
1,1199,0
1,700,0
1,300,0
1,500,0
1,2400,0
1,600,0
1,700,0
1,400,0
1,1501,0
1,600,0
1,2300,0
1,400,0
1,2399,0
1,1201,0
1,600,0
1,1200,0
1,1000,0
1,500,0
1,700,0
1,700,0
1,1100,0
1,2100,0
1,2500,0
1,300,0
1,700,0
1,700,0
1,299,0
1,1000,0
1,501,0
1,1200,0
1,1200,0
1,500,0
1,2099,0
1,500,0
1,1101,0
1,1000,0
1,700,0
1,1200,0
1,1099,0
1,2401,0
1,2400,0
1,300,0
1,2299,0
1,800,0
1,900,0
1,1000,0
1,1000,0
1,300,0
1,599,0
1,1100,0
1,600,0
1,500,0
1,600,0
1,500,0
1,1100,0
1,699,0
1,500,0
1,1201,0
1,700,0
1,600,0
1,300,0
1,400,0
1,1000,0
1,2299,0
1,300,0
1,500,0
1,700,0
1,1200,0
1,2399,0
1,301,0
1,700,0
1,500,0
1,300,0
1,500,0
1,500,0
1,701,0
1,2600,0
1,600,0
1,699,0
1,700,0
1,501,0
1,700,0
1,1200,0
1,700,0
1,500,0
1,500,0
1,600,0
1,601,0
1,700,0
1,1200,0
1,700,0
1,2399,0
1,300,0
1,1101,0
1,1100,0
1,1400,0
1,500,0
1,1699,0
1,500,0
1,701,0
1,1000,0
1,700,0
1,500,0
1,700,0
1,700,0
1,300,0
1,799,0
1,300,0
1,1301,0
1,300,0
1,1200,0
1,1100,0
1,300,0
1,800,0
1,499,0
1,2401,0
1,300,0
1,500,0
1,500,0
1,2000,0
1,2401,0
1,700,0
1,400,0
1,1100,0
1,700,0
1,400,0
1,300,0
1,600,0
1,500,0
1,601,0
1,1999,0
1,500,0
1,2400,0
1,700,0
1,700,0
1,600,0
1,2400,0
1,700,0
1,700,0
1,1100,0
1,2299,0
1,1200,0
1,1200,0
1,2400,0
1,2500,0
1,300,0
1,300,0
1,300,0
1,700,0
1,300,0
1,500,0
1,501,0
1,300,0
1,500,0
1,300,0
1,300,0
1,500,0
1,500,0
1,1000,0
1,500,0
1,700,0
1,601,0
1,500,0
1,500,0
1,1200,0
1,2400,0
1,299,0
1,700,0
1,1101,0
1,700,0
1,1200,0
1,1000,0
1,300,0
1,700,0
1,600,0
1,700,0
1,500,0
1,1000,0
1,700,0
1,600,0
1,700,0
1,1000,0
1,399,0
1,1100,0
1,600,0
1,1101,0
1,2400,0
1,1000,0
1,500,0
1,300,0
1,2400,0
1,2400,0
1,500,0
1,300,0
1,500,0
1,599,0
1,700,0
1,701,0
1,1000,0
1,1100,0
1,2400,0
1,999,0
1,500,0
1,600,0
1,1000,0
1,300,0
1,600,0
1,500,0
1,1100,0
1,699,0
1,700,0
1,301,0
1,300,0
1,600,0
1,1100,0
1,1000,0
1,300,0
1,700,0
1,499,0
1,1000,0
1,500,0
1,600,0
1,700,0
1,300,0
1,500,0
1,799,0
1,300,0
1,501,0
1,500,0
1,700,0
1,500,0
1,300,0
1,700,0
1,2399,0
1,300,0
1,2401,0
1,300,0
1,1100,0
1,600,0
1,500,0
1,600,0
1,500,0
1,700,0
1,400,0
1,999,0
1,500,0
1,600,0
1,700,0
1,700,0
1,1000,0
1,300,0
1,300,0
1,999,0
1,2301,0
1,300,0
1,700,0
1,500,0
1,1300,0
1,500,0
1,599,0
1,500,0
1,601,0
1,1100,0
1,2400,0
1,400,0
1,700,0
1,2401,0
1,1000,0
1,600,0
1,700,0
1,600,0
1,700,0
1,700,0
1,1101,0
1,600,0
1,1100,0
1,700,0
1,500,0
1,700,0
1,300,0
1,599,0
1,500,0
1,2401,0
1,500,0
1,2400,0
1,1099,0
1,601,0
1,600,0
1,1100,0
1,1000,0
1,2299,0
1,2401,0
1,500,0
1,300,0
1,1000,0
1,600,0
1,1101,0
1,1000,0
1,1100,0
1,500,0
1,500,0
1,300,0
1,499,0
1,2401,0
1,2400,0
1,700,0
1,1199,0
1,300,0
1,901,0
1,700,0
1,500,0
1,1000,0
1,300,0
1,600,0
1,400,0
1,4000,0
1,600,0
1,1100,0
1,700,0
1,2400,0
1,700,0
1,2400,0
1,500,0
1,600,0
1,2300,0
1,700,0
1,500,0
1,600,0
1,500,0
1,1000,0
1,600,0
1,599,0
1,500,0
1,501,0
1,700,0
1,700,0
1,1000,0
1,1000,0
1,500,0
1,899,0
1,2401,0
1,600,0
1,1000,0
1,1100,0
1,600,0
1,699,0
1,2401,0
1,700,0
1,500,0
1,500,0
1,701,0
1,700,0
1,700,0
1,300,0
1,2000,0
1,899,0
1,1201,0
1,2800,0
1,700,0
1,600,0
1,699,0
1,500,0
1,401,0
1,500,0
1,2400,0
1,500,0
1,2299,0
1,501,0
1,500,0
1,700,0
1,2400,0
1,700,0
1,1099,0
1,701,0
1,500,0
1,700,0
1,700,0
1,1100,0
1,600,0
1,600,0
1,1099,0
1,2401,0
1,1000,0
1,2400,0
1,499,0
1,1000,0
1,1000,0
1,500,0
1,700,0
1,700,0
1,300,0
1,2399,0
1,2401,0
1,2400,0
1,300,0
1,300,0
1,699,0
1,700,0
1,300,0
1,600,0
1,300,0
1,500,0
1,500,0
1,1100,0
1,601,0
1,700,0
1,500,0
1,300,0
1,300,0
1,500,0
1,700,0
1,2399,0
1,1100,0
1,700,0
1,500,0
1,900,0
1,700,0
1,699,0
1,1000,0
1,1201,0
1,1000,0
1,700,0
1,700,0
1,500,0
1,1099,0
1,600,0
1,501,0
1,1100,0
1,600,0
1,1100,0
1,700,0
1,400,0
1,2400,0
1,1000,0
1,700,0
1,600,0
1,700,0
1,1100,0
1,999,0
1,1101,0
1,300,0
1,1100,0
1,200,0
1,2400,0
1,499,0
1,1101,0
1,1100,0
1,1000,0
1,600,0
1,2399,0
1,1000,0
1,701,0
1,1100,0
1,500,0
1,2400,0
1,300,0
1,699,0
1,901,0
1,900,0
1,1200,0
1,1200,0
1,301,0
1,2400,0
1,400,0
1,700,0
1,700,0
1,599,0
1,600,0
1,1001,0
1,2400,0
1,700,0
1,600,0
1,1099,0
1,700,0
1,1201,0
1,700,0
1,1100,0
1,700,0
1,600,0
1,999,0
1,700,0
1,300,0
1,500,0
1,300,0
1,500,0
1,500,0
1,2400,0
1,300,0
1,1000,0
1,701,0
1,1300,0
1,699,0
1,700,0
1,500,0
1,1000,0
1,1100,0
1,2400,0
1,999,0
1,700,0
1,301,0
1,700,0
1,1000,0
1,1100,0
1,600,0
1,700,0
1,499,0
1,900,0
1,2401,0
1,500,0
1,2400,0
1,299,0
1,600,0
1,701,0
1,700,0
1,600,0
1,1099,0
1,700,0
1,901,0
1,500,0
1,500,0
1,2400,0
1,300,0
1,2300,0
1,500,0
1,1200,0
1,1100,0
1,1200,0
1,399,0
1,500,0
1,701,0
1,2300,0
1,1000,0
1,700,0
1,500,0
1,2401,0
1,1100,0
1,600,0
1,300,0
1,1000,0
1,1000,0
1,601,0
1,1000,0
1,700,0
1,700,0
1,900,0
1,500,0
1,1099,0
1,300,0
1,2401,0
1,700,0
1,700,0
1,600,0
1,300,0
1,699,0
1,2401,0
1,300,0
1,500,0
1,1000,0
1,700,0
1,700,0
1,699,0
1,300,0
1,1001,0
1,700,0
1,2400,0
1,1100,0
1,999,0
1,500,0
1,600,0
1,700,0
1,700,0
1,500,0
1,900,0
1,300,0
1,300,0
1,1200,0
1,700,0
1,500,0
1,500,0
1,300,0
1,500,0
1,2400,0
1,700,0
1,600,0
1,400,0
1,300,0
1,500,0
1,2299,0
1,701,0
1,600,0
1,700,0
1,300,0
1,2400,0
1,499,0
1,1200,0
1,700,0
1,1000,0
1,300,0
1,400,0
1,500,0
1,500,0
1,2399,0
1,2401,0
1,1000,0
1,3199,0
1,1101,0
1,400,0
1,300,0
1,600,0
1,2400,0
1,500,0
1,1100,0
1,601,0
1,1100,0
1,500,0
1,1200,0
1,2399,0
1,1101,0
1,700,0
1,1000,0
1,500,0
1,200,0
1,300,0
1,600,0
1,500,0
1,300,0
1,2400,0
1,2400,0
1,300,0
1,1000,0
1,1000,0
1,600,0
1,2399,0
1,2401,0
1,700,0
1,300,0
1,2400,0
1,699,0
1,700,0
1,301,0
1,2500,0
1,500,0
1,500,0
1,500,0
1,999,0
1,1201,0
1,300,0
1,700,0
1,1000,0
1,1200,0
1,2399,0
1,500,0
1,900,0
1,700,0
1,700,0
1,800,0
1,600,0
1,1099,0
1,300,0
1,900,0
1,700,0
1,300,0
1,700,0
1,1000,0
1,600,0
1,700,0
1,1000,0
1,500,0
1,700,0
1,500,0
1,2399,0
1,2401,0
1,500,0
1,1100,0
1,300,0
1,700,0
1,2401,0
1,700,0
1,2499,0
1,1001,0
1,2400,0
1,2299,0
1,2401,0
1,500,0
1,700,0
1,1000,0
1,800,0
1,699,0
1,600,0
1,901,0
1,1000,0
1,700,0
1,500,0
1,1100,0
1,700,0
1,900,0
1,2401,0
1,600,0
1,1200,0
1,2399,0
1,500,0
1,500,0
1,500,0
1,2300,0
1,1100,0
1,2400,0
1,500,0
1,700,0
1,1200,0
1,700,0
1,500,0
1,700,0
1,500,0
1,2401,0
1,300,0
1,400,0
1,1100,0
1,1000,0
1,899,0
1,700,0
1,701,0
1,700,0
1,500,0
1,600,0
1,900,0
1,600,0
1,2400,0
1,1100,0
1,900,0
1,2400,0
1,499,0
1,500,0
1,1001,0
1,500,0
1,700,0
1,2399,0
1,701,0
1,1000,0
1,2400,0
1,2399,0
1,500,0
1,700,0
1,700,0
1,700,0
1,300,0
1,500,0
1,700,0
1,1199,0
1,1000,0
1,500,0
1,2300,0
1,500,0
1,700,0
1,500,0
1,599,0
1,300,0
1,601,0
1,2400,0
1,500,0
1,700,0
1,500,0
1,2299,0
1,1000,0
1,1000,0
1,300,0
1,500,0
1,500,0
1,900,0
1,499,0
1,1101,0
1,1000,0
1,700,0
1,1000,0
1,700,0
1,300,0
1,200,0
1,699,0
1,2401,0
1,1000,0
1,500,0
1,2400,0
1,700,0
1,2401,0
1,600,0
1,1100,0
1,500,0
1,700,0
1,1200,0
1,2300,0
1,499,0
1,300,0
1,500,0
1,1201,0
1,500,0
1,1000,0
1,2500,0
1,700,0
1,300,0
1,1101,0
1,700,0
1,2400,0
1,500,0
1,699,0
1,300,0
1,2401,0
1,2400,0
1,1100,0
1,699,0
1,2401,0
1,2400,0
1,500,0
1,600,0
1,999,0
1,500,0
1,600,0
1,600,0
1,900,0
1,300,0
1,1100,0
1,400,0
1,999,0
1,1201,0
1,500,0
1,1200,0
1,700,0
1,1000,0
1,1200,0
1,500,0
1,901,0
1,500,0
1,600,0
1,500,0
1,500,0
1,500,0
1,1100,0
1,699,0
1,2401,0
1,1100,0
1,3399,0
1,2401,0
1,2400,0
1,1000,0
1,401,0
1,2400,0
1,600,0
1,300,0
1,1100,0
1,299,0
1,300,0
1,500,0
1,2401,0
1,600,0
1,300,0
1,2399,0
1,1100,0
1,500,0
1,2400,0
1,1000,0
1,2399,0
1,1001,0
1,1000,0
1,1100,0
1,1200,0
1,1099,0
1,600,0
1,701,0
1,1600,0
1,2400,0
1,700,0
1,699,0
1,1201,0
1,1000,0
1,600,0
1,1000,0
1,4200,0
1,1200,0
1,1300,0
1,600,0
1,699,0
1,300,0
1,701,0
1,1200,0
1,300,0
1,600,0
1,500,0
1,700,0
1,400,0
1,999,0
1,700,0
1,501,0
1,700,0
1,1100,0
1,500,0
1,1200,0
1,1000,0
1,500,0
1,2500,0
1,300,0
1,1199,0
1,300,0
1,2401,0
1,500,0
1,500,0
1,1100,0
1,2399,0
1,1201,0
1,1100,0
1,300,0
1,500,0
1,1100,0
1,699,0
1,700,0
1,1201,0
1,700,0
1,2400,0
1,700,0
1,300,0
1,2400,0
1,500,0
1,300,0
1,700,0
1,300,0
1,500,0
1,1200,0
1,499,0
1,1100,0
1,500,0
1,600,0
1,600,0
1,600,0
1,1000,0
1,500,0
1,699,0
1,1100,0
1,1200,0
1,700,0
1,500,0
1,700,0
1,1100,0
1,699,0
1,2401,0
1,700,0
1,900,0
1,500,0
1,700,0
1,600,0
1,2400,0
1,300,0
1,500,0
1,600,0
1,2399,0
1,500,0
1,1200,0
1,1100,0
1,1000,0
1,1099,0
1,300,0
1,300,0
1,601,0
1,300,0
1,500,0
1,600,0
1,900,0
1,300,0
1,2399,0
1,701,0
1,300,0
1,500,0
1,500,0
1,700,0
1,700,0
1,400,0
1,700,0
1,499,0
1,700,0
1,300,0
1,300,0
1,300,0
1,700,0
1,1000,0
1,300,0
1,5400,0
1,2001,0
1,1200,0
1,1300,0
1,599,0
1,1701,0
1,6899,0
1,500,0
1,1700,0
1,700,0
1,900,0
1,999,0
1,900,0
1,2501,0
1,300,0
1,2300,0
1,899,0
1,700,0
1,801,0
1,600,0
1,700,0
1,3599,0
1,1601,0
1,700,0
1,4201,0
1,1000,0
1,1199,0
1,400,0
1,2000,0
1,3500,0
1,800,0
1,1101,0
1,899,0
1,901,0
1,700,0
1,2000,0
1,400,0
1,700,0
1,300,0
1,300,0
1,1200,0
1,501,0
1,500,0
1,700,0
1,1200,0
1,700,0
1,2699,0
1,300,0
1,2500,0
1,1300,0
1,2499,0
1,1001,0
1,700,0
1,1200,0
1,600,0
1,600,0
1,400,0
1,1100,0
1,701,0
1,500,0
1,500,0
1,1200,0
1,2499,0
1,300,0
1,1201,0
1,300,0
1,500,0
1,1000,0
1,1100,0
1,300,0
1,2399,0
1,700,0
1,700,0
1,1000,0
1,700,0
1,300,0
1,2499,0
1,801,0
1,1100,0
1,1000,0
1,500,0
1,500,0
1,1100,0
1,500,0
1,699,0
1,700,0
1,1001,0
1,1000,0
1,500,0
1,1100,0
1,500,0
1,1099,0
1,1000,0
1,700,0
1,2500,0
1,1000,0
1,1099,0
1,2501,0
1,1000,0
1,700,0
1,500,0
1,1000,0
1,2500,0
1,2400,0
1,600,0
1,500,0
1,700,0
1,1099,0
1,701,0
1,400,0
1,1100,0
1,700,0
1,2500,0
1,700,0
1,400,0
1,501,0
1,2500,0
1,300,0
1,600,0
1,800,0
1,1099,0
1,701,0
1,700,0
1,300,0
1,300,0
1,300,0
1,700,0
1,1100,0
1,700,0
1,499,0
1,700,0
1,701,0
1,1000,0
1,500,0
1,2401,0
1,1000,0
1,1200,0
1,2399,0
1,601,0
1,700,0
1,1000,0
1,700,0
1,500,0
1,700,0
1,300,0
1,499,0
1,700,0
1,1001,0
1,700,0
1,1100,0
1,1100,0
1,700,0
1,699,0
1,1200,0
1,1001,0
1,300,0
1,2500,0
1,700,0
1,699,0
1,1100,0
1,2401,0
1,1000,0
1,700,0
1,800,0
1,2400,0
1,2400,0
1,700,0
1,600,0
1,1199,0
1,2501,0
1,500,0
1,500,0
1,1000,0
1,400,0
1,1199,0
1,1101,0
1,500,0
1,1200,0
1,700,0
1,500,0
1,700,0
1,499,0
1,1200,0
1,2401,0
1,700,0
1,500,0
1,600,0
1,1000,0
1,300,0
1,600,0
1,700,0
1,700,0
1,300,0
1,599,0
1,500,0
1,300,0
1,1000,0
1,500,0
1,1100,0
1,500,0
1,800,0
1,2399,0
1,2400,0
1,500,0
1,2400,0
1,800,0
1,1500,0
1,500,0
1,999,0
1,1101,0
1,2400,0
1,700,0
1,700,0
1,400,0
1,999,0
1,1001,0
1,700,0
1,700,0
1,2400,0
1,500,0
1,700,0
1,500,0
1,301,0
1,300,0
1,1200,0
1,700,0
1,700,0
1,500,0
1,2499,0
1,1000,0
1,500,0
1,700,0
1,1000,0
1,700,0
1,500,0
1,700,0
1,500,0
1,700,0
1,300,0
1,500,0
1,2400,0
1,999,0
1,700,0
1,700,0
1,1100,0
1,1000,0
1,300,0
1,600,0
1,701,0
1,400,0
1,500,0
1,700,0
1,1000,0
1,700,0
1,699,0
1,2501,0
1,1200,0
1,700,0
1,2499,0
1,700,0
1,601,0
1,900,0
1,4199,0
1,1701,0
1,3700,0
1,1699,0
1,600,0
1,1200,0
1,1000,0
1,1199,0
1,1001,0
1,3600,0
1,999,0
1,1101,0
1,1000,0
1,1600,0
1,1600,0
1,4101,0
1,3799,0
1,1300,0
1,1000,0
1,1500,0
1,1999,0
1,1000,0
1,1200,0
1,2000,0
1,1000,0
1,1001,0
1,1200,0
1,1800,0
1,4600,0
1,1300,0
1,1399,0
1,3001,0
1,700,0
1,2699,0
1,1200,0
1,600,0
1,2199,0
1,5401,0
1,2700,0
1,1200,0
1,1600,0
1,1499,0
1,1301,0
1,3400,0
1,700,0
1,800,0
1,1601,0
1,5299,0
1,2000,0
1,1100,0
1,1499,0
1,1901,0
1,2200,0
1,1100,0
1,1501,0
1,2300,0
1,1500,0
1,2301,0
1,1500,0
1,2400,0
1,1200,0
1,700,0
1,1600,0
1,2299,0
1,1201,0
1,1400,0
1,1600,0
1,1699,0
1,2501,0
1,1200,0
1,2199,0
1,1200,0
1,2500,0
1,1199,0
1,1401,0
1,400,0
1,1200,0
1,1200,0
1,1399,0
1,1201,0
1,700,0
1,600,0
1,1500,0
1,2399,0
1,1100,0
1,3100,0
1,900,0
1,899,0
1,2301,0
1,1100,0
1,700,0
1,1099,0
1,1101,0
1,4600,0
1,900,0
1,901,0
1,700,0
1,1500,0
1,600,0
1,800,0
1,1299,0
1,300,0
1,600,0
1,3100,0
1,2999,0
1,1400,0
1,1400,0
1,900,0
1,799,0
1,900,0
1,701,0
1,900,0
1,400,0
1,1300,0
1,3900,0
1,1600,0
1,2100,0
1,1100,0
1,6899,0
1,901,0
1,1400,0
1,800,0
1,400,0
1,400,0
1,3100,0
1,600,0
1,400,0
1,1000,0
1,1300,0
1,3000,0
1,1400,0
1,1700,0
1,1299,0
1,2101,0
1,1900,0
1,1399,0
1,6301,0
1,800,0
1,18501,0
1,2600,0
1,800,0
1,3900,0
1,3100,0
1,2100,0
1,700,0
1,900,0
1,500,0
1,1100,0
1,1499,0
1,900,0
1,1000,0
1,700,0
1,800,0
1,700,0
1,3200,0
1,1000,0
1,600,0
1,2400,0
1,5300,0
1,1600,0
1,2101,0
1,5499,0
1,2101,0
1,600,0
1,1100,0
1,1299,0
1,1101,0
1,1600,0
1,1100,0
1,2100,0
1,2200,0
1,700,0
1,1499,0
1,1701,0
1,700,0
1,1600,0
1,2600,0
1,1500,0
1,1200,0
1,799,0
1,2301,0
1,1100,0
1,1200,0
1,2300,0
1,800,0
1,1000,0
1,1600,0
1,1601,0
1,700,0
1,1600,0
1,2699,0
1,2301,0
1,2400,0
1,599,0
1,700,0
1,5100,0
1,600,0
1,1401,0
1,1400,0
1,2299,0
1,1201,0
1,1500,0
1,1300,0
1,2399,0
1,2600,0
1,1600,0
1,799,0
1,701,0
1,1600,0
1,2300,0
1,799,0
1,1201,0
1,900,0
1,1300,0
1,900,0
1,2299,0
1,1100,0
1,1200,0
1,700,0
1,1299,0
1,1601,0
1,2700,0
1,899,0
1,1401,0
1,2300,0
1,1100,0
1,699,0
1,2401,0
1,2200,0
1,700,0
1,2301,0
1,600,0
1,700,0
1,2699,0
1,1301,0
1,1500,0
1,1200,0
1,1699,0
1,2501,0
1,800,0
1,5700,0
1,4999,0
1,1500,0
1,700,0
1,2600,0
1,2099,0
1,5701,0
1,5700,0
1,1600,0
1,700,0
1,1100,0
1,1500,0
1,1000,0
1,899,0
1,901,0
1,400,0
1,800,0
1,1200,0
1,400,0
1,1200,0
1,1500,0
1,1000,0
1,1500,0
1,400,0
1,400,0
1,700,0
1,3200,0
1,1700,0
1,800,0
1,1599,0
1,2301,0
1,1200,0
1,2100,0
1,1600,0
1,1000,0
1,2000,0
1,2600,0
1,1700,0
1,1901,0
1,600,0
1,1300,0
1,1200,0
1,1499,0
1,900,0
1,400,0
1,800,0
1,300,0
1,1400,0
1,600,0
1,3100,0
1,400,0
1,1200,0
1,6600,0
1,1200,0
1,3600,0
1,2200,0
1,1500,0
1,2100,0
1,1000,0
1,1200,0
1,1100,0
1,1200,0
1,2700,0
1,2600,0
1,1200,0
1,1500,0
1,2400,0
1,700,0
1,2399,0
1,1201,0
1,2500,0
1,5600,0
1,1000,0
1,900,0
1,901,0
1,3100,0
1,1200,0
1,899,0
1,3301,0
1,900,0
1,700,0
1,699,0
1,400,0
1,3201,0
1,900,0
1,3099,0
1,701,0
1,900,0
1,900,0
1,600,0
1,1400,0
1,700,0
1,600,0
1,600,0
1,400,0
1,900,0
1,1000,0
1,900,0
1,3200,0
1,1400,0
1,900,0
1,900,0
1,1699,0
1,3101,0
1,400,0
1,1500,0
1,599,0
1,1401,0
1,900,0
1,600,0
1,1500,0
1,900,0
1,700,0
1,1100,0
1,1300,0
1,400,0
1,900,0
1,300,0
1,600,0
1,900,0
1,3200,0
1,1600,0
1,600,0
1,1300,0
1,1000,0
1,1000,0
1,800,0
1,700,0
1,700,0
1,800,0
1,900,0
1,901,0
1,400,0
1,700,0
1,900,0
1,3099,0
1,600,0
1,1401,0
1,400,0
1,900,0
1,500,0
1,1500,0
1,699,0
1,600,0
1,701,0
1,9200,0
1,2000,0
1,1299,0
1,1601,0
1,1200,0
1,1400,0
1,5000,0
1,4800,0
1,900,0
1,400,0
1,900,0
1,1400,0
1,1499,0
1,801,0
1,400,0
1,900,0
1,1200,0
1,600,0
1,400,0
1,1299,0
1,700,0
1,600,0
1,901,0
1,3100,0
1,600,0
1,3000,0
1,300,0
1,600,0
1,600,0
1,900,0
1,400,0
1,2999,0
1,800,0
1,1400,0
1,900,0
1,2999,0
1,1401,0
1,3000,0
1,600,0
1,1599,0
1,1500,0
1,1200,0
1,600,0
1,1499,0
1,2301,0
1,1100,0
1,5500,0
1,1200,0
1,1499,0
1,2301,0
1,3600,0
1,699,0
1,2301,0
1,1200,0
1,1100,0
1,1499,0
1,5100,0
1,1099,0
1,701,0
1,2200,0
1,1200,0
1,1199,0
1,1201,0
1,5000,0
1,1501,0
1,5099,0
1,800,0
1,601,0
1,900,0
1,1400,0
1,700,0
1,1599,0
1,1101,0
1,2201,0
1,1300,0
1,1900,0
1,799,0
1,1501,0
1,1200,0
1,4299,0
1,700,0
1,2400,0
1,1000,0
1,3599,0
1,2001,0
1,3600,0
1,1200,0
1,1700,0
1,800,0
1,1100,0
1,999,0
1,1100,0
1,400,0
1,800,0
1,1799,0
1,3501,0
1,1500,0
1,700,0
1,3300,0
1,3500,0
1,499,0
1,1000,0
1,1301,0
1,400,0
1,1000,0
1,3599,0
1,1401,0
1,1000,0
1,3399,0
1,3401,0
1,900,0
1,1600,0
1,4001,0
1,600,0
1,500,0
1,1100,0
1,900,0
1,1201,0
1,1400,0
1,1000,0
1,1000,0
1,1499,0
1,1001,0
1,1300,0
1,1700,0
1,800,0
1,800,0
1,1699,0
1,801,0
1,500,0
1,1200,0
1,1100,0
1,1499,0
1,3801,0
1,1200,0
1,1499,0
1,3701,0
1,1000,0
1,600,0
1,1799,0
1,4101,0
1,600,0
1,1099,0
1,1801,0
1,4000,0
1,500,0
1,700,0
1,901,0
1,400,0
1,800,0
1,500,0
1,1100,0
1,1399,0
1,3701,0
1,4199,0
1,701,0
1,500,0
1,1200,0
1,1800,0
1,899,0
1,901,0
1,4100,0
1,999,0
1,1101,0
1,1200,0
1,1300,0
1,1000,0
1,1799,0
1,1300,0
1,800,0
1,1200,0
1,1000,0
1,2001,0
1,500,0
1,1100,0
1,600,0
1,900,0
1,899,0
1,2101,0
1,1301,0
1,4500,0
1,1800,0
1,2000,0
1,899,0
1,1201,0
1,300,0
1,700,0
1,500,0
1,700,0
1,700,0
1,999,0
1,300,0
1,1101,0
1,300,0
1,700,0
1,600,0
1,2400,0
1,2400,0
1,600,0
1,2400,0
1,2399,0
1,500,0
1,300,0
1,301,0
1,500,0
1,700,0
1,500,0
1,300,0
1,700,0
1,1100,0
1,1100,0
1,1301,0
1,1000,0
1,1200,0
1,1200,0
1,999,0
1,2001,0
1,900,0
1,800,0
1,1200,0
1,4501,0
1,500,0
1,800,0
1,1099,0
1,500,0
1,1101,0
1,1200,0
1,1300,0
1,1900,0
1,900,0
1,1101,0
1,1200,0
1,900,0
1,2100,0
1,4400,0
1,1200,0
1,800,0
1,900,0
1,899,0
1,1601,0
1,500,0
1,500,0
1,500,0
1,500,0
1,1200,0
1,799,0
1,1901,0
1,600,0
1,1200,0
1,1200,0
1,899,0
1,1901,0
1,1000,0
1,500,0
1,4500,0
1,2200,0
1,20699,0
1,800,0
1,600,0
1,4499,0
1,1001,0
1,2000,0
1,2999,0
1,1001,0
1,1300,0
1,900,0
1,2200,0
1,500,0
1,801,0
1,1300,0
1,1400,0
1,900,0
1,2099,0
1,1300,0
1,1200,0
1,900,0
1,4400,0
1,2200,0
1,2199,0
1,1201,0
1,2000,0
1,4199,0
1,2100,0
1,1700,0
1,600,0
1,600,0
1,1100,0
1,1301,0
1,4400,0
1,599,0
1,900,0
1,4400,0
1,2099,0
1,900,0
1,1200,0
1,600,0
1,1300,0
1,799,0
1,901,0
1,4200,0
1,1299,0
1,2001,0
1,1300,0
1,1000,0
1,899,0
1,1201,0
1,2000,0
1,4399,0
1,900,0
1,1200,0
1,1000,0
1,1799,0
1,2501,0
1,300,0
1,1200,0
1,400,0
1,400,0
1,1399,0
1,1001,0
1,1800,0
1,500,0
1,1300,0
1,599,0
1,1601,0
1,1500,0
1,1400,0
1,900,0
1,999,0
1,1101,0
1,1000,0
1,900,0
1,900,0
1,1499,0
1,1501,0
1,1700,0
1,1000,0
1,700,0
1,1599,0
1,3401,0
1,1200,0
1,1000,0
1,999,0
1,1801,0
1,1000,0
1,2100,0
1,899,0
1,900,0
1,2000,0
1,2200,0
1,1499,0
1,1101,0
1,300,0
1,2400,0
1,800,0
1,300,0
1,299,0
1,900,0
1,1301,0
1,900,0
1,3999,0
1,501,0
1,600,0
1,800,0
1,600,0
1,500,0
1,1499,0
1,700,0
1,801,0
1,500,0
1,4199,0
1,1201,0
1,1100,0
1,1200,0
1,1300,0
1,1099,0
1,900,0
1,1101,0
1,900,0
1,1100,0
1,800,0
1,499,0
1,500,0
1,1201,0
1,900,0
1,4299,0
1,1201,0
1,4300,0
1,1300,0
1,1400,0
1,1700,0
1,1000,0
1,999,0
1,21001,0
1,1100,0
1,900,0
1,1201,0
1,1200,0
1,2100,0
1,899,0
1,3901,0
1,1100,0
1,899,0
1,4201,0
1,1700,0
1,900,0
1,1301,0
1,1900,0
1,500,0
1,500,0
1,999,0
1,500,0
1,501,0
1,500,0
1,800,0
1,1000,0
1,1799,0
1,1301,0
1,500,0
1,500,0
1,1000,0
1,1200,0
1,600,0
1,1100,0
1,1001,0
1,1300,0
1,1900,0
1,1000,0
1,500,0
1,109201,0
1,2300,0
1,1200,0
1,1900,0
1,4600,0
1,900,0
1,500,0
1,1000,0
1,1899,0
1,801,0
1,700,0
1,700,0
1,300,0
1,300,0
1,700,0
1,2699,0
1,801,0
1,300,0
1,799,0
1,2501,0
1,300,0
1,800,0
1,2400,0
1,700,0
1,300,0
1,2401,0
1,700,0
1,700,0
1,600,0
1,600,0
1,999,0
1,600,0
1,1200,0
1,1000,0
1,300,0
1,1000,0
1,1200,0
1,700,0
1,1101,0
1,300,0
1,700,0
1,500,0
1,500,0
1,1000,0
1,700,0
1,499,0
1,300,0
1,1001,0
1,600,0
1,700,0
1,700,0
1,600,0
1,1000,0
1,500,0
1,999,0
1,1001,0
1,2400,0
1,700,0
1,700,0
1,900,0
1,999,0
1,601,0
1,1100,0
1,700,0
1,1000,0
1,700,0
1,600,0
1,300,0
1,999,0
1,300,0
1,1001,0
1,700,0
1,700,0
1,901,0
1,700,0
1,1100,0
1,1200,0
1,600,0
1,499,0
1,700,0
1,1101,0
1,300,0
1,300,0
1,700,0
1,1100,0
1,1000,0
1,699,0
1,600,0
1,2501,0
1,500,0
1,700,0
1,1000,0
1,2499,0
1,600,0
1,200,0
1,700,0
1,500,0
1,700,0
1,300,0
1,500,0
1,700,0
1,4101,0
1,4099,0
1,1201,0
1,600,0
1,1200,0
1,1799,0
1,700,0
1,1101,0
1,300,0
1,300,0
1,500,0
1,300,0
1,500,0
1,2399,0
1,500,0
1,1201,0
1,500,0
1,2400,0
1,500,0
1,2399,0
1,500,0
1,500,0
1,1000,0
1,300,0
1,700,0
1,699,0
1,500,0
1,700,0
1,500,0
1,900,0
1,699,0
1,700,0
1,1001,0
1,300,0
1,1100,0
1,1200,0
1,1000,0
1,1200,0
1,3901,0
1,3800,0
1,1000,0
1,400,0
1,500,0
1,1100,0
1,799,0
1,1601,0
1,1200,0
1,1000,0
1,900,0
1,1000,0
1,499,0
1,1601,0
1,1700,0
1,1000,0
1,3800,0
1,1100,0
1,1000,0
1,3800,0
1,1300,0
1,1200,0
1,600,0
1,500,0
1,1199,0
1,2401,0
1,500,0
1,2400,0
1,699,0
1,2401,0
1,1400,0
1,700,0
1,700,0
1,600,0
1,999,0
1,500,0
1,701,0
1,4700,0
1,799,0
1,300,0
1,2401,0
1,700,0
1,1000,0
1,801,0
1,800,0
1,500,0
1,500,0
1,2399,0
1,2501,0
1,800,0
1,600,0
1,300,0
1,700,0
1,300,0
1,1199,0
1,2501,0
1,2400,0
1,300,0
1,2399,0
1,1201,0
1,700,0
1,700,0
1,1100,0
1,700,0
1,600,0
1,700,0
1,2401,0
1,600,0
1,500,0
1,1100,0
1,700,0
1,2400,0
1,600,0
1,700,0
1,700,0
1,1000,0
1,700,0
1,599,0
1,1000,0
1,700,0
1,700,0
1,700,0
1,300,0
1,700,0
1,500,0
1,1101,0
1,700,0
1,2400,0
1,1100,0
1,500,0
1,299,0
1,400,0
1,500,0
1,601,0
1,1100,0
1,1100,0
1,500,0
1,900,0
1,2600,0
1,300,0
1,699,0
1,700,0
1,1001,0
1,1100,0
1,700,0
1,400,0
1,300,0
1,1100,0
1,1099,0
1,300,0
1,1001,0
1,700,0
1,700,0
1,700,0
1,600,0
1,500,0
1,500,0
1,699,0
1,1701,0
1,2000,0
1,2399,0
1,901,0
1,1600,0
1,1200,0
1,1899,0
1,2701,0
1,300,0
1,500,0
1,1100,0
1,700,0
1,300,0
1,499,0
1,1000,0
1,1000,0
1,700,0
1,500,0
1,300,0
1,700,0
1,500,0
1,600,0
1,700,0
1,500,0
1,600,0
1,1200,0
1,1100,0
1,300,0
1,600,0
1,500,0
1,699,0
1,600,0
1,701,0
1,700,0
1,700,0
1,1200,0
1,2399,0
1,801,0
1,300,0
1,1000,0
1,500,0
1,2400,0
1,499,0
1,500,0
1,300,0
1,1101,0
1,700,0
1,2600,0
1,700,0
1,2400,0
1,300,0
1,600,0
1,300,0
1,1100,0
1,1100,0
1,699,0
1,1100,0
1,501,0
1,600,0
1,600,0
1,500,0
1,700,0
1,400,0
1,2399,0
1,2401,0
1,700,0
1,300,0
1,1100,0
1,700,0
1,499,0
1,500,0
1,501,0
1,200,0
1,700,0
1,2300,0
1,1200,0
1,999,0
1,500,0
1,300,0
1,700,0
1,500,0
1,300,0
1,1100,0
1,600,0
1,600,0
1,2400,0
1,500,0
1,500,0
1,700,0
1,800,0
1,900,0
1,1000,0
1,1100,0
1,500,0
1,700,0
1,700,0
1,600,0
1,699,0
1,500,0
1,301,0
1,2400,0
1,500,0
1,1000,0
1,500,0
1,2400,0
1,1100,0
1,9300,0
1,500,0
1,1200,0
1,600,0
1,700,0
1,600,0
1,700,0
1,1000,0
1,300,0
1,600,0
1,1100,0
1,2300,0
1,1000,0
1,500,0
1,600,0
1,500,0
1,2899,0
1,701,0
1,300,0
1,700,0
1,600,0
1,1200,0
1,900,0
1,999,0
1,500,0
1,500,0
1,3201,0
1,600,0
1,2799,0
1,2300,0
1,900,0
1,600,0
1,700,0
1,900,0
1,1201,0
1,4500,0
1,1100,0
1,2000,0
1,700,0
1,800,0
1,1000,0
1,1200,0
1,399,0
1,1000,0
1,501,0
1,700,0
1,1100,0
1,700,0
1,600,0
1,600,0
1,399,0
1,500,0
1,1201,0
1,500,0
1,900,0
1,2400,0
1,1299,0
1,800,0
1,600,0
1,700,0
1,300,0
1,1000,0
1,600,0
1,600,0
1,999,0
1,1000,0
1,700,0
1,1100,0
1,500,0
1,500,0
1,1000,0
1,700,0
1,2400,0
1,500,0
1,600,0
1,700,0
1,500,0
1,1000,0
1,700,0
1,1100,0
1,1101,0
1,700,0
1,300,0
1,500,0
1,2499,0
1,701,0
1,600,0
1,300,0
1,500,0
1,2400,0
1,2399,0
1,701,0
1,2400,0
1,1000,0
1,400,0
1,1000,0
1,1100,0
1,1299,0
1,300,0
1,500,0
1,900,0
1,700,0
1,700,0
1,300,0
1,700,0
1,1100,0
1,499,0
1,300,0
1,701,0
1,1100,0
1,600,0
1,500,0
1,300,0
1,700,0
1,300,0
1,900,0
1,300,0
1,700,0
1,701,0
1,1100,0
1,700,0
1,700,0
1,600,0
1,500,0
1,699,0
1,300,0
1,500,0
1,500,0
1,700,0
1,600,0
1,1200,0
1,600,0
1,600,0
1,1099,0
1,700,0
1,2400,0
1,1000,0
1,1000,0
1,2400,0
1,1000,0
1,700,0
1,500,0
1,1100,0
1,1100,0
1,1099,0
1,601,0
1,600,0
1,700,0
1,2400,0
1,500,0
1,2399,0
1,801,0
1,2400,0
1,2399,0
1,900,0
1,701,0
1,600,0
1,700,0
1,900,0
1,700,0
1,8300,0
1,2500,0
1,4500,0
1,2501,0
1,7900,0
1,2399,0
1,4900,0
1,1499,0
1,1201,0
1,1300,0
1,800,0
1,3500,0
1,4899,0
1,3301,0
1,600,0
1,900,0
1,4501,0
1,2200,0
1,1401,0
1,2100,0
1,1300,0
1,1699,0
1,2401,0
1,1000,0
1,500,0
1,1699,0
1,1601,0
1,3900,0
1,1501,0
1,600,0
1,1700,0
1,4200,0
1,800,0
1,1200,0
1,900,0
1,1000,0
1,900,0
1,400,0
1,2500,0
1,500,0
1,2000,0
1,1600,0
1,700,0
1,1800,0
1,1000,0
1,499,0
1,1201,0
1,1800,0
1,900,0
1,1000,0
1,1699,0
1,900,0
1,900,0
1,2000,0
1,2000,0
1,1800,0
1,1000,0
1,1300,0
1,1700,0
1,2000,0
1,1000,0
1,1500,0
1,1601,0
1,1200,0
1,700,0
1,3799,0
1,1701,0
1,1100,0
1,1100,0
1,999,0
1,700,0
1,2001,0
1,1400,0
1,4200,0
1,1200,0
1,4299,0
1,1701,0
1,600,0
1,900,0
1,700,0
1,1499,0
1,1200,0
1,2900,0
1,4400,0
1,4400,0
1,999,0
1,1001,0
1,4200,0
1,1299,0
1,1101,0
1,1500,0
1,800,0
1,4000,0
1,4199,0
1,1101,0
1,1700,0
1,500,0
1,900,0
1,1699,0
1,1101,0
1,1800,0
1,4400,0
1,1300,0
1,4299,0
1,1301,0
1,1200,0
1,1300,0
1,1300,0
1,1801,0
1,1100,0
1,1400,0
1,600,0
1,899,0
1,1801,0
1,2200,0
1,900,0
1,1099,0
1,4301,0
1,4400,0
1,1200,0
1,600,0
1,800,0
1,1299,0
1,1701,0
1,1700,0
1,1899,0
1,2001,0
1,1600,0
1,1300,0
1,899,0
1,900,0
1,1800,0
1,2000,0
1,500,0
1,400,0
1,600,0
1,501,0
1,700,0
1,1800,0
1,500,0
1,1100,0
1,1300,0
1,500,0
1,1700,0
1,700,0
1,900,0
1,600,0
1,1100,0
1,501,0
1,500,0
1,1800,0
1,1300,0
1,499,0
1,600,0
1,1201,0
1,800,0
1,800,0
1,900,0
1,17199,0
1,5200,0
1,1500,0
1,2300,0
1,3600,0
1,2099,0
1,3301,0
1,700,0
1,1599,0
1,2001,0
1,2300,0
1,1200,0
1,699,0
1,1301,0
1,500,0
1,1300,0
1,1100,0
1,800,0
1,1100,0
1,900,0
1,900,0
1,999,0
1,1301,0
1,900,0
1,1300,0
1,1300,0
1,1701,0
1,1200,0
1,700,0
1,900,0
1,1000,0
1,1501,0
1,400,0
1,1600,0
1,1300,0
1,2199,0
1,1000,0
1,2800,0
1,3799,0
1,3201,0
1,1900,0
1,3399,0
1,5899,0
1,700,0
1,2400,0
1,5000,0
1,1900,0
1,14500,0
1,3400,0
1,1599,0
1,7900,0
1,3300,0
1,1999,0
1,1200,0
1,3100,0
1,900,0
1,1599,0
1,1201,0
1,2400,0
1,1400,0
1,1399,0
1,1001,0
1,1700,0
1,1500,0
1,1599,0
1,234901,0
1,3200,0
1,1300,0
1,1000,0
1,2000,0
1,4900,0
1,4599,0
1,1301,0
1,1500,0
1,1000,0
1,2199,0
1,901,0
1,600,0
1,1300,0
1,143300,0
1,800,0
1,1000,0
1,699,0
1,500,0
1,1001,0
1,500,0
1,1200,0
1,400,0
1,500,0
1,300,0
1,400,0
1,599,0
1,1000,0
1,700,0
1,2599,0
1,600,0
1,999,0
1,1601,0
1,1600,0
1,3499,0
1,800,0
1,1701,0
1,3900,0
1,1100,0
1,3501,0
1,500,0
1,2399,0
1,801,0
1,1000,0
1,300,0
1,2400,0
1,300,0
1,699,0
1,900,0
1,2401,0
1,2600,0
1,2399,0
1,2400,0
1,2400,0
1,300,0
1,600,0
1,300,0
1,501,0
1,1100,0
1,2500,0
1,122600,0
1,1701,0
1,3600,0
1,3500,0
1,3800,0
1,500,0
1,999,0
1,1101,0
1,3700,0
1,500,0
1,1499,0
1,901,0
1,400,0
1,1700,0
1,1700,0
1,3601,0
1,1500,0
1,1799,0
1,901,0
1,1500,0
1,3100,0
1,1400,0
1,5200,0
1,1800,0
1,4000,0
1,1500,0
1,500,0
1,1199,0
1,4101,0
1,1700,0
1,1499,0
1,701,0
1,4200,0
1,1299,0
1,500,0
1,800,0
1,4199,0
1,1101,0
1,900,0
1,1200,0
1,500,0
1,900,0
1,1801,0
1,1200,0
1,4599,0
1,1501,0
1,5199,0
1,1301,0
1,1600,0
1,1200,0
1,1599,0
1,1101,0
1,5799,0
1,1101,0
1,1000,0
1,1100,0
1,1300,0
1,800,0
1,1501,0
1,500,0
1,3799,0
1,4101,0
1,1900,0
1,600,0
1,500,0
1,1600,0
1,900,0
1,1400,0
1,1699,0
1,3201,0
1,400,0
1,900,0
1,1299,0
1,900,0
1,600,0
1,1300,0
1,600,0
1,900,0
1,1099,0
1,1501,0
1,700,0
1,900,0
1,900,0
1,1500,0
1,600,0
1,400,0
1,901,0
1,400,0
1,900,0
1,1500,0
1,900,0
1,899,0
1,400,0
1,1401,0
1,700,0
1,700,0
1,1700,0
1,2099,0
1,1300,0
1,1200,0
1,1800,0
1,1799,0
1,4600,0
1,899,0
1,1901,0
1,1200,0
1,500,0
1,1100,0
1,900,0
1,1199,0
1,1301,0
1,5099,0
1,4701,0
1,1000,0
1,4600,0
1,1300,0
1,400,0
1,899,0
1,1200,0
1,1000,0
1,900,0
1,1900,0
1,900,0
1,1200,0
1,1901,0
1,1800,0
1,1899,0
1,800,0
1,700,0
1,1299,0
1,400,0
1,1200,0
1,900,0
1,700,0
1,900,0
1,3000,0
1,3100,0
1,400,0
1,400,0
1,899,0
1,400,0
1,901,0
1,600,0
1,1500,0
1,600,0
1,700,0
1,1299,0
1,1001,0
1,900,0
1,900,0
1,1400,0
1,1499,0
1,3101,0
1,1400,0
1,3099,0
1,1200,0
1,900,0
1,2100,0
1,500,0
1,2101,0
1,4600,0
1,1199,0
1,701,0
1,1300,0
1,700,0
1,1000,0
1,900,0
1,3101,0
1,900,0
1,1300,0
1,900,0
1,1299,0
1,1301,0
1,800,0
1,500,0
1,500,0
1,3099,0
1,701,0
1,700,0
1,900,0
1,800,0
1,900,0
1,4700,0
1,900,0
1,400,0
1,400,0
1,1500,0
1,400,0
1,699,0
1,700,0
1,401,0
1,400,0
1,1300,0
1,700,0
1,400,0
1,700,0
1,899,0
1,1301,0
1,3000,0
1,900,0
1,3100,0
1,1400,0
1,400,0
1,900,0
1,400,0
1,1499,0
1,601,0
1,1500,0
1,400,0
1,600,0
1,800,0
1,600,0
1,599,0
1,1201,0
1,900,0
1,800,0
1,300,0
1,700,0
1,1899,0
1,3401,0
1,4599,0
1,900,0
1,1800,0
1,500,0
1,900,0
1,2099,0
1,1200,0
1,1300,0
1,4600,0
1,5899,0
1,2001,0
1,500,0
1,1200,0
1,1800,0
1,1200,0
1,1001,0
1,600,0
1,801,0
1,1300,0
1,1100,0
1,4900,0
1,3301,0
1,1600,0
1,600,0
1,700,0
1,1300,0
1,800,0
1,3100,0
1,1000,0
1,1199,0
1,901,0
1,900,0
1,400,0
1,1500,0
1,900,0
1,1499,0
1,1501,0
1,900,0
1,800,0
1,400,0
1,800,0
1,699,0
1,1501,0
1,500,0
1,600,0
1,700,0
1,400,0
1,400,0
1,3100,0
1,700,0
1,1000,0
1,400,0
1,900,0
1,1199,0
1,900,0
1,901,0
1,1200,0
1,900,0
1,1800,0
1,4501,0
1,1400,0
1,900,0
1,250301,0
1,2499,0
1,1201,0
1,1200,0
1,1800,0
1,700,0
1,900,0
1,2001,0
1,500,0
1,900,0
1,1299,0
1,1300,0
1,400,0
1,8700,0
1,900,0
1,1300,0
1,400,0
1,600,0
1,1301,0
1,900,0
1,3100,0
1,500,0
1,1200,0
1,1101,0
1,1200,0
1,500,0
1,800,0
1,900,0
1,1199,0
1,901,0
1,400,0
1,700,0
1,500,0
1,400,0
1,1200,0
1,1299,0
1,500,0
1,2100,0
1,2100,0
1,900,0
1,500,0
1,1201,0
1,1200,0
1,4699,0
1,801,0
1,2200,0
1,1200,0
1,1199,0
1,4601,0
1,4200,0
1,1700,0
1,700,0
1,177700,0
1,1700,0
1,3799,0
1,1101,0
1,1000,0
1,800,0
1,1201,0
1,900,0
1,1600,0
1,700,0
1,699,0
1,1101,0
1,600,0
1,700,0
1,700,0
1,1200,0
1,2399,0
1,701,0
1,200,0
1,700,0
1,700,0
1,600,0
1,700,0
1,700,0
1,2399,0
1,400,0
1,300,0
1,600,0
1,1100,0
1,500,0
1,700,0
1,300,0
1,699,0
1,700,0
1,500,0
1,300,0
1,1100,0
1,2500,0
1,300,0
1,2400,0
1,600,0
1,700,0
1,700,0
1,900,0
1,300,0
1,700,0
1,300,0
1,699,0
1,500,0
1,2401,0
1,500,0
1,2100,0
1,2100,0
1,1000,0
1,4199,0
1,500,0
1,2500,0
1,700,0
1,800,0
1,600,0
1,900,0
1,300,0
1,301,0
1,700,0
1,1400,0
1,1600,0
1,1799,0
1,2100,0
1,400,0
1,800,0
1,500,0
1,600,0
1,299,0
1,500,0
1,2501,0
1,1200,0
1,900,0
1,2499,0
1,1201,0
1,600,0
1,7500,0
1,300,0
1,300,0
1,300,0
1,500,0
1,500,0
1,500,0
1,999,0
1,1001,0
1,700,0
1,1100,0
1,900,0
1,1000,0
1,500,0
1,699,0
1,500,0
1,701,0
1,600,0
1,1000,0
1,500,0
1,2400,0
1,499,0
1,1101,0
1,2400,0
1,600,0
1,300,0
1,1000,0
1,1100,0
1,2401,0
1,500,0
1,1100,0
1,2399,0
1,1201,0
1,500,0
1,1100,0
1,1100,0
1,700,0
1,300,0
1,1100,0
1,1000,0
1,300,0
1,700,0
1,999,0
1,700,0
1,301,0
1,1000,0
1,500,0
1,2400,0
1,700,0
1,2300,0
1,300,0
1,600,0
1,500,0
1,2400,0
1,999,0
1,300,0
1,701,0
1,700,0
1,1200,0
1,500,0
1,500,0
1,1000,0
1,1099,0
1,1000,0
1,2400,0
1,700,0
1,300,0
1,500,0
1,1000,0
1,600,0
1,500,0
1,301,0
1,1000,0
1,1000,0
1,1100,0
1,1000,0
1,2399,0
1,500,0
1,2801,0
1,800,0
1,900,0
1,1000,0
1,1300,0
1,900,0
1,1800,0
1,900,0
1,800,0
1,3801,0
1,800,0
1,999,0
1,400,0
1,700,0
1,1400,0
1,1700,0
1,900,0
1,1100,0
1,601,0
1,500,0
1,1900,0
1,1100,0
1,899,0
1,400,0
1,1301,0
1,600,0
1,3899,0
1,1801,0
1,1800,0
1,4200,0
1,1000,0
1,4399,0
1,1201,0
1,1200,0
1,4299,0
1,501,0
1,1800,0
1,2000,0
1,999,0
1,1100,0
1,900,0
1,900,0
1,1700,0
1,4300,0
1,900,0
1,1000,0
1,1299,0
1,1001,0
1,1000,0
1,1600,0
1,900,0
1,1199,0
1,501,0
1,500,0
1,500,0
1,1400,0
1,1000,0
1,1200,0
1,3500,0
1,1100,0
1,1100,0
1,1000,0
1,700,0
1,799,0
1,400,0
1,1800,0
1,500,0
1,1100,0
1,2100,0
1,1100,0
1,700,0
1,499,0
1,1100,0
1,1900,0
1,1000,0
1,5100,0
1,800,0
1,800,0
1,900,0
1,3600,0
1,1200,0
1,1200,0
1,1799,0
1,1301,0
1,4000,0
1,1199,0
1,300,0
1,74900,0
1,30000,0
1,6799,0
1,1001,0
1,4100,0
1,700,0
1,601,0
1,4400,0
1,2099,0
1,14899,0
1,68500,0
1,1700,0
1,2599,0
1,2301,0
1,500,0
1,300,0
1,500,0
1,700,0
1,500,0
1,1099,0
1,300,0
1,500,0
1,1000,0
1,1000,0
1,700,0
1,900,0
1,700,0
1,200,0
1,1099,0
1,500,0
1,2300,0
1,2400,0
1,1099,0
1,600,0
1,1000,0
1,1000,0
1,1800,0
1,1000,0
1,1701,0
1,1000,0
1,500,0
1,1100,0
1,899,0
1,1201,0
1,2000,0
1,1400,0
1,4300,0
1,1600,0
1,1300,0
1,3900,0
1,1100,0
1,900,0
1,1000,0
1,799,0
1,123701,0
1,1500,0
1,800,0
1,1199,0
1,1001,0
1,400,0
1,1800,0
1,600,0
1,1700,0
1,700,0
1,1201,0
1,1000,0
1,1100,0
1,800,0
1,1899,0
1,1601,0
1,1300,0
1,1700,0
1,1499,0
1,800,0
1,400,0
1,1000,0
1,3999,0
1,1001,0
1,1800,0
1,1400,0
1,1700,0
1,1701,0
1,1400,0
1,3500,0
1,699,0
1,700,0
1,500,0
1,1000,0
1,500,0
1,600,0
1,700,0
1,700,0
1,700,0
1,3700,0
1,1000,0
1,1399,0
1,3501,0
1,1200,0
1,1099,0
1,67101,0
1,1901,0
1,1200,0
1,500,0
1,1800,0
1,3600,0
1,1800,0
1,4000,0
1,1000,0
1,3800,0
1,4001,0
1,900,0
1,900,0
1,3700,0
1,900,0
1,1100,0
1,1200,0
1,1801,0
1,900,0
1,1600,0
1,1999,0
1,1601,0
1,1100,0
1,1800,0
1,900,0
1,500,0
1,500,0
1,2101,0
1,800,0
1,1800,0
1,1099,0
1,2001,0
1,1000,0
1,800,0
1,1700,0
1,4301,0
1,2100,0
1,999,0
1,1801,0
1,1200,0
1,700,0
1,900,0
1,901,0
1,900,0
1,4199,0
1,1401,0
1,1200,0
1,1400,0
1,1200,0
1,2000,0
1,1200,0
1,4200,0
1,3899,0
1,1101,0
1,1500,0
1,1200,0
1,800,0
1,999,0
1,900,0
1,500,0
1,1100,0
1,3899,0
1,1201,0
1,2000,0
1,4299,0
1,800,0
1,1699,0
1,1701,0
1,1800,0
1,1000,0
1,1399,0
1,1001,0
1,1000,0
1,900,0
1,4300,0
1,1000,0
1,800,0
1,1700,0
1,1999,0
1,1201,0
1,1000,0
1,12699,0
1,4800,0
1,3099,0
1,9501,0
1,2300,0
1,700,0
1,1199,0
1,7800,0
1,1301,0
1,500,0
1,800,0
1,2200,0
1,1999,0
1,901,0
1,600,0
1,1400,0
1,1200,0
1,999,0
1,2401,0
1,2000,0
1,4300,0
1,800,0
1,1500,0
1,700,0
1,800,0
1,1400,0
1,700,0
1,1200,0
1,4199,0
1,2101,0
1,1300,0
1,1300,0
1,1299,0
1,800,0
1,1000,0
1,1600,0
1,900,0
1,1000,0
1,799,0
1,1401,0
1,400,0
1,1000,0
1,1600,0
1,3700,0
1,800,0
1,3600,0
1,999,0
1,2101,0
1,4599,0
1,1201,0
1,1100,0
1,1300,0
1,2099,0
1,800,0
1,700,0
1,500,0
1,500,0
1,600,0
1,300,0
1,2399,0
1,200,0
1,500,0
1,1201,0
1,600,0
1,1100,0
1,600,0
1,600,0
1,1300,0
1,500,0
1,1201,0
1,1200,0
1,1000,0
1,800,0
1,900,0
1,1199,0
1,1701,0
1,1200,0
1,500,0
1,900,0
1,4000,0
1,900,0
1,1100,0
1,500,0
1,1199,0
1,3801,0
1,4200,0
1,1800,0
1,900,0
1,600,0
1,1199,0
1,1200,0
1,1300,0
1,4199,0
1,1101,0
1,2000,0
1,1000,0
1,1899,0
1,1801,0
1,500,0
1,1800,0
1,4100,0
1,1200,0
1,900,0
1,800,0
1,1699,0
1,1601,0
1,1700,0
1,4500,0
1,1200,0
1,500,0
1,1000,0
1,1199,0
1,500,0
1,1301,0
1,2200,0
1,900,0
1,700,0
1,1199,0
1,1999,0
1,1100,0
1,900,0
1,900,0
1,1200,0
1,1000,0
1,601,0
1,1100,0
1,1200,0
1,900,0
1,899,0
1,1901,0
1,1900,0
1,2000,0
1,2000,0
1,1500,0
1,300,0
1,300,0
1,1100,0
1,2499,0
1,1001,0
1,1100,0
1,700,0
1,2400,0
1,1099,0
1,300,0
1,701,0
1,1900,0
1,4499,0
1,1201,0
1,1200,0
1,3999,0
1,1001,0
1,1600,0
1,800,0
1,1100,0
1,500,0
1,1600,0
1,500,0
1,1600,0
1,900,0
1,900,0
1,800,0
1,1300,0
1,1100,0
1,4200,0
1,1300,0
1,1000,0
1,400,0
1,500,0
1,901,0
1,3800,0
1,1000,0
1,1000,0
1,300,0
1,1299,0
1,400,0
1,1001,0
1,500,0
1,4000,0
1,1100,0
1,1000,0
1,400,0
1,1700,0
1,400,0
1,4099,0
1,1201,0
1,900,0
1,1600,0
1,1200,0
1,1200,0
1,900,0
1,2100,0
1,900,0
1,1599,0
1,1701,0
1,800,0
1,1900,0
1,1199,0
1,1801,0
1,4399,0
1,1301,0
1,1000,0
1,1000,0
1,1100,0
1,1000,0
1,900,0
1,4401,0
1,4100,0
1,900,0
1,4099,0
1,901,0
1,2100,0
1,4199,0
1,1901,0
1,600,0
1,1200,0
1,1699,0
1,2201,0
1,1200,0
1,900,0
1,1799,0
1,900,0
1,1301,0
1,900,0
1,2100,0
1,22000,0
1,1200,0
1,500,0
1,799,0
1,900,0
1,1200,0
1,800,0
1,1200,0
1,1300,0
1,1200,0
1,4601,0
1,900,0
1,700,0
1,300,0
1,300,0
1,700,0
1,999,0
1,1100,0
1,300,0
1,900,0
1,900,0
1,2000,0
1,1799,0
1,400,0
1,700,0
1,1000,0
1,1700,0
1,4100,0
1,900,0
1,900,0
1,1000,0
1,4000,0
1,900,0
1,1100,0
1,1999,0
1,1201,0
1,1800,0
1,4099,0
1,1401,0
1,900,0
1,1200,0
1,500,0
1,1699,0
1,901,0
1,1500,0
1,4199,0
1,2001,0
1,1200,0
1,500,0
1,2099,0
1,600,0
1,1100,0
1,900,0
1,1100,0
1,1799,0
1,1101,0
1,3800,0
1,4100,0
1,1000,0
1,400,0
1,4200,0
1,1200,0
1,1000,0
1,1200,0
1,1299,0
1,1401,0
1,4300,0
1,1199,0
1,1001,0
1,1100,0
1,1900,0
1,3800,0
1,900,0
1,1700,0
1,1200,0
1,900,0
1,1101,0
1,1200,0
1,1200,0
1,1100,0
1,599,0
1,1101,0
1,700,0
1,500,0
1,800,0
1,1700,0
1,1799,0
1,5200,0
1,799,0
1,701,0
1,900,0
1,800,0
1,2000,0
1,2699,0
1,1700,0
1,1200,0
1,900,0
1,1299,0
1,1801,0
1,1100,0
1,800,0
1,1200,0
1,1699,0
1,1200,0
1,900,0
1,900,0
1,700,0
1,1399,0
1,1201,0
1,1300,0
1,4099,0
1,1301,0
1,1700,0
1,1300,0
1,500,0
1,2100,0
1,1600,0
1,1100,0
1,1100,0
1,4100,0
1,1300,0
1,3799,0
1,600,0
1,800,0
1,3899,0
1,1201,0
1,1000,0
1,4000,0
1,1599,0
1,1201,0
1,4300,0
1,1200,0
1,901,0
1,4200,0
1,2200,0
1,1800,0
1,800,0
1,900,0
1,599,0
1,1000,0
1,1701,0
1,1100,0
1,1200,0
1,1599,0
1,2101,0
1,1400,0
1,1300,0
1,1299,0
1,1201,0
1,1300,0
1,1700,0
1,1000,0
1,899,0
1,4101,0
1,1000,0
1,999,0
1,1200,0
1,1000,0
1,1801,0
1,1600,0
1,1800,0
1,800,0
1,1201,0
1,1700,0
1,1100,0
1,1200,0
1,500,0
1,1301,0
1,1400,0
1,3999,0
1,1001,0
1,900,0
1,400,0
1,700,0
1,1100,0
1,1000,0
1,699,0
1,400,0
1,500,0
1,1000,0
1,500,0
1,500,0
1,800,0
1,1000,0
1,200,0
1,2399,0
1,500,0
1,1100,0
1,1000,0
1,200,0
1,600,0
1,700,0
1,699,0
1,2401,0
1,500,0
1,300,0
1,600,0
1,500,0
1,500,0
1,600,0
1,700,0
1,500,0
1,1101,0
1,500,0
1,700,0
1,700,0
1,500,0
1,1000,0
1,999,0
1,1901,0
1,1000,0
1,500,0
1,1000,0
1,700,0
1,800,0
1,4099,0
1,1001,0
1,2700,0
1,700,0
1,2099,0
1,1201,0
1,1400,0
1,900,0
1,2699,0
1,4001,0
1,4500,0
1,1000,0
1,4699,0
1,1401,0
1,1400,0
1,1800,0
1,600,0
1,2401,0
1,600,0
1,1200,0
1,300,0
1,2899,0
1,4701,0
1,1100,0
1,600,0
1,1100,0
1,700,0
1,2300,0
1,699,0
1,2001,0
1,1100,0
1,4699,0
1,1401,0
1,4700,0
1,1200,0
1,1100,0
1,500,0
1,799,0
1,1801,0
1,4300,0
1,1199,0
1,700,0
1,300,0
1,1200,0
1,1300,0
1,300,0
1,500,0
1,1000,0
1,499,0
1,300,0
1,899,0
1,1901,0
1,1100,0
1,1100,0
1,1400,0
1,1000,0
1,501,0
1,1600,0
1,1900,0
1,2099,0
1,4401,0
1,1200,0
1,1100,0
1,601,0
1,1200,0
1,1600,0
1,4400,0
1,500,0
1,900,0
1,4200,0
1,1300,0
1,1300,0
1,4400,0
1,1900,0
1,900,0
1,1899,0
1,4301,0
1,500,0
1,900,0
1,1199,0
1,1201,0
1,1200,0
1,800,0
1,900,0
1,500,0
1,1499,0
1,700,0
1,7300,0
1,1600,0
1,3999,0
1,1700,0
1,4199,0
1,1201,0
1,600,0
1,2100,0
1,1300,0
1,499,0
1,1200,0
1,500,0
1,1000,0
1,900,0
1,900,0
1,899,0
1,4500,0
1,900,0
1,4499,0
1,1901,0
1,2100,0
1,1199,0
1,500,0
1,1301,0
1,1200,0
1,2100,0
1,599,0
1,500,0
1,1201,0
1,1300,0
1,600,0
1,1800,0
1,1199,0
1,1201,0
1,4300,0
1,900,0
1,2001,0
1,1200,0
1,1300,0
1,999,0
1,1001,0
1,900,0
1,900,0
1,1300,0
1,4300,0
1,1200,0
1,600,0
1,300,0
1,500,0
1,2400,0
1,600,0
1,700,0
1,400,0
1,400,0
1,1300,0
1,4100,0
1,900,0
1,1300,0
1,1799,0
1,1201,0
1,1300,0
1,700,0
1,1800,0
1,600,0
1,1301,0
1,900,0
1,900,0
1,1200,0
1,1100,0
1,2001,0
1,1100,0
1,800,0
1,800,0
1,700,0
1,900,0
1,1699,0
1,1301,0
1,1800,0
1,1400,0
1,500,0
1,999,0
1,1101,0
1,1100,0
1,700,0
1,1800,0
1,1799,0
1,1601,0
1,700,0
1,1100,0
1,900,0
1,4601,0
1,1200,0
1,1099,0
1,901,0
1,900,0
1,500,0
1,900,0
1,900,0
1,1199,0
1,1000,0
1,500,0
1,1800,0
1,1100,0
1,3900,0
1,1500,0
1,900,0
1,3600,0
1,500,0
1,1100,0
1,1100,0
1,500,0
1,700,0
1,1600,0
1,700,0
1,4400,0
1,899,0
1,1201,0
1,900,0
1,1800,0
1,900,0
1,1199,0
1,1201,0
1,1200,0
1,1900,0
1,1799,0
1,1200,0
1,3700,0
1,1299,0
1,1101,0
1,1900,0
1,500,0
1,1100,0
1,1199,0
1,1001,0
1,1400,0
1,3599,0
1,1100,0
1,1200,0
1,900,0
1,1100,0
1,800,0
1,1199,0
1,800,0
1,1300,0
1,900,0
1,900,0
1,700,0
1,200,0
1,2400,0
1,500,0
1,700,0
1,700,0
1,1200,0
1,1100,0
1,499,0
1,500,0
1,1001,0
1,1000,0
1,500,0
1,600,0
1,900,0
1,1500,0
1,1699,0
1,2000,0
1,1600,0
1,1499,0
1,800,0
1,2001,0
1,1400,0
1,4100,0
1,900,0
1,1700,0
1,1600,0
1,599,0
1,901,0
1,1000,0
1,2600,0
1,800,0
1,500,0
1,500,0
1,499,0
1,200,0
1,600,0
1,1001,0
1,2400,0
1,700,0
1,300,0
1,900,0
1,500,0
1,900,0
1,900,0
1,4200,0
1,1000,0
1,800,0
1,1000,0
1,900,0
1,600,0
1,1101,0
1,1000,0
1,1400,0
1,700,0
1,3600,0
1,500,0
1,900,0
1,1600,0
1,799,0
1,1801,0
1,3900,0
1,899,0
1,1201,0
1,4300,0
1,1999,0
1,900,0
1,4100,0
1,1199,0
1,1001,0
1,2100,0
1,1200,0
1,1199,0
1,500,0
1,1701,0
1,500,0
1,1200,0
1,1999,0
1,500,0
1,301,0
1,600,0
1,600,0
1,700,0
1,3000,0
1,1899,0
1,1301,0
1,1300,0
1,2000,0
1,499,0
1,1200,0
1,1600,0
1,1600,0
1,1200,0
1,1699,0
1,900,0
1,1700,0
1,4400,0
1,1200,0
1,1300,0
1,600,0
1,1799,0
1,2101,0
1,1000,0
1,1300,0
1,1200,0
1,1801,0
1,1900,0
1,4499,0
1,1300,0
1,1200,0
1,1000,0
1,1799,0
1,901,0
1,1900,0
1,900,0
1,2099,0
1,1101,0
1,900,0
1,500,0
1,500,0
1,4300,0
1,900,0
1,4499,0
1,4601,0
1,16300,0
1,30100,0
1,3200,0
1,500,0
1,600,0
1,1800,0
1,1100,0
1,599,0
1,600,0
1,501,0
1,500,0
1,5099,0
1,1601,0
1,3000,0
1,600,0
1,899,0
1,2601,0
1,1100,0
1,1000,0
1,300,0
1,200,0
1,900,0
1,3101,0
1,1500,0
1,500,0
1,500,0
1,500,0
1,799,0
1,700,0
1,701,0
1,1400,0
1,1700,0
1,1300,0
1,4001,0
1,21700,0
1,7400,0
1,1700,0
1,2099,0
1,1801,0
1,3900,0
1,1100,0
1,901,0
1,4500,0
1,4401,0
1,1300,0
1,2499,0
1,901,0
1,300,0
1,500,0
1,500,0
1,700,0
1,2399,0
1,400,0
1,700,0
1,701,0
1,700,0
1,1000,0
1,500,0
1,1200,0
1,600,0
1,1099,0
1,1101,0
1,2300,0
1,700,0
1,700,0
1,1099,0
1,500,0
1,2600,0
1,1199,0
1,700,0
1,1001,0
1,2500,0
1,1000,0
1,1100,0
1,1000,0
1,701,0
1,600,0
1,400,0
1,500,0
1,300,0
1,1000,0
1,700,0
1,1000,0
1,699,0
1,600,0
1,1101,0
1,1100,0
1,300,0
1,1000,0
1,1100,0
1,2299,0
1,600,0
1,1100,0
1,700,0
1,1100,0
1,300,0
1,2399,0
1,2401,0
1,900,0
1,700,0
1,2299,0
1,1101,0
1,2300,0
1,2400,0
1,699,0
1,500,0
1,300,0
1,301,0
1,300,0
1,200,0
1,200,0
1,500,0
1,1100,0
1,200,0
1,500,0
1,500,0
1,999,0
1,1100,0
1,301,0
1,1100,0
1,2500,0
1,400,0
1,700,0
1,700,0
1,200,0
1,600,0
1,300,0
1,300,0
1,1101,0
1,500,0
1,300,0
1,1100,0
1,1000,0
1,200,0
1,1000,0
1,600,0
1,300,0
1,700,0
1,400,0
1,500,0
1,500,0
1,500,0
1,700,0
1,500,0
1,1000,0
1,600,0
1,999,0
1,700,0
1,501,0
1,500,0
1,700,0
1,200,0
1,700,0
1,500,0
1,900,0
1,700,0
1,600,0
1,1101,0
1,500,0
1,600,0
1,600,0
1,700,0
1,1100,0
1,500,0
1,499,0
1,500,0
1,200,0
1,401,0
1,600,0
1,700,0
1,800,0
1,300,0
1,200,0
1,2399,0
1,600,0
1,1101,0
1,800,0
1,500,0
1,699,0
1,700,0
1,1201,0
1,1100,0
1,700,0
1,600,0
1,900,0
1,1000,0
1,500,0
1,2401,0
1,700,0
1,300,0
1,900,0
1,1100,0
1,699,0
1,900,0
1,1001,0
1,400,0
1,600,0
1,2400,0
1,500,0
1,200,0
1,299,0
1,500,0
1,600,0
1,601,0
1,2300,0
1,700,0
1,300,0
1,900,0
1,300,0
1,1100,0
1,601,0
1,1000,0
1,1100,0
1,200,0
1,2299,0
1,1100,0
1,501,0
1,700,0
1,700,0
1,1100,0
1,2300,0
1,499,0
1,1000,0
1,601,0
1,600,0
1,1000,0
1,300,0
1,2300,0
1,599,0
1,900,0
1,701,0
1,600,0
1,1100,0
1,699,0
1,700,0
1,4801,0
1,900,0
1,400,0
1,1401,0
1,300,0
1,300,0
1,900,0
1,500,0
1,700,0
1,500,0
1,300,0
1,2299,0
1,2200,0
1,800,0
1,1300,0
1,600,0
1,799,0
1,1401,0
1,5400,0
1,1200,0
1,1101,0
1,600,0
1,700,0
1,700,0
1,500,0
1,1100,0
1,999,0
1,200,0
1,701,0
1,1100,0
1,500,0
1,700,0
1,500,0
1,1100,0
1,3700,0
1,800,0
1,500,0
1,700,0
1,500,0
1,500,0
1,700,0
1,900,0
1,901,0
1,1200,0
1,700,0
1,900,0
1,1500,0
1,899,0
1,4301,0
1,1999,0
1,16301,0
1,5600,0
1,500,0
1,500,0
1,2400,0
1,1099,0
1,701,0
1,900,0
1,600,0
1,700,0
1,300,0
1,600,0
1,1000,0
1,499,0
1,1000,0
1,501,0
1,400,0
1,900,0
1,1200,0
1,500,0
1,600,0
1,1100,0
1,600,0
1,901,0
1,700,0
1,600,0
1,2500,0
1,1000,0
1,499,0
1,1000,0
1,701,0
1,900,0
1,600,0
1,500,0
1,2499,0
1,1100,0
1,601,0
1,600,0
1,300,0
1,600,0
1,2400,0
1,1099,0
1,500,0
1,2401,0
1,2500,0
1,500,0
1,399,0
1,300,0
1,500,0
1,1001,0
1,700,0
1,400,0
1,500,0
1,700,0
1,700,0
1,700,0
1,2500,0
1,500,0
1,700,0
1,700,0
1,999,0
1,600,0
1,500,0
1,700,0
1,500,0
1,2400,0
1,500,0
1,699,0
1,900,0
1,1101,0
1,700,0
1,600,0
1,500,0
1,200,0
1,500,0
1,1000,0
1,999,0
1,500,0
1,701,0
1,700,0
1,500,0
1,1200,0
1,1000,0
1,2499,0
1,1001,0
1,500,0
1,1100,0
1,2500,0
1,2399,0
1,501,0
1,1100,0
1,2400,0
1,900,0
1,699,0
1,1000,0
1,701,0
1,700,0
1,500,0
1,1000,0
1,1000,0
1,1100,0
1,699,0
1,600,0
1,2501,0
1,700,0
1,2400,0
1,2400,0
1,2400,0
1,1100,0
1,1200,0
1,2500,0
1,600,0
1,600,0
1,699,0
1,2301,0
1,1000,0
1,2400,0
1,2399,0
1,1100,0
1,1000,0
1,1000,0
1,1000,0
1,500,0
1,499,0
1,900,0
1,601,0
1,1100,0
1,1100,0
1,300,0
1,500,0
1,500,0
1,1000,0
1,599,0
1,900,0
1,1201,0
1,200,0
1,500,0
1,500,0
1,1100,0
1,1100,0
1,1099,0
1,901,0
1,5699,0
1,700,0
1,2401,0
1,300,0
1,700,0
1,900,0
1,300,0
1,500,0
1,399,0
1,300,0
1,2401,0
1,1000,0
1,300,0
1,300,0
1,600,0
1,500,0
1,1099,0
1,700,0
1,1001,0
1,1100,0
1,900,0
1,1000,0
1,1100,0
1,800,0
1,1200,0
1,600,0
1,1100,0
1,499,0
1,200,0
1,500,0
1,501,0
1,400,0
1,1200,0
1,1100,0
1,2399,0
1,1100,0
1,2300,0
1,599,0
1,900,0
1,1001,0
1,300,0
1,600,0
1,2400,0
1,2399,0
1,1000,0
1,500,0
1,600,0
1,1100,0
1,2399,0
1,200,0
1,500,0
1,701,0
1,500,0
1,200,0
1,1100,0
1,1000,0
1,200,0
1,899,0
1,500,0
1,600,0
1,501,0
1,2400,0
1,900,0
1,500,0
1,2299,0
1,2401,0
1,600,0
1,300,0
1,300,0
1,300,0
1,900,0
1,499,0
1,700,0
1,701,0
1,600,0
1,900,0
1,300,0
1,2400,0
1,700,0
1,699,0
1,1100,0
1,601,0
1,400,0
1,500,0
1,600,0
1,600,0
1,1100,0
1,900,0
1,599,0
1,1101,0
1,200,0
1,300,0
1,2400,0
1,200,0
1,700,0
1,300,0
1,400,0
1,200,0
1,1100,0
1,700,0
1,1000,0
1,1000,0
1,700,0
1,500,0
1,500,0
1,499,0
1,1100,0
1,601,0
1,500,0
1,1100,0
1,500,0
1,400,0
1,1800,0
1,1000,0
1,500,0
1,700,0
1,400,0
1,400,0
1,2200,0
1,1000,0
1,999,0
1,1101,0
1,2500,0
1,600,0
1,700,0
1,1099,0
1,500,0
1,300,0
1,501,0
1,1000,0
1,1100,0
1,500,0
1,700,0
1,700,0
1,1100,0
1,600,0
1,500,0
1,999,0
1,500,0
1,500,0
1,1000,0
1,400,0
1,1100,0
1,200,0
1,900,0
1,2399,0
1,601,0
1,900,0
1,500,0
1,200,0
1,600,0
1,1100,0
1,300,0
1,699,0
1,700,0
1,500,0
1,501,0
1,600,0
1,600,0
1,500,0
1,2400,0
1,1099,0
1,600,0
1,301,0
1,900,0
1,2400,0
1,500,0
1,700,0
1,1099,0
1,500,0
1,401,0
1,500,0
1,500,0
1,300,0
1,2400,0
1,1000,0
1,500,0
1,900,0
1,500,0
1,500,0
1,2300,0
1,1000,0
1,500,0
1,200,0
1,2400,0
1,599,0
1,1100,0
1,600,0
1,300,0
1,200,0
1,1100,0
1,699,0
1,700,0
1,501,0
1,500,0
1,400,0
1,600,0
1,500,0
1,600,0
1,600,0
1,400,0
1,2400,0
1,700,0
1,500,0
1,600,0
1,400,0
1,500,0
1,2399,0
1,700,0
1,2301,0
1,700,0
1,500,0
1,700,0
1,600,0
1,600,0
1,2301,0
1,2400,0
1,1000,0
1,600,0
1,2500,0
1,600,0
1,600,0
1,600,0
1,500,0
1,300,0
1,400,0
1,2399,0
1,2401,0
1,900,0
1,700,0
1,700,0
1,600,0
1,1099,0
1,500,0
1,601,0
1,600,0
1,300,0
1,500,0
1,500,0
1,200,0
1,500,0
1,2399,0
1,300,0
1,600,0
1,600,0
1,1000,0
1,500,0
1,499,0
1,500,0
1,400,0
1,9301,0
1,900,0
1,1500,0
1,500,0
1,900,0
1,1201,0
1,1300,0
1,700,0
1,500,0
1,1100,0
1,999,0
1,500,0
1,501,0
1,500,0
1,700,0
1,500,0
1,500,0
1,500,0
1,300,0
1,1100,0
1,500,0
1,700,0
1,2401,0
1,300,0
1,300,0
1,700,0
1,200,0
1,1000,0
1,1099,0
1,1101,0
1,2400,0
1,500,0
1,1000,0
1,1100,0
1,500,0
1,1101,0
1,500,0
1,800,0
1,900,0
1,700,0
1,500,0
1,300,0
1,2399,0
1,701,0
1,500,0
1,2300,0
1,500,0
1,2399,0
1,1100,0
1,700,0
1,600,0
1,999,0
1,500,0
1,500,0
1,701,0
1,700,0
1,400,0
1,900,0
1,700,0
1,500,0
1,900,0
1,400,0
1,1101,0
1,600,0
1,500,0
1,1200,0
1,700,0
1,700,0
1,400,0
1,599,0
1,2401,0
1,200,0
1,300,0
1,700,0
1,300,0
1,500,0
1,1000,0
1,1099,0
1,2401,0
1,200,0
1,2400,0
1,1000,0
1,1099,0
1,700,0
1,701,0
1,2300,0
1,300,0
1,500,0
1,1100,0
1,300,0
1,499,0
1,400,0
1,601,0
1,1000,0
1,2400,0
1,700,0
1,400,0
1,4000,0
1,1000,0
1,1100,0
1,500,0
1,599,0
1,1000,0
1,800,0
1,1100,0
1,700,0
1,499,0
1,1100,0
1,401,0
1,400,0
1,600,0
1,300,0
1,700,0
1,700,0
1,700,0
1,600,0
1,399,0
1,900,0
1,1101,0
1,600,0
1,400,0
1,600,0
1,600,0
1,400,0
1,500,0
1,2299,0
1,1000,0
1,500,0
1,900,0
1,200,0
1,400,0
1,400,0
1,500,0
1,300,0
1,1199,0
1,1101,0
1,400,0
1,700,0
1,500,0
1,1100,0
1,300,0
1,2399,0
1,1001,0
1,600,0
1,2300,0
1,200,0
1,500,0
1,900,0
1,2401,0
1,700,0
1,500,0
1,600,0
1,900,0
1,700,0
1,500,0
1,599,0
1,2401,0
1,1100,0
1,800,0
1,700,0
1,700,0
1,501,0
1,2300,0
1,700,0
1,700,0
1,300,0
1,599,0
1,600,0
1,500,0
1,501,0
1,1000,0
1,500,0
1,2300,0
1,1199,0
1,700,0
1,500,0
1,400,0
1,2399,0
1,1001,0
1,300,0
1,600,0
1,700,0
1,700,0
1,500,0
1,200,0
1,1000,0
1,999,0
1,1100,0
1,1000,0
1,500,0
1,500,0
1,2400,0
1,600,0
1,599,0
1,600,0
1,3301,0
1,700,0
1,899,0
1,900,0
1,300,0
1,900,0
1,700,0
1,900,0
1,900,0
1,400,0
1,700,0
1,999,0
1,500,0
1,701,0
1,600,0
1,200,0
1,600,0
1,700,0
1,500,0
1,700,0
1,1100,0
1,1101,0
1,500,0
1,700,0
1,300,0
1,2400,0
1,499,0
1,900,0
1,601,0
1,1000,0
1,1100,0
1,500,0
1,500,0
1,1100,0
1,699,0
1,1100,0
1,701,0
1,400,0
1,900,0
1,600,0
1,2400,0
1,2500,0
1,500,0
1,500,0
1,500,0
1,1100,0
1,500,0
1,1000,0
1,399,0
1,500,0
1,700,0
1,1000,0
1,600,0
1,300,0
1,600,0
1,2400,0
1,900,0
1,600,0
1,600,0
1,500,0
1,500,0
1,1100,0
1,700,0
1,700,0
1,400,0
1,2400,0
1,1000,0
1,200,0
1,600,0
1,300,0
1,400,0
1,500,0
1,600,0
1,899,0
1,700,0
1,999,0
1,200,0
1,2600,0
1,2400,0
1,500,0
1,700,0
1,500,0
1,200,0
1,600,0
1,500,0
1,1100,0
1,399,0
1,1100,0
1,901,0
1,1200,0
1,1100,0
1,700,0
1,500,0
1,2399,0
1,200,0
1,200,0
1,500,0
1,500,0
1,600,0
1,2400,0
1,499,0
1,500,0
1,500,0
1,701,0
1,500,0
1,1000,0
1,700,0
1,500,0
1,1100,0
1,700,0
1,1000,0
1,400,0
1,500,0
1,300,0
1,500,0
1,1000,0
1,700,0
1,2399,0
1,900,0
1,701,0
1,700,0
1,600,0
1,600,0
1,600,0
1,600,0
1,900,0
1,699,0
1,500,0
1,300,0
1,1200,0
1,300,0
1,700,0
1,300,0
1,400,0
1,500,0
1,600,0
1,900,0
1,1000,0
1,500,0
1,800,0
1,300,0
1,999,0
1,1100,0
1,300,0
1,1000,0
1,700,0
1,1000,0
1,700,0
1,200,0
1,600,0
1,899,0
1,1000,0
1,500,0
1,300,0
1,700,0
1,500,0
1,400,0
1,200,0
1,1100,0
1,1099,0
1,500,0
1,1001,0
1,1000,0
1,400,0
1,300,0
1,1000,0
1,400,0
1,500,0
1,1099,0
1,1100,0
1,2300,0
1,1100,0
1,200,0
1,1100,0
1,499,0
1,600,0
1,701,0
1,1100,0
1,2400,0
1,1100,0
1,2400,0
1,500,0
1,700,0
1,200,0
1,1099,0
1,2401,0
1,500,0
1,500,0
1,700,0
1,900,0
1,600,0
1,499,0
1,200,0
1,600,0
1,701,0
1,700,0
1,300,0
1,400,0
1,1000,0
1,300,0
1,300,0
1,200,0
1,400,0
1,499,0
1,900,0
1,1101,0
1,900,0
1,600,0
1,500,0
1,1100,0
1,400,0
1,499,0
1,1100,0
1,501,0
1,300,0
1,600,0
1,1000,0
1,300,0
1,500,0
1,1000,0
1,300,0
1,799,0
1,700,0
1,701,0
1,800,0
1,600,0
1,500,0
1,1100,0
1,300,0
1,2399,0
1,600,0
1,700,0
1,700,0
1,700,0
1,600,0
1,400,0
1,300,0
1,1100,0
1,599,0
1,700,0
1,400,0
1,700,0
1,1000,0
1,400,0
1,699,0
1,2401,0
1,200,0
1,500,0
1,2400,0
1,500,0
1,799,0
1,1300,0
1,1000,0
1,600,0
1,2399,0
1,1001,0
1,1100,0
1,1100,0
1,2399,0
1,2401,0
1,300,0
1,700,0
1,1000,0
1,2399,0
1,2401,0
1,500,0
1,2400,0
1,1099,0
1,700,0
1,601,0
1,200,0
1,300,0
1,700,0
1,400,0
1,1100,0
1,500,0
1,1100,0
1,2401,0
1,600,0
1,400,0
1,2399,0
1,300,0
1,2401,0
1,500,0
1,1300,0
1,1099,0
1,500,0
1,600,0
1,500,0
1,400,0
1,300,0
1,1100,0
1,2300,0
1,699,0
1,800,0
1,700,0
1,900,0
1,299,0
1,1100,0
1,301,0
1,500,0
1,500,0
1,700,0
1,900,0
1,500,0
1,1600,0
1,700,0
1,200,0
1,1101,0
1,500,0
1,700,0
1,2400,0
1,899,0
1,2401,0
1,600,0
1,300,0
1,2100,0
1,600,0
1,899,0
1,1101,0
1,200,0
1,2400,0
1,900,0
1,500,0
1,600,0
1,600,0
1,500,0
1,1701,0
1,2400,0
1,2399,0
1,1001,0
1,900,0
1,1100,0
1,2600,0
1,699,0
1,400,0
1,500,0
1,701,0
1,2400,0
1,600,0
1,600,0
1,999,0
1,500,0
1,2401,0
1,1000,0
1,700,0
1,900,0
1,500,0
1,699,0
1,500,0
1,700,0
1,300,0
1,1000,0
1,1099,0
1,600,0
1,300,0
1,2400,0
1,600,0
1,1200,0
1,1099,0
1,700,0
1,2400,0
1,500,0
1,700,0
1,700,0
1,600,0
1,300,0
1,2401,0
1,600,0
1,400,0
1,1000,0
1,1300,0
1,800,0
1,2000,0
1,400,0
1,1399,0
1,400,0
1,800,0
1,3300,0
1,900,0
1,900,0
1,799,0
1,700,0
1,1600,0
1,500,0
1,500,0
1,999,0
1,900,0
1,1000,0
1,1600,0
1,1000,0
1,800,0
1,1199,0
1,2000,0
1,1900,0
1,500,0
1,3401,0
1,900,0
1,900,0
1,899,0
1,900,0
1,1401,0
1,1300,0
1,3401,0
1,899,0
1,600,0
1,900,0
1,1100,0
1,1600,0
1,1999,0
1,800,0
1,500,0
1,2400,0
1,600,0
1,2300,0
1,1100,0
1,1000,0
1,200,0
1,2400,0
1,700,0
1,700,0
1,1201,0
1,500,0
1,200,0
1,700,0
1,5400,0
1,3600,0
1,899,0
1,1801,0
1,4000,0
1,999,0
1,2401,0
1,500,0
1,500,0
1,1100,0
1,600,0
1,1099,0
1,500,0
1,701,0
1,700,0
1,1100,0
1,300,0
1,900,0
1,400,0
1,2399,0
1,601,0
1,1000,0
1,700,0
1,500,0
1,900,0
1,300,0
1,500,0
1,600,0
1,2601,0
1,1000,0
1,600,0
1,1100,0
1,800,0
1,500,0
1,2400,0
1,1099,0
1,500,0
1,701,0
1,400,0
1,600,0
1,500,0
1,1600,0
1,1300,0
1,800,0
1,1201,0
1,400,0
1,800,0
1,600,0
1,1600,0
1,1099,0
1,1101,0
1,1800,0
1,1200,0
1,11600,0
1,2600,0
1,700,0
1,300,0
1,1099,0
1,600,0
1,1101,0
1,700,0
1,1100,0
1,300,0
1,700,0
1,500,0
1,899,0
1,500,0
1,500,0
1,401,0
1,500,0
1,400,0
1,1100,0
1,1100,0
1,200,0
1,1099,0
1,500,0
1,700,0
1,901,0
1,1100,0
1,1000,0
1,500,0
1,200,0
1,1100,0
1,699,0
1,200,0
1,600,0
1,300,0
1,1200,0
1,300,0
1,500,0
1,700,0
1,400,0
1,700,0
1,699,0
1,600,0
1,600,0
1,200,0
1,500,0
1,600,0
1,1100,0
1,600,0
1,300,0
1,2399,0
1,1001,0
1,300,0
1,600,0
1,1100,0
1,2400,0
1,999,0
1,1001,0
1,200,0
1,200,0
1,1100,0
1,500,0
1,700,0
1,600,0
1,600,0
1,599,0
1,1100,0
1,701,0
1,700,0
1,500,0
1,900,0
1,500,0
1,2399,0
1,2401,0
1,500,0
1,600,0
1,400,0
1,1300,0
1,500,0
1,699,0
1,600,0
1,601,0
1,700,0
1,500,0
1,600,0
1,1000,0
1,200,0
1,1100,0
1,1099,0
1,1001,0
1,1199,0
1,300,0
1,500,0
1,901,0
1,500,0
1,300,0
1,600,0
1,600,0
1,400,0
1,600,0
1,500,0
1,699,0
1,300,0
1,2401,0
1,500,0
1,700,0
1,600,0
1,2399,0
1,901,0
1,900,0
1,1100,0
1,500,0
1,1000,0
1,500,0
1,200,0
1,399,0
1,500,0
1,1001,0
1,2400,0
1,700,0
1,300,0
1,400,0
1,600,0
1,1100,0
1,700,0
1,500,0
1,700,0
1,500,0
1,1100,0
1,1001,0
1,1100,0
1,2400,0
1,300,0
1,2399,0
1,401,0
1,700,0
1,200,0
1,700,0
1,500,0
1,300,0
1,700,0
1,2301,0
1,1100,0
1,500,0
1,400,0
1,1100,0
1,900,0
1,500,0
1,500,0
1,700,0
1,300,0
1,599,0
1,200,0
1,2401,0
1,2400,0
1,2399,0
1,600,0
1,301,0
1,600,0
1,500,0
1,2300,0
1,500,0
1,1000,0
1,2301,0
1,600,0
1,1100,0
1,500,0
1,500,0
1,700,0
1,500,0
1,699,0
1,1000,0
1,501,0
1,500,0
1,300,0
1,1100,0
1,1000,0
1,700,0
1,600,0
1,2400,0
1,900,0
1,600,0
1,200,0
1,2400,0
1,899,0
1,900,0
1,500,0
1,400,0
1,700,0
1,1100,0
1,1000,0
1,700,0
1,699,0
1,300,0
1,900,0
1,400,0
1,300,0
1,300,0
1,900,0
1,900,0
1,601,0
1,2400,0
1,2400,0
1,1099,0
1,700,0
1,2400,0
1,1000,0
1,1100,0
1,999,0
1,200,0
1,600,0
1,1001,0
1,500,0
1,400,0
1,3799,0
1,500,0
1,1701,0
1,500,0
1,1500,0
1,700,0
1,900,0
1,1200,0
1,401,0
1,1000,0
1,300,0
1,2300,0
1,1000,0
1,2400,0
1,600,0
1,2400,0
1,500,0
1,1000,0
1,499,0
1,700,0
1,601,0
1,1100,0
1,600,0
1,800,0
1,1100,0
1,500,0
1,500,0
1,499,0
1,500,0
1,2401,0
1,600,0
1,2400,0
1,300,0
1,399,0
1,700,0
1,701,0
1,1000,0
1,300,0
1,700,0
1,400,0
1,2399,0
1,2400,0
1,500,0
1,700,0
1,300,0
1,399,0
1,400,0
1,400,0
1,1101,0
1,700,0
1,2400,0
1,600,0
1,2300,0
1,1100,0
1,2400,0
1,400,0
1,500,0
1,500,0
1,400,0
1,1100,0
1,400,0
1,600,0
1,2401,0
1,2300,0
1,900,0
1,600,0
1,300,0
1,499,0
1,200,0
1,700,0
1,1000,0
1,600,0
1,1100,0
1,400,0
1,600,0
1,500,0
1,599,0
1,600,0
1,500,0
1,600,0
1,1000,0
1,400,0
1,200,0
1,1100,0
1,1000,0
1,300,0
1,500,0
1,700,0
1,900,0
1,2099,0
1,400,0
1,200,0
1,501,0
1,2400,0
1,2399,0
1,400,0
1,1000,0
1,1000,0
1,1100,0
1,1099,0
1,2501,0
1,2400,0
1,600,0
1,300,0
1,1099,0
1,600,0
1,1101,0
1,200,0
1,500,0
1,400,0
1,400,0
1,1100,0
1,600,0
1,699,0
1,300,0
1,1101,0
1,700,0
1,2400,0
1,700,0
1,1100,0
1,999,0
1,1101,0
1,1100,0
1,1000,0
1,2400,0
1,699,0
1,700,0
1,2401,0
1,600,0
1,1100,0
1,600,0
1,2399,0
1,2401,0
1,700,0
1,600,0
1,1000,0
1,500,0
1,299,0
1,2401,0
1,500,0
1,700,0
1,400,0
1,500,0
1,700,0
1,500,0
1,699,0
1,1100,0
1,501,0
1,1100,0
1,500,0
1,300,0
1,2399,0
1,900,0
1,500,0
1,500,0
1,1000,0
1,700,0
1,500,0
1,700,0
1,1100,0
1,501,0
1,400,0
1,1100,0
1,500,0
1,700,0
1,1000,0
1,500,0
1,599,0
1,700,0
1,500,0
1,900,0
1,2500,0
1,1100,0
1,999,0
1,400,0
1,1101,0
1,500,0
1,1100,0
1,900,0
1,500,0
1,2399,0
1,1001,0
1,1100,0
1,400,0
1,900,0
1,700,0
1,1100,0
1,999,0
1,700,0
1,600,0
1,1100,0
1,600,0
1,2400,0
1,1099,0
1,400,0
1,1001,0
1,500,0
1,1000,0
1,600,0
1,2300,0
1,300,0
1,1100,0
1,501,0
1,300,0
1,300,0
1,600,0
1,300,0
1,1099,0
1,1000,0
1,1101,0
1,500,0
1,700,0
1,400,0
1,500,0
1,700,0
1,700,0
1,1099,0
1,1101,0
1,700,0
1,200,0
1,500,0
1,2400,0
1,600,0
1,699,0
1,300,0
1,200,0
1,901,0
1,500,0
1,300,0
1,1000,0
1,1000,0
1,500,0
1,500,0
1,500,0
1,500,0
1,1101,0
1,500,0
1,600,0
1,1100,0
1,500,0
1,900,0
1,600,0
1,699,0
1,1100,0
1,1000,0
1,500,0
1,900,0
1,900,0
1,300,0
1,500,0
1,700,0
1,900,0
1,601,0
1,1100,0
1,600,0
1,600,0
1,2400,0
1,3800,0
1,1200,0
1,400,0
1,701,0
1,500,0
1,500,0
1,2300,0
1,500,0
1,599,0
1,2401,0
1,500,0
1,900,0
1,1100,0
1,200,0
1,500,0
1,1099,0
1,600,0
1,501,0
1,500,0
1,400,0
1,2400,0
1,500,0
1,400,0
1,499,0
1,2401,0
1,700,0
1,600,0
1,500,0
1,700,0
1,700,0
1,200,0
1,599,0
1,1000,0
1,1101,0
1,500,0
1,2400,0
1,300,0
1,500,0
1,999,0
1,300,0
1,400,0
1,601,0
1,2400,0
1,700,0
1,1100,0
1,300,0
1,599,0
1,200,0
1,701,0
1,500,0
1,500,0
1,600,0
1,600,0
1,2400,0
1,2300,0
1,700,0
1,900,0
1,500,0
1,700,0
1,400,0
1,501,0
1,600,0
1,2400,0
1,600,0
1,900,0
1,499,0
1,300,0
1,200,0
1,501,0
1,500,0
1,1100,0
1,500,0
1,500,0
1,500,0
1,500,0
1,500,0
1,999,0
1,500,0
1,1101,0
1,500,0
1,700,0
1,300,0
1,600,0
1,600,0
1,600,0
1,2400,0
1,700,0
1,600,0
1,1800,0
1,500,0
1,300,0
1,2299,0
1,5700,0
1,1400,0
1,2301,0
1,3300,0
1,2600,0
1,300,0
1,900,0
1,1400,0
1,2599,0
1,901,0
1,200,0
1,1000,0
1,1200,0
1,2600,0
1,2501,0
1,1200,0
1,300,0
1,1200,0
1,1100,0
1,2600,0
1,2400,0
1,2600,0
1,600,0
1,1100,0
1,1100,0
1,500,0
1,500,0
1,200,0
1,2600,0
1,1200,0
1,600,0
1,1400,0
1,1100,0
1,799,0
1,700,0
1,601,0
1,1200,0
1,700,0
1,500,0
1,1000,0
1,500,0
1,999,0
1,300,0
1,701,0
1,700,0
1,1200,0
1,1000,0
1,300,0
1,1000,0
1,699,0
1,1000,0
1,2601,0
1,500,0
1,400,0
1,500,0
1,500,0
1,500,0
1,2500,0
1,200,0
1,2400,0
1,700,0
1,700,0
1,2500,0
1,1000,0
1,300,0
1,299,0
1,300,0
1,1201,0
1,1000,0
1,1100,0
1,500,0
1,200,0
2,1700,0
2,2199,0
2,1400,0
2,701,0
2,3100,1
2,3800,1
2,1500,0
2,2200,0
2,699,0
2,701,0
2,1700,0
2,2800,1
2,800,0
2,901,0
2,1700,0
2,2600,1
2,1500,0
2,700,0
2,1400,0
2,600,0
2,900,0
2,900,0
2,601,0
2,600,0
2,700,0
2,900,0
2,1100,0
2,2001,0
2,1800,0
2,1100,0
2,600,0
2,2100,0
2,1200,0
2,1600,0
2,1999,0
2,1601,0
2,1200,0
2,1400,0
2,3700,1
2,1400,0
2,4600,2
2,1100,0
2,800,0
2,1400,0
2,2299,1
2,1001,0
2,1200,0
2,800,0
2,1000,0
2,500,0
2,600,0
2,2700,1
2,3899,2
2,5100,2
2,5600,2
2,1100,0
2,1800,0
2,1401,0
2,2100,0
2,8100,0
2,1099,0
2,901,0
2,1000,0
2,1600,0
2,900,0
2,2100,0
2,600,0
2,3800,1
2,600,0
2,3401,1
2,1500,0
2,2099,0
2,2901,1
2,1800,0
2,4800,2
2,1000,0
2,4600,2
2,1300,0
2,900,0
2,3800,1
2,800,0
2,700,0
2,1500,0
2,700,0
2,901,0
2,1900,0
2,700,0
2,700,0
2,899,0
2,601,0
2,2100,0
2,800,0
2,1100,0
2,1100,0
2,600,0
2,800,0
2,1000,0
2,900,0
2,699,0
2,2001,0
2,1100,0
2,1400,0
2,800,0
2,900,0
2,1001,0
2,600,0
2,900,0
2,900,0
2,1399,0
2,1100,0
2,700,0
2,1000,0
2,1000,0
2,1600,0
2,3499,1
2,1300,0
2,1200,0
2,900,0
2,1699,0
2,4901,0
2,1299,0
2,1201,0
2,800,0
2,1600,0
2,700,0
2,1499,0
2,1301,0
2,1600,0
2,1100,0
2,147700,1
2,2700,0
2,1500,0
2,1300,0
2,1899,0
2,1801,0
2,5599,1
2,2600,0
2,2100,0
2,1499,0
2,4201,1
2,1700,0
2,1701,0
2,1700,0
2,1300,0
2,1699,0
2,2601,0
2,1400,0
2,2300,0
2,27201,0
2,3199,0
2,1501,0
2,1400,0
2,1800,0
2,4600,1
2,1700,0
2,1599,0
2,1201,0
2,2200,0
2,3799,1
2,1301,0
2,1400,0
2,2000,0
2,2500,0
2,1601,0
2,2000,0
2,1100,0
2,1599,0
2,1300,0
2,1500,0
2,1200,0
2,1100,0
2,1399,0
2,1401,0
2,1700,0
2,1300,0
2,1100,0
2,2300,0
2,1200,0
2,1200,0
2,1600,0
2,1901,0
2,1500,0
2,1500,0
2,1500,0
2,1901,0
2,1200,0
2,1700,0
2,1299,0
2,2601,0
2,1700,0
2,1300,0
2,1399,0
2,1801,0
2,1400,0
2,4400,1
2,4300,1
2,1099,0
2,1601,0
2,1200,0
2,1800,0
2,1699,0
2,1001,0
2,1900,0
2,3599,1
2,1301,0
2,1100,0
2,1400,0
2,2200,0
2,1701,0
2,3600,0
2,1100,0
2,2801,0
2,1500,0
2,1401,0
2,1900,0
2,1000,0
2,1600,0
2,1000,0
2,1801,0
2,1000,0
2,1300,0
2,1299,0
2,2501,0
2,7800,2
2,1600,0
2,3199,0
2,1800,0
2,4599,1
2,1201,0
2,1400,0
2,3999,1
2,1801,0
2,1800,0
2,1500,0
2,1500,0
2,1400,0
2,1700,0
2,1500,0
2,1199,0
2,1901,0
2,1500,0
2,1800,0
2,2000,0
2,1500,0
2,1100,0
2,1400,0
2,4600,1
2,4499,1
2,1501,0
2,1300,0
2,1400,0
2,3001,1
2,1600,0
2,2100,0
2,1100,0
2,2001,0
2,7300,0
2,1100,0
2,1500,0
2,1699,0
2,1801,0
2,1500,0
2,1200,0
2,1400,0
2,2800,0
2,2501,0
2,2000,0
2,1899,0
2,1101,0
2,1900,0
2,1600,0
2,1299,0
2,1301,0
2,1000,0
2,3400,1
2,1399,0
2,1201,0
2,1200,0
2,1100,0
2,1000,0
2,1399,0
2,2401,0
2,1800,0
2,1400,0
2,2201,0
2,2700,0
2,1400,0
2,1700,0
2,2000,0
2,2099,0
2,3801,1
2,1200,0
2,1199,0
2,901,0
2,1500,0
2,1300,0
2,1100,0
2,1199,0
2,1901,0
2,1000,0
2,1700,0
2,2700,0
2,1701,0
2,1900,0
2,1800,0
2,2001,0
2,1600,0
2,3999,0
2,1900,0
2,2200,0
2,1999,0
2,1900,0
2,5800,1
2,3300,0
2,1900,0
2,1799,0
2,1901,0
2,5600,1
2,1600,0
2,2400,0
2,2201,0
2,2600,0
2,4900,1
2,54300,0
2,5100,0
2,1901,0
2,3200,0
2,1699,0
2,3401,0
2,4799,1
2,2300,0
2,8600,2
2,1699,0
2,2501,0
2,1100,0
2,1300,0
2,1599,0
2,1401,0
2,1500,0
2,1700,0
2,3500,0
2,2200,0
2,1800,0
2,1400,0
2,1500,0
2,1300,0
2,1100,0
2,1399,0
2,2001,0
2,1700,0
2,1400,0
2,1399,0
2,1301,0
2,1100,0
2,1300,0
2,1100,0
2,1399,0
2,1701,0
2,2400,0
2,1400,0
2,1099,0
2,2401,0
2,1200,0
2,1400,0
2,2800,0
2,900,0
2,4000,1
2,2700,1
2,5200,2
2,900,0
2,2999,1
2,1000,0
2,3300,1
2,999,0
2,1400,0
2,1300,0
2,2400,0
2,1699,0
2,3801,0
2,2199,0
2,1101,0
2,1100,0
2,2500,0
2,1899,0
2,1201,0
2,2100,0
2,2299,0
2,1401,0
2,2100,0
2,1400,0
2,4200,1
2,7600,0
2,1500,0
2,7300,0
2,2500,0
2,1400,0
2,4199,1
2,1301,0
2,1000,0
2,1100,0
2,1200,0
2,1099,0
2,1100,0
2,2300,0
2,1400,0
2,1599,0
2,1401,0
2,1100,0
2,1700,0
2,4700,1
2,3200,1
2,1999,0
2,2301,0
2,1400,0
2,1300,0
2,2000,0
2,1900,0
2,2201,0
2,1000,0
2,1100,0
2,1699,0
2,4601,1
2,2099,0
2,1401,0
2,31300,0
2,2401,0
2,3400,0
2,4701,1
2,2799,0
2,1801,0
2,2300,0
2,4500,0
2,4099,0
2,2100,0
2,3499,0
2,2901,0
2,7800,0
2,2499,0
2,2401,0
2,3300,0
2,1699,0
2,1600,0
2,1700,0
2,1399,0
2,2301,0
2,2800,0
2,2201,0
2,2000,0
2,1800,0
2,2601,0
2,1500,0
2,2100,0
2,2501,0
2,3500,0
2,18901,0
2,1400,0
2,1199,0
2,1201,0
2,2100,0
2,1100,0
2,1099,0
2,5301,1
2,3600,0
2,1400,0
2,2499,0
2,1000,0
2,1500,0
2,900,0
2,2400,0
2,1600,0
2,600,0
2,6700,2
2,901,0
2,800,0
2,1500,0
2,800,0
2,2101,0
2,1600,0
2,2100,0
2,3001,0
2,1100,0
2,1500,0
2,1299,0
2,701,0
2,2700,1
2,1000,0
2,2301,0
2,1000,0
2,2500,1
2,900,0
2,1101,0
2,900,0
2,1600,0
2,500,0
2,3200,1
2,500,0
2,600,0
2,2100,1
2,400,0
2,1099,0
2,1201,0
2,900,0
2,1000,0
2,1400,0
2,400,0
2,900,0
2,500,0
2,300,0
2,500,0
2,1000,0
2,600,0
2,600,0
2,499,0
2,1401,0
2,2100,1
2,1200,0
2,400,0
2,500,0
2,1100,0
2,1201,0
2,600,0
2,400,0
2,2000,0
2,900,0
2,900,0
2,2299,0
2,2700,1
2,800,0
2,899,0
2,8300,1
2,600,0
2,600,0
2,900,0
2,600,0
2,800,0
2,1099,0
2,600,0
2,500,0
2,800,0
2,800,0
2,800,0
2,900,0
2,599,0
2,500,0
2,701,0
2,900,0
2,600,0
2,700,0
2,600,0
2,1699,0
2,2901,1
2,1500,0
2,799,0
2,1401,0
2,900,0
2,2700,0
2,800,0
2,700,0
2,300,0
2,1000,0
2,700,0
2,900,0
2,899,0
2,1801,1
2,600,0
2,300,0
2,1100,0
2,300,0
2,600,0
2,1100,0
2,500,0
2,400,0
2,400,0
2,600,0
2,3199,1
2,600,0
2,900,0
2,400,0
2,600,0
2,500,0
2,900,0
2,1300,0
2,1100,0
2,900,0
2,1199,0
2,1901,1
2,400,0
2,400,0
2,1100,0
2,900,0
2,1699,1
2,400,0
2,1800,1
2,800,0
2,700,0
2,1099,0
2,800,0
2,1601,1
2,1000,0
2,600,0
2,500,0
2,800,0
2,800,0
2,901,0
2,700,0
2,600,0
2,500,0
2,400,0
2,400,0
2,700,0
2,700,0
2,2001,0
2,600,0
2,500,0
2,400,0
2,500,0
2,1399,1
2,700,0
2,2000,1
2,500,0
2,600,0
2,900,0
2,499,0
2,500,0
2,500,0
2,800,0
2,500,0
2,1200,0
2,700,0
2,800,0
2,500,0
2,500,0
2,800,0
2,3400,1
2,900,0
2,400,0
2,800,0
2,1100,0
2,500,0
2,400,0
2,1001,0
2,1400,1
2,1400,1
2,500,0
2,600,0
2,899,0
2,901,0
2,600,0
2,400,0
2,1900,1
2,600,0
2,499,0
2,600,0
2,901,0
2,400,0
2,800,0
2,400,0
2,900,0
2,400,0
2,799,0
2,500,0
2,601,0
2,800,0
2,3400,2
2,2901,1
2,5600,0
2,1600,0
2,2700,1
2,1100,0
2,600,0
2,1200,0
2,1000,0
2,1599,0
2,700,0
2,400,0
2,600,0
2,2300,1
2,400,0
2,1099,0
2,901,0
2,1100,0
2,1500,0
2,4400,1
2,1500,0
2,800,0
2,2099,0
2,1600,0
2,900,0
2,1399,0
2,2101,0
2,2400,0
2,1899,0
2,900,0
2,3000,0
2,1299,0
2,1601,0
2,1500,0
2,1599,0
2,2301,0
2,1200,0
2,900,0
2,500,0
2,699,0
2,800,0
2,1901,0
2,1100,0
2,1400,0
2,1100,0
2,2400,0
2,1900,0
2,1901,0
2,1000,0
2,1300,0
2,2499,1
2,3801,2
2,1000,0
2,1499,1
2,500,0
2,601,0
2,900,0
2,1100,0
2,900,0
2,600,0
2,899,0
2,1101,0
2,400,0
2,700,0
2,1000,0
2,400,0
2,400,0
2,1299,0
2,1501,0
2,1300,0
2,600,0
2,500,0
2,400,0
2,700,0
2,499,0
2,900,0
2,400,0
2,2701,1
2,700,0
2,1200,0
2,500,0
2,600,0
2,500,0
2,500,0
2,700,0
2,2100,0
2,500,0
2,700,0
2,1200,0
2,1000,0
2,500,0
2,900,0
2,900,0
2,500,0
2,799,0
2,400,0
2,701,0
2,900,0
2,700,0
2,700,0
2,800,0
2,700,0
2,701,0
2,600,0
2,500,0
2,600,0
2,700,0
2,500,0
2,899,0
2,300,0
2,701,0
2,600,0
2,900,0
2,1200,0
2,1000,0
2,399,0
2,400,0
2,701,0
2,400,0
2,800,0
2,500,0
2,500,0
2,700,0
2,899,0
2,3001,1
2,1500,0
2,1199,0
2,5801,2
2,1799,0
2,700,0
2,900,0
2,1000,0
2,1099,0
2,2200,1
2,699,0
2,901,0
2,800,0
2,400,0
2,900,0
2,800,0
2,4400,0
2,400,0
2,800,0
2,900,0
2,899,0
2,800,0
2,701,0
2,500,0
2,1300,0
2,600,0
2,2999,1
2,700,0
2,300,0
2,1300,0
2,600,0
2,400,0
2,600,0
2,1200,0
2,1200,0
2,1700,1
2,400,0
2,400,0
2,899,0
2,800,0
2,2000,1
2,500,0
2,900,0
2,600,0
2,999,0
2,901,0
2,700,0
2,800,0
2,1100,0
2,900,0
2,599,0
2,500,0
2,1201,0
2,1100,0
2,500,0
2,1000,0
2,400,0
2,899,0
2,400,0
2,701,0
2,800,0
2,700,0
2,400,0
2,500,0
2,1201,0
2,900,0
2,700,0
2,1800,1
2,600,0
2,1199,0
2,300,0
2,600,0
2,4500,3
2,600,0
2,901,0
2,500,0
2,1700,1
2,600,0
2,400,0
2,1299,0
2,700,0
2,501,0
2,900,0
2,600,0
2,1100,0
2,600,0
2,599,0
2,600,0
2,1201,0
2,400,0
2,500,0
2,500,0
2,400,0
2,400,0
2,900,0
2,600,0
2,601,0
2,1800,1
2,600,0
2,500,0
2,400,0
2,300,0
2,1000,0
2,800,0
2,300,0
2,500,0
2,500,0
2,500,0
2,500,0
2,500,0
2,800,0
2,901,0
2,400,0
2,600,0
2,500,0
2,500,0
2,1200,0
2,599,0
2,500,0
2,500,0
2,900,0
2,500,0
2,1099,0
2,801,0
2,400,0
2,900,0
2,400,0
2,400,0
2,500,0
2,400,0
2,400,0
2,1100,0
2,601,0
2,1200,0
2,600,0
2,1700,1
2,1099,0
2,2301,1
2,800,0
2,700,0
2,400,0
2,500,0
2,699,0
2,400,0
2,701,0
2,1900,1
2,1000,0
2,1100,0
2,1000,0
2,601,0
2,600,0
2,700,0
2,1400,0
2,2099,0
2,2000,0
2,2900,1
2,3700,1
2,900,0
2,1500,0
2,700,0
2,1499,0
2,1600,0
2,700,0
2,600,0
2,1100,0
2,900,0
2,1700,0
2,900,0
2,1399,1
2,800,0
2,1401,1
2,800,0
2,900,0
2,900,0
2,2100,0
2,600,0
2,1799,0
2,701,0
2,2000,0
2,3900,1
2,3000,1
2,1200,0
2,700,0
2,901,0
2,3600,1
2,5100,2
2,4500,1
2,900,0
2,1600,0
2,2299,0
2,1001,0
2,4000,1
2,1100,0
2,900,0
2,3200,1
2,799,0
2,1701,0
2,800,0
2,1000,0
2,600,0
2,699,0
2,800,0
2,600,0
2,800,0
2,1600,0
2,1299,0
2,900,0
2,700,0
2,600,0
2,2000,1
2,800,0
2,1000,0
2,1600,0
2,1500,0
2,1599,0
2,700,0
2,600,0
2,800,0
2,1200,0
2,800,0
2,2001,0
2,1600,0
2,1300,0
2,1199,0
2,1001,0
2,300,0
2,1200,0
2,2600,1
2,1299,0
2,700,0
2,1300,0
2,1000,0
2,1399,0
2,1001,0
2,1000,0
2,600,0
2,400,0
2,400,0
2,1399,1
2,900,0
2,900,0
2,1100,0
2,1200,0
2,900,0
2,700,0
2,601,0
2,1500,0
2,700,0
2,1599,0
2,3401,1
2,2000,0
2,899,0
2,1301,0
2,700,0
2,2400,1
2,1399,0
2,901,0
2,900,0
2,3199,1
2,700,0
2,800,0
2,6500,3
2,900,0
2,1400,0
2,5300,2
2,2799,1
2,1000,0
2,1400,0
2,1600,0
2,1400,0
2,1301,0
2,1000,0
2,700,0
2,600,0
2,1499,0
2,2101,0
2,700,0
2,1700,0
2,1499,0
2,36700,0
2,6600,1
2,2800,0
2,700,0
2,1000,0
2,900,0
2,1400,0
2,1800,0
2,600,0
2,500,0
2,799,0
2,500,0
2,1601,0
2,900,0
2,600,0
2,900,0
2,2301,0
2,800,0
2,1200,0
2,2799,1
2,600,0
2,3500,1
2,700,0
2,800,0
2,2701,0
2,1300,0
2,1200,0
2,3600,1
2,1700,0
2,2500,0
2,3900,1
2,2000,0
2,1899,0
2,2001,0
2,1000,0
2,500,0
2,1300,0
2,799,0
2,900,0
2,3301,1
2,400,0
2,400,0
2,800,0
2,800,0
2,1001,0
2,800,0
2,3100,1
2,799,0
2,600,0
2,1201,0
2,600,0
2,1600,0
2,900,0
2,400,0
2,599,0
2,601,0
2,1100,0
2,1900,0
2,400,0
2,1099,0
2,2201,1
2,700,0
2,1000,0
2,1200,0
2,1099,0
2,900,0
2,501,0
2,900,0
2,1500,0
2,700,0
2,600,0
2,699,0
2,600,0
2,600,0
2,500,0
2,700,0
2,600,0
2,600,0
2,500,0
2,400,0
2,2001,1
2,500,0
2,300,0
2,600,0
2,1100,0
2,799,0
2,1401,0
2,400,0
2,700,0
2,900,0
2,900,0
2,700,0
2,800,0
2,701,0
2,1300,0
2,400,0
2,800,0
2,600,0
2,999,0
2,700,0
2,1001,0
2,400,0
2,800,0
2,900,0
2,1999,1
2,600,0
2,601,0
2,300,0
2,800,0
2,300,0
2,900,0
2,2300,1
2,900,0
2,1399,0
2,600,0
2,501,0
2,3200,2
2,1000,0
2,899,0
2,300,0
2,501,0
2,700,0
2,700,0
2,700,0
2,400,0
2,600,0
2,500,0
2,400,0
2,1301,0
2,400,0
2,900,0
2,2900,0
2,4201,2
2,2600,1
2,899,0
2,1101,0
2,700,0
2,600,0
2,500,0
2,700,0
2,1099,0
2,900,0
2,501,0
2,900,0
2,1600,0
2,1100,0
2,1600,0
2,600,0
2,699,0
2,1301,0
2,2000,1
2,1200,0
2,1000,0
2,599,0
2,600,0
2,801,0
2,400,0
2,700,0
2,800,0
2,400,0
2,1400,1
2,900,0
2,501,0
2,600,0
2,700,0
2,1800,1
2,3100,1
2,1900,0
2,500,0
2,1701,1
2,1100,0
2,700,0
2,500,0
2,900,0
2,399,0
2,1501,1
2,400,0
2,500,0
2,800,0
2,400,0
2,900,0
2,1099,0
2,2001,1
2,400,0
2,500,0
2,400,0
2,900,0
2,600,0
2,1200,0
2,501,0
2,600,0
2,700,0
2,700,0
2,400,0
2,300,0
2,700,0
2,900,0
2,701,0
2,700,0
2,1800,1
2,500,0
2,800,0
2,499,0
2,800,0
2,601,0
2,1200,0
2,500,0
2,1300,0
2,1599,1
2,401,0
2,900,0
2,700,0
2,1200,0
2,900,0
2,500,0
2,1001,0
2,1400,1
2,600,0
2,600,0
2,600,0
2,500,0
2,500,0
2,1600,1
2,900,0
2,800,0
2,1400,0
2,800,0
2,400,0
2,800,0
2,800,0
2,400,0
2,700,0
2,600,0
2,500,0
2,500,0
2,1900,1
2,800,0
2,400,0
2,600,0
2,800,0
2,501,0
2,400,0
2,700,0
2,800,0
2,1100,0
2,799,0
2,901,0
2,1200,0
2,1100,0
2,800,0
2,1699,1
2,1100,0
2,1400,1
2,3400,2
2,499,0
2,600,0
2,1701,1
2,1900,1
2,300,0
2,2399,2
2,600,0
2,800,0
2,500,0
2,400,0
2,400,0
2,800,0
2,799,0
2,1701,1
2,300,0
2,1300,0
2,900,0
2,1599,1
2,400,0
2,600,0
2,500,0
2,400,0
2,599,0
2,500,0
2,4601,0
2,700,0
2,799,0
2,1001,0
2,1000,0
2,500,0
2,600,0
2,700,0
2,700,0
2,799,0
2,700,0
2,700,0
2,400,0
2,1600,1
2,1500,1
2,799,0
2,500,0
2,900,0
2,900,0
2,600,0
2,400,0
2,600,0
2,400,0
2,500,0
2,700,0
2,900,0
2,800,0
2,899,0
2,1201,0
2,600,0
2,400,0
2,900,0
2,700,0
2,400,0
2,399,0
2,900,0
2,301,0
2,300,0
2,700,0
2,700,0
2,700,0
2,600,0
2,400,0
2,499,0
2,400,0
2,801,0
2,600,0
2,600,0
2,500,0
2,600,0
2,1400,1
2,1100,0
2,801,0
2,400,0
2,400,0
2,500,0
2,700,0
2,500,0
2,500,0
2,700,0
2,1900,1
2,400,0
2,400,0
2,700,0
2,800,0
2,400,0
2,500,0
2,900,0
2,600,0
2,600,0
2,500,0
2,1601,1
2,1200,0
2,1000,0
2,500,0
2,500,0
2,1799,1
2,400,0
2,400,0
2,1400,1
2,400,0
2,15600,0
2,2499,1
2,1100,0
2,3400,1
2,3001,1
2,1600,0
2,1999,1
2,1301,0
2,700,0
2,1500,1
2,500,0
2,3400,3
2,3300,2
2,900,0
2,599,0
2,700,0
2,501,0
2,1500,1
2,1200,0
2,900,0
2,1899,1
2,501,0
2,600,0
2,1800,1
2,1200,0
2,300,0
2,499,0
2,2400,1
2,300,0
2,700,0
2,901,0
2,600,0
2,1900,1
2,700,0
2,600,0
2,499,0
2,800,0
2,400,0
2,1400,1
2,1400,1
2,799,0
2,600,0
2,601,0
2,400,0
2,600,0
2,400,0
2,400,0
2,1400,1
2,799,0
2,500,0
2,901,0
2,400,0
2,899,0
2,1001,0
2,2600,2
2,800,0
2,900,0
2,500,0
2,1101,0
2,500,0
2,300,0
2,400,0
2,500,0
2,400,0
2,500,0
2,699,0
2,1400,1
2,500,0
2,900,0
2,500,0
2,500,0
2,900,0
2,1699,1
2,501,0
2,500,0
2,900,0
2,300,0
2,400,0
2,500,0
2,900,0
2,799,0
2,600,0
2,900,0
2,1700,1
2,800,0
2,1001,0
2,2000,1
2,1400,1
2,900,0
2,700,0
2,3001,2
2,500,0
2,600,0
2,600,0
2,399,0
2,500,0
2,1801,1
2,400,0
2,1000,0
2,600,0
2,700,0
2,799,0
2,1901,1
2,1300,0
2,900,0
2,1799,1
2,1000,0
2,1000,0
2,900,0
2,500,0
2,800,0
2,500,0
2,899,0
2,600,0
2,601,0
2,800,0
2,600,0
2,700,0
2,500,0
2,1199,0
2,800,0
2,1201,0
2,500,0
2,900,0
2,800,0
2,400,0
2,400,0
2,800,0
2,601,0
2,800,0
2,1500,1
2,1100,0
2,1599,1
2,500,0
2,801,0
2,800,0
2,500,0
2,700,0
2,1200,0
2,600,0
2,300,0
2,1799,1
2,500,0
2,501,0
2,400,0
2,1400,0
2,800,0
2,900,0
2,600,0
2,400,0
2,1301,0
2,1700,1
2,600,0
2,500,0
2,599,0
2,1501,1
2,700,0
2,300,0
2,700,0
2,600,0
2,900,0
2,1399,1
2,500,0
2,500,0
2,800,0
2,2300,2
2,400,0
2,2099,1
2,1200,0
2,500,0
2,600,0
2,300,0
2,1799,1
2,500,0
2,901,0
2,400,0
2,300,0
2,500,0
2,500,0
2,1700,1
2,500,0
2,500,0
2,300,0
2,400,0
2,600,0
2,699,0
2,300,0
2,1101,0
2,600,0
2,300,0
2,500,0
2,500,0
2,1100,0
2,700,0
2,800,0
2,500,0
2,700,0
2,500,0
2,1500,1
2,800,0
2,500,0
2,1400,1
2,600,0
2,1799,1
2,800,0
2,900,0
2,500,0
2,1200,0
2,400,0
2,500,0
2,699,0
2,700,0
2,601,0
2,1900,1
2,1900,1
2,1299,1
2,500,0
2,1201,0
2,400,0
2,400,0
2,500,0
2,1200,1
2,1199,0
2,500,0
2,501,0
2,900,0
2,1800,0
2,700,0
2,1499,1
2,500,0
2,901,0
2,600,0
2,700,0
2,400,0
2,800,0
2,400,0
2,399,0
2,1801,1
2,900,0
2,800,0
2,1900,1
2,499,0
2,900,0
2,701,0
2,900,0
2,700,0
2,800,0
2,500,0
2,500,0
2,600,0
2,400,0
2,2500,2
2,600,0
2,1600,1
2,600,0
2,700,0
2,600,0
2,2799,2
2,900,0
2,401,0
2,600,0
2,1100,0
2,500,0
2,400,0
2,500,0
2,1099,0
2,600,0
2,701,0
2,2000,1
2,1800,1
2,899,0
2,300,0
2,801,0
2,500,0
2,600,0
2,400,0
2,700,0
2,400,0
2,800,0
2,700,0
2,1401,1
2,500,0
2,1400,1
2,500,0
2,600,0
2,799,0
2,600,0
2,601,0
2,500,0
2,400,0
2,400,0
2,500,0
2,900,0
2,1399,1
2,400,0
2,1801,1
2,900,0
2,1100,0
2,900,0
2,300,0
2,700,0
2,1800,1
2,300,0
2,400,0
2,499,0
2,600,0
2,401,0
2,800,0
2,400,0
2,500,0
2,900,0
2,500,0
2,2400,2
2,900,0
2,800,0
2,600,0
2,1500,1
2,3500,0
2,2400,2
2,300,0
2,500,0
2,699,0
2,500,0
2,500,0
2,1300,1
2,900,0
2,800,0
2,500,0
2,299,0
2,400,0
2,700,0
2,600,0
2,600,0
2,400,0
2,300,0
2,500,0
2,800,0
2,899,0
2,800,0
2,800,0
2,600,0
2,500,0
2,500,0
2,500,0
2,500,0
2,300,0
2,1499,1
2,800,0
2,800,0
2,500,0
2,500,0
2,1600,1
2,1901,1
2,1100,0
2,1300,1
2,400,0
2,400,0
2,600,0
2,1800,1
2,800,0
2,1899,1
2,800,0
2,801,0
2,1700,1
2,600,0
2,600,0
2,800,0
2,400,0
2,1101,0
2,400,0
2,600,0
2,1100,0
2,800,0
2,600,0
2,899,0
2,1101,0
2,1100,0
2,400,0
2,600,0
2,700,0
2,500,0
2,1499,1
2,901,0
2,1600,1
2,600,0
2,1500,1
2,599,0
2,400,0
2,1901,1
2,500,0
2,1500,1
2,1200,0
2,799,0
2,801,0
2,600,0
2,800,0
2,599,0
2,600,0
2,1101,0
2,1100,0
2,1100,0
2,800,0
2,500,0
2,300,0
2,500,0
2,301,0
2,600,0
2,1100,0
2,900,0
2,700,0
2,700,0
2,700,0
2,801,0
2,600,0
2,400,0
2,700,0
2,599,0
2,700,0
2,1401,1
2,900,0
2,900,0
2,500,0
2,300,0
2,500,0
2,600,0
2,500,0
2,1200,0
2,1200,0
2,600,0
2,600,0
2,1299,0
2,1101,0
2,500,0
2,800,0
2,900,0
2,300,0
2,400,0
2,900,0
2,700,0
2,601,0
2,300,0
2,600,0
2,2700,2
2,500,0
2,399,0
2,500,0
2,400,0
2,1600,1
2,700,0
2,400,0
2,600,0
2,800,0
2,3701,0
2,600,0
2,600,0
2,400,0
2,1199,1
2,900,0
2,701,0
2,600,0
2,600,0
2,1300,0
2,800,0
2,799,0
2,500,0
2,401,0
2,400,0
2,400,0
2,1800,1
2,1600,1
2,800,0
2,1200,0
2,400,0
2,800,0
2,1399,1
2,800,0
2,600,0
2,800,0
2,900,0
2,700,0
2,900,0
2,1399,1
2,901,0
2,800,0
2,1200,0
2,1400,1
2,500,0
2,400,0
2,901,0
2,700,0
2,600,0
2,800,0
2,900,0
2,699,0
2,500,0
2,1001,0
2,400,0
2,400,0
2,800,0
2,400,0
2,400,0
2,900,0
2,499,0
2,400,0
2,901,0
2,600,0
2,800,0
2,1100,0
2,500,0
2,800,0
2,700,0
2,400,0
2,900,0
2,400,0
2,700,0
2,700,0
2,600,0
2,700,0
2,300,0
2,1801,1
2,1300,1
2,500,0
2,300,0
2,300,0
2,500,0
2,399,0
2,900,0
2,1100,0
2,600,0
2,800,0
2,599,0
2,800,0
2,500,0
2,1300,1
2,600,0
2,400,0
2,700,0
2,1099,0
2,700,0
2,801,0
2,600,0
2,900,0
2,1300,1
2,600,0
2,699,0
2,400,0
2,501,0
2,500,0
2,900,0
2,600,0
2,500,0
2,400,0
2,1499,1
2,500,0
2,501,0
2,500,0
2,800,0
2,500,0
2,600,0
2,400,0
2,1099,0
2,900,0
2,601,0
2,300,0
2,500,0
2,2200,2
2,400,0
2,799,0
2,900,0
2,400,0
2,800,0
2,500,0
2,700,0
2,400,0
2,1799,1
2,400,0
2,801,0
2,900,0
2,1100,0
2,500,0
2,300,0
2,500,0
2,800,0
2,900,0
2,400,0
2,700,0
2,699,0
2,300,0
2,801,0
2,4300,1
2,600,0
2,400,0
2,800,0
2,1800,1
2,400,0
2,400,0
2,500,0
2,1200,0
2,600,0
2,600,0
2,900,0
2,900,0
2,1000,0
2,600,0
2,800,0
2,499,0
2,900,0
2,600,0
2,500,0
2,300,0
2,1300,1
2,400,0
2,900,0
2,900,0
2,901,0
2,500,0
2,900,0
2,1100,0
2,600,0
2,399,0
2,600,0
2,500,0
2,800,0
2,400,0
2,600,0
2,300,0
2,700,0
2,800,0
2,799,0
2,500,0
2,701,0
2,500,0
2,300,0
2,1400,1
2,800,0
2,500,0
2,800,0
2,400,0
2,1300,1
2,400,0
2,2600,2
2,600,0
2,400,0
2,800,0
2,1100,0
2,900,0
2,600,0
2,500,0
2,3001,2
2,1600,1
2,799,0
2,300,0
2,500,0
2,400,0
2,1100,0
2,500,0
2,400,0
2,400,0
2,300,0
2,500,0
2,399,0
2,300,0
2,1101,0
2,1300,1
2,400,0
2,1000,0
2,800,0
2,399,0
2,500,0
2,701,0
2,300,0
2,400,0
2,1300,1
2,300,0
2,900,0
2,499,0
2,600,0
2,801,0
2,700,0
2,600,0
2,400,0
2,400,0
2,400,0
2,300,0
2,499,0
2,1901,1
2,300,0
2,400,0
2,600,0
2,900,0
2,300,0
2,600,0
2,900,0
2,601,0
2,600,0
2,600,0
2,800,0
2,699,0
2,300,0
2,801,0
2,1500,1
2,400,0
2,1200,0
2,500,0
2,999,0
2,600,0
2,501,0
2,700,0
2,1600,1
2,800,0
2,300,0
2,300,0
2,499,0
2,800,0
2,800,0
2,900,0
2,400,0
2,1200,1
2,800,0
2,299,0
2,500,0
2,601,0
2,700,0
2,1800,1
2,600,0
2,400,0
2,400,0
2,400,0
2,600,0
2,2500,2
2,899,0
2,1001,0
2,700,0
2,700,0
2,800,0
2,400,0
2,1699,1
2,400,0
2,701,0
2,1100,0
2,600,0
2,1100,0
2,800,0
2,1099,0
2,1401,1
2,1300,1
2,700,0
2,1799,1
2,600,0
2,1200,0
2,600,0
2,600,0
2,1499,1
2,701,0
2,1100,0
2,1700,1
2,1300,0
2,999,0
2,601,0
2,400,0
2,1300,1
2,500,0
2,500,0
2,500,0
2,500,0
2,600,0
2,500,0
2,700,0
2,1000,0
2,600,0
2,400,0
2,600,0
2,1399,1
2,901,0
2,1100,0
2,500,0
2,500,0
2,1700,1
2,400,0
2,1300,1
2,601,0
2,500,0
2,900,0
2,500,0
2,900,0
2,700,0
2,1400,1
2,500,0
2,3700,3
2,700,0
2,2301,2
2,700,0
2,600,0
2,500,0
2,500,0
2,500,0
2,899,0
2,500,0
2,601,0
2,700,0
2,500,0
2,600,0
2,400,0
2,800,0
2,900,0
2,1000,0
2,1500,1
2,799,0
2,901,0
2,900,0
2,500,0
2,1500,1
2,700,0
2,399,0
2,900,0
2,401,0
2,500,0
2,800,0
2,800,0
2,800,0
2,700,0
2,799,0
2,900,0
2,600,0
2,1500,1
2,1200,0
2,1400,1
2,500,0
2,600,0
2,800,0
2,17100,0
2,1000,0
2,800,0
2,600,0
2,701,0
2,500,0
2,500,0
2,300,0
2,1100,0
2,500,0
2,800,0
2,1000,0
2,801,0
2,800,0
2,1500,1
2,800,0
2,600,0
2,500,0
2,900,0
2,300,0
2,600,0
2,600,0
2,500,0
2,700,0
2,400,0
2,700,0
2,1599,1
2,801,0
2,4700,0
2,700,0
2,900,0
2,500,0
2,400,0
2,1499,1
2,300,0
2,801,0
2,500,0
2,900,0
2,900,0
2,400,0
2,700,0
2,700,0
2,601,0
2,1200,1
2,500,0
2,1800,1
2,500,0
2,599,0
2,400,0
2,401,0
2,600,0
2,300,0
2,700,0
2,500,0
2,400,0
2,400,0
2,500,0
2,2101,1
2,1400,1
2,2600,2
2,500,0
2,1200,0
2,1401,1
2,1500,1
2,1900,1
2,599,0
2,400,0
2,901,0
2,300,0
2,800,0
2,400,0
2,500,0
2,1400,1
2,499,0
2,500,0
2,701,0
2,700,0
2,600,0
2,400,0
2,700,0
2,400,0
2,900,0
2,500,0
2,1301,1
2,400,0
2,300,0
2,1200,0
2,400,0
2,900,0
2,600,0
2,500,0
2,900,0
2,600,0
2,400,0
2,800,0
2,400,0
2,300,0
2,400,0
2,500,0
2,2800,2
2,500,0
2,500,0
2,399,0
2,500,0
2,701,0
2,400,0
2,400,0
2,700,0
2,600,0
2,900,0
2,599,0
2,1601,1
2,800,0
2,400,0
2,1200,0
2,1500,1
2,499,0
2,2101,1
2,400,0
2,800,0
2,1800,1
2,600,0
2,500,0
2,500,0
2,401,0
2,800,0
2,1600,1
2,600,0
2,400,0
2,699,0
2,9101,1
2,700,0
2,500,0
2,700,0
2,500,0
2,600,0
2,899,0
2,300,0
2,400,0
2,300,0
2,600,0
2,900,0
2,2101,1
2,600,0
2,600,0
2,600,0
2,300,0
2,400,0
2,500,0
2,4800,4
2,600,0
2,1700,1
2,500,0
2,400,0
2,800,0
2,700,0
2,300,0
2,1900,1
2,500,0
2,899,0
2,3000,2
2,1399,1
2,901,0
2,700,0
2,600,0
2,400,0
2,900,0
2,1599,1
2,2001,1
2,600,0
2,400,0
2,1900,1
2,899,0
2,901,0
2,1000,0
2,500,0
2,700,0
2,1400,1
2,700,0
2,400,0
2,600,0
2,1000,0
2,500,0
2,800,0
2,1600,1
2,1499,1
2,901,0
2,1800,1
2,500,0
2,800,0
2,800,0
2,499,0
2,800,0
2,400,0
2,1500,1
2,700,0
2,700,0
2,2400,2
2,700,0
2,1099,0
2,400,0
2,700,0
2,700,0
2,400,0
2,1000,0
2,400,0
2,400,0
2,699,0
2,1801,1
2,400,0
2,500,0
2,800,0
2,700,0
2,1000,0
2,399,0
2,500,0
2,601,0
2,1400,1
2,1400,1
2,400,0
2,900,0
2,1799,1
2,400,0
2,500,0
2,300,0
2,500,0
2,3399,3
2,400,0
2,1901,1
2,1600,1
2,400,0
2,700,0
2,1999,1
2,1400,1
2,800,0
2,1000,0
2,500,0
2,499,0
2,900,0
2,700,0
2,400,0
2,600,0
2,800,0
2,500,0
2,500,0
2,400,0
2,1100,0
2,301,0
2,500,0
2,400,0
2,800,0
2,700,0
2,501,0
2,900,0
2,1200,0
2,1000,0
2,500,0
2,1699,1
2,1201,0
2,1100,0
2,1500,1
2,500,0
2,1199,0
2,700,0
2,1000,0
2,600,0
2,800,0
2,300,0
2,300,0
2,500,0
2,499,0
2,2601,2
2,3000,2
2,400,0
2,399,0
2,700,0
2,501,0
2,1100,0
2,900,0
2,1200,0
2,400,0
2,499,0
2,1400,1
2,500,0
2,500,0
2,400,0
2,1200,0
2,1200,0
2,599,0
2,3601,0
2,2500,2
2,599,0
2,500,0
2,701,0
2,1500,1
2,800,0
2,700,0
2,500,0
2,700,0
2,501,0
2,400,0
2,900,0
2,700,0
2,400,0
2,600,0
2,400,0
2,599,0
2,1300,0
2,300,0
2,1600,1
2,500,0
2,600,0
2,599,0
2,500,0
2,1201,0
2,400,0
2,400,0
2,700,0
2,1500,1
2,900,0
2,500,0
2,1201,1
2,500,0
2,400,0
2,800,0
2,900,0
2,300,0
2,800,0
2,800,0
2,601,0
2,300,0
2,700,0
2,600,0
2,1200,0
2,700,0
2,1999,1
2,600,0
2,1000,0
2,800,0
2,400,0
2,1200,0
2,799,0
2,600,0
2,2800,2
2,400,0
2,600,0
2,299,0
2,500,0
2,400,0
2,600,0
2,700,0
2,400,0
2,900,0
2,700,0
2,700,0
2,399,0
2,1401,1
2,500,0
2,1000,0
2,1400,1
2,1599,1
2,600,0
2,600,0
2,1300,1
2,500,0
2,399,0
2,900,0
2,1201,0
2,500,0
2,900,0
2,500,0
2,600,0
2,900,0
2,800,0
2,1601,1
2,600,0
2,500,0
2,900,0
2,800,0
2,400,0
2,300,0
2,300,0
2,601,0
2,600,0
2,400,0
2,900,0
2,500,0
2,1700,1
2,499,0
2,300,0
2,401,0
2,500,0
2,300,0
2,500,0
2,900,0
2,2399,2
2,500,0
2,801,0
2,400,0
2,500,0
2,700,0
2,1600,1
2,899,0
2,700,0
2,501,0
2,400,0
2,1100,0
2,500,0
2,500,0
2,300,0
2,800,0
2,699,0
2,900,0
2,900,0
2,1300,1
2,400,0
2,500,0
2,900,0
2,700,0
2,700,0
2,1300,0
2,400,0
2,800,0
2,3800,0
2,1700,1
2,500,0
2,799,0
2,1601,1
2,500,0
2,900,0
2,900,0
2,600,0
2,600,0
2,599,0
2,500,0
2,1101,0
2,1800,1
2,800,0
2,500,0
2,300,0
2,1399,1
2,1201,0
2,500,0
2,800,0
2,900,0
2,300,0
2,700,0
2,800,0
2,600,0
2,300,0
2,1600,1
2,500,0
2,1100,0
2,500,0
2,899,0
2,1201,0
2,500,0
2,900,0
2,700,0
2,300,0
2,500,0
2,1000,0
2,400,0
2,801,0
2,300,0
2,300,0
2,700,0
2,800,0
2,900,0
2,400,0
2,699,0
2,800,0
2,501,0
2,1500,1
2,500,0
2,1300,1
2,400,0
2,400,0
2,700,0
2,600,0
2,600,0
2,800,0
2,699,0
2,800,0
2,901,0
2,700,0
2,500,0
2,700,0
2,900,0
2,600,0
2,500,0
2,501,0
2,1200,0
2,800,0
2,500,0
2,400,0
2,800,0
2,300,0
2,900,0
2,1400,1
2,700,0
2,600,0
2,1100,0
2,500,0
2,400,0
2,500,0
2,1801,1
2,1100,0
2,1400,1
2,400,0
2,799,0
2,500,0
2,501,0
2,800,0
2,700,0
2,300,0
2,800,0
2,500,0
2,1199,0
2,300,0
2,1401,1
2,400,0
2,500,0
2,800,0
2,600,0
2,700,0
2,499,0
2,1701,1
2,600,0
2,2099,1
2,1100,0
2,500,0
2,800,0
2,800,0
2,300,0
2,1100,0
2,799,0
2,300,0
2,801,0
2,400,0
2,600,0
2,400,0
2,2800,2
2,699,0
2,500,0
2,601,0
2,1400,1
2,500,0
2,1400,1
2,600,0
2,599,0
2,600,0
2,2301,2
2,2000,1
2,499,0
2,300,0
2,400,0
2,401,0
2,599,0
2,500,0
2,1701,1
2,500,0
2,500,0
2,400,0
2,1500,1
2,1099,0
2,701,0
2,600,0
2,700,0
2,600,0
2,600,0
2,600,0
2,300,0
2,799,0
2,800,0
2,2600,1
2,400,0
2,500,0
2,600,0
2,300,0
2,500,0
2,801,0
2,800,0
2,500,0
2,800,0
2,599,0
2,500,0
2,400,0
2,600,0
2,2600,2
2,700,0
2,800,0
2,300,0
2,600,0
2,501,0
2,2500,2
2,400,0
2,700,0
2,499,0
2,900,0
2,1201,0
2,500,0
2,600,0
2,1400,1
2,800,0
2,400,0
2,800,0
2,501,0
2,400,0
2,1100,0
2,600,0
2,1700,1
2,399,0
2,800,0
2,701,0
2,500,0
2,1500,1
2,400,0
2,900,0
2,1000,0
2,1401,1
2,500,0
2,500,0
2,600,0
2,400,0
2,600,0
2,399,0
2,800,0
2,901,0
2,1000,0
2,600,0
2,1100,0
2,500,0
2,799,0
2,400,0
2,701,0
2,500,0
2,1300,1
2,400,0
2,500,0
2,500,0
2,1300,1
2,700,0
2,1100,0
2,499,0
2,500,0
2,501,0
2,600,0
2,400,0
2,1800,1
2,1400,1
2,400,0
2,800,0
2,600,0
2,800,0
2,300,0
2,900,0
2,400,0
2,1799,1
2,500,0
2,400,0
2,700,0
2,300,0
2,800,0
2,1499,1
2,300,0
2,1301,1
2,900,0
2,1200,0
2,300,0
2,800,0
2,400,0
2,1499,1
2,701,0
2,1200,0
2,400,0
2,400,0
2,800,0
2,500,0
2,800,0
2,499,0
2,600,0
2,1001,0
2,800,0
2,1100,0
2,1400,1
2,900,0
2,299,0
2,700,0
2,801,0
2,400,0
2,500,0
2,4799,0
2,600,0
2,401,0
2,500,0
2,600,0
2,800,0
2,299,0
2,300,0
2,2901,2
2,500,0
2,700,0
2,1400,1
2,500,0
2,299,0
2,300,0
2,4401,4
2,800,0
2,400,0
2,500,0
2,599,0
2,500,0
2,601,0
2,800,0
2,500,0
2,1100,0
2,800,0
2,500,0
2,500,0
2,1299,1
2,400,0
2,500,0
2,1200,0
2,400,0
2,1600,1
2,600,0
2,799,0
2,400,0
2,701,0
2,400,0
2,500,0
2,500,0
2,2200,1
2,800,0
2,1099,0
2,1101,0
2,1300,1
2,500,0
2,500,0
2,800,0
2,300,0
2,400,0
2,700,0
2,500,0
2,800,0
2,2200,1
2,1600,1
2,800,0
2,400,0
2,1801,1
2,2900,2
2,399,0
2,700,0
2,701,0
2,700,0
2,1500,1
2,900,0
2,900,0
2,600,0
2,400,0
2,500,0
2,1101,0
2,1000,0
2,1200,0
2,1100,0
2,500,0
2,1399,1
2,400,0
2,1001,0
2,800,0
2,1500,1
2,600,0
2,500,0
2,400,0
2,799,0
2,800,0
2,700,0
2,500,0
2,800,0
2,300,0
2,400,0
2,1100,0
2,800,0
2,1700,1
2,500,0
2,1400,1
2,800,0
2,700,0
2,500,0
2,400,0
2,399,0
2,400,0
2,2401,2
2,800,0
2,400,0
2,1500,1
2,900,0
2,799,0
2,300,0
2,701,0
2,400,0
2,500,0
2,700,0
2,500,0
2,800,0
2,1200,0
2,800,0
2,800,0
2,500,0
2,600,0
2,800,0
2,800,0
2,499,0
2,1200,0
2,400,0
2,1100,0
2,700,0
2,500,0
2,300,0
2,2399,2
2,400,0
2,801,0
2,700,0
2,4200,1
2,799,0
2,800,0
2,401,0
2,900,0
2,500,0
2,1200,1
2,800,0
2,2399,0
2,701,0
2,500,0
2,1800,1
2,400,0
2,300,0
2,400,0
2,700,0
2,699,0
2,2701,2
2,800,0
2,800,0
2,400,0
2,300,0
2,899,0
2,1301,1
2,1800,0
2,400,0
2,400,0
2,400,0
2,3199,3
2,701,0
2,400,0
2,300,0
2,700,0
2,700,0
2,500,0
2,1599,1
2,1201,0
2,400,0
2,1500,1
2,799,0
2,1601,0
2,700,0
2,1500,1
2,800,0
2,300,0
2,400,0
2,400,0
2,599,0
2,500,0
2,600,0
2,1500,1
2,700,0
2,600,0
2,400,0
2,2600,2
2,900,0
2,1900,0
2,500,0
2,400,0
2,900,0
2,799,0
2,500,0
2,701,0
2,1300,1
2,800,0
2,1299,0
2,600,0
2,2201,2
2,1500,1
2,1400,1
2,299,0
2,500,0
2,900,0
2,800,0
2,2000,1
2,400,0
2,600,0
2,799,0
2,400,0
2,501,0
2,1500,0
2,1200,0
2,600,0
2,500,0
2,800,0
2,799,0
2,901,0
2,400,0
2,600,0
2,2500,1
2,800,0
2,400,0
2,400,0
2,800,0
2,600,0
2,300,0
2,2399,2
2,901,0
2,1200,0
2,500,0
2,1500,1
2,400,0
2,300,0
2,399,0
2,500,0
2,1201,0
2,300,0
2,400,0
2,400,0
2,600,0
2,800,0
2,500,0
2,300,0
2,400,0
2,1200,0
2,1201,0
2,500,0
2,500,0
2,600,0
2,800,0
2,400,0
2,600,0
2,899,0
2,1501,0
2,700,0
2,400,0
2,400,0
2,800,0
2,900,0
2,400,0
2,400,0
2,799,0
2,3401,0
2,500,0
2,600,0
2,700,0
2,700,0
2,1299,1
2,1001,0
2,800,0
2,500,0
2,500,0
2,700,0
2,1200,0
2,400,0
2,300,0
2,1000,0
2,401,0
2,700,0
2,600,0
2,800,0
2,699,0
2,700,0
2,601,0
2,600,0
2,600,0
2,400,0
2,400,0
2,500,0
2,1500,1
2,299,0
2,400,0
2,1001,0
2,2300,2
2,300,0
2,700,0
2,500,0
2,400,0
2,799,0
2,700,0
2,1001,0
2,1100,0
2,500,0
2,600,0
2,800,0
2,400,0
2,799,0
2,600,0
2,1301,1
2,500,0
2,600,0
2,500,0
2,400,0
2,500,0
2,900,0
2,499,0
2,300,0
2,400,0
2,601,0
2,1600,0
2,700,0
2,1500,1
2,700,0
2,499,0
2,600,0
2,501,0
2,500,0
2,400,0
2,300,0
2,1200,0
2,1200,0
2,600,0
2,599,0
2,1100,0
2,1900,0
2,800,0
2,701,0
2,1500,0
2,300,0
2,500,0
2,700,0
2,400,0
2,600,0
2,399,0
2,500,0
2,500,0
2,500,0
2,600,0
2,300,0
2,1100,0
2,400,0
2,300,0
2,1599,1
2,600,0
2,500,0
2,401,0
2,700,0
2,300,0
2,600,0
2,400,0
2,500,0
2,1800,1
2,900,0
2,400,0
2,1501,1
2,900,0
2,400,0
2,1000,0
2,900,0
2,500,0
2,400,0
2,2601,2
2,300,0
2,500,0
2,400,0
2,700,0
2,400,0
2,800,0
2,700,0
2,600,0
2,401,0
2,800,0
2,800,0
2,800,0
2,600,0
2,500,0
2,1399,1
2,900,0
2,1300,1
2,700,0
2,1201,0
2,400,0
2,400,0
2,500,0
2,600,0
2,500,0
2,800,0
2,900,0
2,799,0
2,400,0
2,3501,0
2,800,0
2,400,0
2,500,0
2,599,0
2,400,0
2,700,0
2,500,0
2,800,0
2,600,0
2,700,0
2,600,0
2,600,0
2,500,0
2,499,0
2,1200,0
2,900,0
2,1300,1
2,700,0
2,700,0
2,500,0
2,400,0
2,300,0
2,400,0
2,400,0
2,400,0
2,801,0
2,500,0
2,700,0
2,300,0
2,400,0
2,400,0
2,600,0
2,500,0
2,399,0
2,400,0
2,901,0
2,1000,0
2,1500,1
2,800,0
2,800,0
2,899,0
2,400,0
2,400,0
2,401,0
2,500,0
2,700,0
2,801,0
2,900,0
2,900,0
2,1100,0
2,2799,1
2,1000,0
2,600,0
2,600,0
2,3899,2
2,1000,0
2,1000,0
2,900,0
2,2099,0
2,1201,0
2,1500,0
2,400,0
2,1800,1
2,500,0
2,799,0
2,300,0
2,500,0
2,1000,0
2,500,0
2,600,0
2,400,0
2,900,0
2,1500,1
2,800,0
2,400,0
2,901,0
2,400,0
2,400,0
2,700,0
2,1700,1
2,700,0
2,499,0
2,400,0
2,700,0
2,800,0
2,700,0
2,400,0
2,400,0
2,600,0
2,600,0
2,800,0
2,499,0
2,1200,0
2,300,0
2,300,0
2,1200,0
2,300,0
2,400,0
2,400,0
2,300,0
2,900,0
2,1100,0
2,1700,1
2,2900,2
2,1300,1
2,800,0
2,400,0
2,600,0
2,500,0
2,500,0
2,500,0
2,1001,0
2,600,0
2,500,0
2,700,0
2,800,0
2,1200,0
2,700,0
2,499,0
2,700,0
2,401,0
2,500,0
2,500,0
2,300,0
2,800,0
2,300,0
2,1800,1
2,599,0
2,700,0
2,1501,1
2,1800,1
2,900,0
2,1400,1
2,2000,1
2,500,0
2,4899,0
2,700,0
2,501,0
2,300,0
2,1100,0
2,500,0
2,300,0
2,500,0
2,1900,1
2,600,0
2,1401,1
2,1100,0
2,700,0
2,400,0
2,300,0
2,500,0
2,800,0
2,899,0
2,1000,0
2,400,0
2,600,0
2,700,0
2,400,0
2,899,0
2,400,0
2,701,0
2,2000,1
2,800,0
2,400,0
2,800,0
2,699,0
2,800,0
2,401,0
2,300,0
2,900,0
2,800,0
2,2400,2
2,1099,0
2,1401,1
2,500,0
2,800,0
2,600,0
2,2300,1
2,1199,0
2,400,0
2,401,0
2,500,0
2,1500,1
2,300,0
2,700,0
2,500,0
2,1999,1
2,400,0
2,601,0
2,700,0
2,500,0
2,400,0
2,800,0
2,1100,0
2,600,0
2,699,0
2,500,0
2,701,0
2,700,0
2,700,0
2,1200,0
2,800,0
2,1499,1
2,800,0
2,1601,1
2,800,0
2,600,0
2,700,0
2,2599,2
2,701,0
2,500,0
2,1800,1
2,400,0
2,400,0
2,500,0
2,701,0
2,900,0
2,600,0
2,600,0
2,800,0
2,900,0
2,999,0
2,1201,0
2,800,0
2,1400,1
2,300,0
2,400,0
2,500,0
2,400,0
2,300,0
2,1099,0
2,1601,1
2,900,0
2,800,0
2,400,0
2,800,0
2,400,0
2,1299,1
2,800,0
2,400,0
2,400,0
2,1000,0
2,300,0
2,800,0
2,800,0
2,500,0
2,500,0
2,300,0
2,700,0
2,501,0
2,1300,1
2,1200,0
2,300,0
2,800,0
2,1199,0
2,1100,0
2,801,0
2,500,0
2,600,0
2,600,0
2,700,0
2,900,0
2,1399,1
2,400,0
2,400,0
2,1501,1
2,900,0
2,600,0
2,499,0
2,700,0
2,900,0
2,2299,2
2,1000,0
2,601,0
2,900,0
2,400,0
2,400,0
2,700,0
2,800,0
2,700,0
2,800,0
2,700,0
2,500,0
2,1000,0
2,500,0
2,1400,1
2,600,0
2,500,0
2,2401,2
2,600,0
2,400,0
2,900,0
2,300,0
2,800,0
2,400,0
2,399,0
2,400,0
2,1001,0
2,400,0
2,600,0
2,700,0
2,700,0
2,500,0
2,1699,1
2,1701,1
2,400,0
2,400,0
2,700,0
2,400,0
2,600,0
2,600,0
2,900,0
2,2500,2
2,500,0
2,400,0
2,700,0
2,1800,1
2,500,0
2,599,0
2,300,0
2,800,0
2,500,0
2,600,0
2,400,0
2,400,0
2,1099,0
2,1401,1
2,500,0
2,700,0
2,700,0
2,900,0
2,700,0
2,599,0
2,600,0
2,400,0
2,801,0
2,500,0
2,400,0
2,900,0
2,500,0
2,400,0
2,400,0
2,800,0
2,1500,1
2,400,0
2,1300,1
2,2300,2
2,900,0
2,399,0
2,2501,0
2,900,0
2,600,0
2,1600,1
2,800,0
2,299,0
2,500,0
2,600,0
2,300,0
2,400,0
2,1800,1
2,500,0
2,700,0
2,300,0
2,500,0
2,599,0
2,800,0
2,501,0
2,400,0
2,1200,0
2,500,0
2,700,0
2,500,0
2,700,0
2,1099,0
2,300,0
2,501,0
2,1500,1
2,800,0
2,499,0
2,600,0
2,600,0
2,400,0
2,500,0
2,300,0
2,800,0
2,1300,1
2,500,0
2,1599,1
2,801,0
2,2000,1
2,1900,1
2,800,0
2,500,0
2,899,0
2,300,0
2,801,0
2,700,0
2,400,0
2,1100,0
2,900,0
2,800,0
2,399,0
2,700,0
2,3501,0
2,500,0
2,800,0
2,500,0
2,499,0
2,600,0
2,500,0
2,400,0
2,1100,0
2,400,0
2,1700,1
2,1400,1
2,900,0
2,1501,1
2,600,0
2,900,0
2,300,0
2,1000,0
2,500,0
2,300,0
2,499,0
2,600,0
2,1801,1
2,400,0
2,400,0
2,800,0
2,300,0
2,600,0
2,400,0
2,1899,1
2,500,0
2,1499,1
2,800,0
2,2001,1
2,900,0
2,900,0
2,800,0
2,1699,1
2,900,0
2,1300,1
2,1100,0
2,800,0
2,1200,0
2,999,0
2,1501,1
2,600,0
2,300,0
2,400,0
2,1400,1
2,900,0
2,400,0
2,600,0
2,400,0
2,1301,1
2,500,0
2,500,0
2,300,0
2,900,0
2,600,0
2,300,0
2,400,0
2,400,0
2,399,0
2,700,0
2,801,0
2,600,0
2,500,0
2,1000,0
2,900,0
2,500,0
2,300,0
2,499,0
2,400,0
2,1301,1
2,500,0
2,600,0
2,1400,1
2,800,0
2,400,0
2,1199,0
2,700,0
2,701,0
2,700,0
2,1400,1
2,2100,1
2,1000,0
2,500,0
2,500,0
2,700,0
2,400,0
2,899,0
2,700,0
2,300,0
2,401,0
2,400,0
2,400,0
2,300,0
2,400,0
2,700,0
2,2100,1
2,399,0
2,600,0
2,801,0
2,1200,0
2,800,0
2,1900,1
2,1699,1
2,500,0
2,501,0
2,700,0
2,600,0
2,2300,2
2,800,0
2,399,0
2,800,0
2,901,0
2,400,0
2,500,0
2,1100,0
2,500,0
2,300,0
2,500,0
2,700,0
2,499,0
2,800,0
2,301,0
2,800,0
2,1200,0
2,400,0
2,700,0
2,800,0
2,599,0
2,2401,2
2,4400,1
2,699,0
2,500,0
2,901,0
2,700,0
2,700,0
2,300,0
2,500,0
2,500,0
2,1601,1
2,500,0
2,1300,1
2,300,0
2,500,0
2,400,0
2,499,0
2,800,0
2,401,0
2,400,0
2,1300,1
2,400,0
2,600,0
2,800,0
2,500,0
2,400,0
2,1699,1
2,900,0
2,400,0
2,600,0
2,1300,1
2,1500,1
2,399,0
2,500,0
2,400,0
2,401,0
2,800,0
2,1800,1
2,800,0
2,600,0
2,400,0
2,1099,0
2,400,0
2,501,0
2,400,0
2,500,0
2,700,0
2,800,0
2,400,0
2,1200,1
2,899,0
2,1601,1
2,1600,1
2,400,0
2,800,0
2,400,0
2,400,0
2,600,0
2,399,0
2,1200,0
2,1101,0
2,900,0
2,500,0
2,1100,0
2,1501,1
2,1800,1
2,600,0
2,600,0
2,900,0
2,1199,0
2,500,0
2,300,0
2,400,0
2,400,0
2,1000,0
2,600,0
2,300,0
2,700,0
2,1799,1
2,800,0
2,501,0
2,1200,0
2,500,0
2,300,0
2,800,0
2,2499,2
2,700,0
2,2701,2
2,700,0
2,600,0
2,1699,1
2,400,0
2,400,0
2,801,0
2,600,0
2,800,0
2,300,0
2,400,0
2,500,0
2,300,0
2,400,0
2,699,0
2,700,0
2,801,0
2,900,0
2,400,0
2,1200,0
2,1200,0
2,400,0
2,1099,0
2,700,0
2,500,0
2,300,0
2,500,0
2,1600,1
2,1600,1
2,499,0
2,1100,0
2,401,0
2,800,0
2,1200,0
2,700,0
2,799,0
2,800,0
2,901,0
2,500,0
2,400,0
2,400,0
2,400,0
2,500,0
2,300,0
2,300,0
2,1399,1
2,1101,0
2,700,0
2,3400,0
2,300,0
2,500,0
2,700,0
2,1001,0
2,400,0
2,400,0
2,500,0
2,500,0
2,400,0
2,1200,0
2,600,0
2,899,0
2,1601,1
2,500,0
2,500,0
2,400,0
2,400,0
2,400,0
2,900,0
2,1199,0
2,1301,1
2,1000,0
2,500,0
2,500,0
2,400,0
2,600,0
2,300,0
2,900,0
2,599,0
2,1200,0
2,301,0
2,300,0
2,500,0
2,500,0
2,800,0
2,500,0
2,700,0
2,300,0
2,799,0
2,900,0
2,400,0
2,600,0
2,1200,0
2,500,0
2,300,0
2,400,0
2,300,0
2,801,0
2,1300,1
2,400,0
2,400,0
2,500,0
2,400,0
2,1100,0
2,799,0
2,901,0
2,900,0
2,600,0
2,500,0
2,400,0
2,700,0
2,400,0
2,700,0
2,499,0
2,400,0
2,500,0
2,401,0
2,1100,0
2,1100,0
2,400,0
2,800,0
2,400,0
2,400,0
2,599,0
2,500,0
2,1801,1
2,700,0
2,300,0
2,1700,1
2,700,0
2,499,0
2,500,0
2,300,0
2,701,0
2,600,0
2,600,0
2,500,0
2,700,0
2,800,0
2,1000,0
2,600,0
2,1701,1
2,600,0
2,900,0
2,800,0
2,599,0
2,600,0
2,701,0
2,500,0
2,1500,1
2,500,0
2,1300,1
2,300,0
2,499,0
2,900,0
2,1001,0
2,600,0
2,600,0
2,900,0
2,800,0
2,700,0
2,699,0
2,1501,1
2,600,0
2,500,0
2,400,0
2,600,0
2,2500,2
2,599,0
2,1200,0
2,1200,0
2,900,0
2,800,0
2,300,0
2,400,0
2,400,0
2,1199,1
2,400,0
2,701,0
2,900,0
2,800,0
2,300,0
2,1300,1
2,400,0
2,1399,1
2,800,0
2,501,0
2,500,0
2,400,0
2,2699,2
2,2200,1
2,500,0
2,1600,0
2,700,0
2,399,0
2,600,0
2,901,0
2,600,0
2,800,0
2,500,0
2,900,0
2,2500,2
2,800,0
2,1200,0
2,400,0
2,300,0
2,400,0
2,1499,1
2,1501,1
2,400,0
2,800,0
2,400,0
2,1900,1
2,500,0
2,1099,0
2,1601,1
2,600,0
2,2100,1
2,500,0
2,800,0
2,500,0
2,500,0
2,20701,2
2,1700,0
2,3400,0
2,1100,0
2,1900,0
2,1399,0
2,1101,0
2,700,0
2,900,0
2,1900,0
2,3700,1
2,700,0
2,3000,1
2,600,0
2,400,0
2,1099,0
2,1701,0
2,500,0
2,1700,0
2,5200,1
2,1100,0
2,700,0
2,600,0
2,700,0
2,599,0
2,800,0
2,2301,1
2,1000,0
2,700,0
2,1999,0
2,1701,0
2,1000,0
2,1600,0
2,700,0
2,2399,0
2,500,0
2,400,0
2,400,0
2,400,0
2,1300,0
2,500,0
2,3900,2
2,1600,0
2,1200,0
2,2199,0
2,1901,0
2,600,0
2,1100,0
2,800,0
2,700,0
2,1099,0
2,2401,1
2,1300,0
2,1200,0
2,3399,1
2,601,0
2,1600,0
2,1900,0
2,600,0
2,2700,1
2,800,0
2,600,0
2,800,0
2,3099,1
2,400,0
2,1201,0
2,600,0
2,1700,0
2,1400,0
2,1099,0
2,1000,0
2,901,0
2,400,0
2,1800,0
2,1600,1
2,600,0
2,1099,0
2,1201,1
2,600,0
2,1800,1
2,1100,0
2,700,0
2,899,0
2,600,0
2,1101,0
2,800,0
2,900,0
2,501,0
2,1200,0
2,500,0
2,600,0
2,800,0
2,500,0
2,400,0
2,1299,0
2,500,0
2,901,0
2,3401,1
2,1300,0
2,800,0
2,600,0
2,799,0
2,2401,1
2,2600,1
2,400,0
2,300,0
2,999,0
2,500,0
2,1901,1
2,400,0
2,1000,0
2,1700,1
2,399,0
2,1100,0
2,501,0
2,3500,3
2,800,0
2,500,0
2,1300,0
2,901,0
2,700,0
2,400,0
2,1000,0
2,300,0
2,700,0
2,1199,0
2,600,0
2,500,0
2,401,0
2,1100,0
2,800,0
2,500,0
2,700,0
2,2799,2
2,501,0
2,1200,1
2,1100,0
2,600,0
2,800,0
2,700,0
2,400,0
2,800,0
2,1200,0
2,300,0
2,700,0
2,500,0
2,899,0
2,400,0
2,801,0
2,400,0
2,600,0
2,300,0
2,300,0
2,400,0
2,900,0
2,500,0
2,300,0
2,300,0
2,400,0
2,1801,1
2,2100,1
2,500,0
2,600,0
2,400,0
2,599,0
2,400,0
2,500,0
2,800,0
2,1100,0
2,1700,1
2,600,0
2,899,0
2,400,0
2,500,0
2,401,0
2,500,0
2,500,0
2,500,0
2,300,0
2,600,0
2,900,0
2,700,0
2,899,0
2,1401,0
2,2500,2
2,500,0
2,500,0
2,1199,0
2,400,0
2,500,0
2,401,0
2,300,0
2,400,0
2,1400,1
2,500,0
2,500,0
2,1400,1
2,900,0
2,400,0
2,700,0
2,400,0
2,600,0
2,900,0
2,500,0
2,400,0
2,400,0
2,300,0
2,1101,0
2,1200,0
2,900,0
2,300,0
2,400,0
2,600,0
2,1799,1
2,301,0
2,1100,0
2,300,0
2,400,0
2,700,0
2,800,0
2,400,0
2,700,0
2,1801,1
2,600,0
2,400,0
2,400,0
2,400,0
2,1100,0
2,1100,0
2,300,0
2,699,0
2,6201,2
2,499,0
2,800,0
2,901,0
2,600,0
2,800,0
2,1700,1
2,800,0
2,500,0
2,499,0
2,300,0
2,500,0
2,501,0
2,700,0
2,500,0
2,700,0
2,400,0
2,500,0
2,500,0
2,700,0
2,899,0
2,600,0
2,400,0
2,1100,0
2,500,0
2,799,0
2,900,0
2,501,0
2,1600,1
2,1100,0
2,400,0
2,600,0
2,400,0
2,699,0
2,300,0
2,1201,0
2,500,0
2,800,0
2,700,0
2,300,0
2,700,0
2,1300,1
2,500,0
2,500,0
2,1201,0
2,600,0
2,1900,1
2,400,0
2,500,0
2,400,0
2,499,0
2,600,0
2,2701,2
2,500,0
2,700,0
2,500,0
2,400,0
2,500,0
2,699,0
2,800,0
2,400,0
2,1800,1
2,500,0
2,2100,1
2,799,0
2,700,0
2,1100,0
2,800,0
2,900,0
2,1200,0
2,900,0
2,399,0
2,1300,1
2,301,0
2,800,0
2,600,0
2,800,0
2,599,0
2,500,0
2,300,0
2,1300,1
2,900,0
2,600,0
2,300,0
2,900,0
2,600,0
2,499,0
2,800,0
2,1301,1
2,600,0
2,400,0
2,400,0
2,700,0
2,300,0
2,700,0
2,799,0
2,600,0
2,500,0
2,700,0
2,800,0
2,900,0
2,700,0
2,1200,0
2,400,0
2,599,0
2,400,0
2,501,0
2,400,0
2,600,0
2,400,0
2,800,0
2,600,0
2,700,0
2,900,0
2,700,0
2,1701,1
2,1200,0
2,400,0
2,700,0
2,500,0
2,300,0
2,300,0
2,1699,1
2,601,0
2,400,0
2,800,0
2,3000,2
2,400,0
2,500,0
2,700,0
2,1401,1
2,500,0
2,1100,0
2,500,0
2,500,0
2,5001,2
2,400,0
2,1099,0
2,600,0
2,901,0
2,800,0
2,600,0
2,400,0
2,400,0
2,400,0
2,1100,0
2,799,0
2,800,0
2,1400,1
2,1300,1
2,900,0
2,500,0
2,800,0
2,799,0
2,800,0
2,501,0
2,900,0
2,600,0
2,600,0
2,300,0
2,600,0
2,500,0
2,700,0
2,799,0
2,500,0
2,601,0
2,1800,1
2,700,0
2,300,0
2,1800,1
2,399,0
2,800,0
2,1101,0
2,800,0
2,400,0
2,800,0
2,1400,1
2,900,0
2,500,0
2,400,0
2,1601,1
2,800,0
2,600,0
2,3599,0
2,1601,0
2,1200,0
2,800,0
2,800,0
2,400,0
2,700,0
2,500,0
2,600,0
2,800,0
2,800,0
2,500,0
2,400,0
2,599,0
2,500,0
2,701,0
2,600,0
2,300,0
2,500,0
2,900,0
2,800,0
2,500,0
2,400,0
2,499,0
2,2100,1
2,800,0
2,500,0
2,699,0
2,600,0
2,1501,1
2,600,0
2,1500,1
2,700,0
2,1699,1
2,700,0
2,701,0
2,600,0
2,500,0
2,500,0
2,500,0
2,400,0
2,1299,0
2,400,0
2,701,0
2,600,0
2,400,0
2,400,0
2,500,0
2,800,0
2,1400,1
2,300,0
2,300,0
2,800,0
2,701,0
2,600,0
2,800,0
2,500,0
2,600,0
2,500,0
2,800,0
2,400,0
2,600,0
2,300,0
2,300,0
2,600,0
2,400,0
2,799,0
2,800,0
2,801,0
2,800,0
2,800,0
2,700,0
2,800,0
2,700,0
2,1999,1
2,501,0
2,500,0
2,900,0
2,500,0
2,500,0
2,2899,1
2,1801,1
2,900,0
2,900,0
2,1800,1
2,900,0
2,1099,0
2,6101,2
2,599,0
2,800,0
2,801,0
2,400,0
2,1200,0
2,700,0
2,800,0
2,1599,1
2,900,0
2,701,0
2,400,0
2,800,0
2,400,0
2,400,0
2,500,0
2,700,0
2,2500,2
2,900,0
2,700,0
2,1200,1
2,800,0
2,600,0
2,1399,1
2,1301,1
2,800,0
2,600,0
2,1400,1
2,700,0
2,900,0
2,1400,1
2,600,0
2,800,0
2,500,0
2,799,0
2,1801,1
2,500,0
2,500,0
2,2700,2
2,1599,1
2,901,0
2,800,0
2,600,0
2,700,0
2,2400,2
2,599,0
2,500,0
2,801,0
2,500,0
2,900,0
2,500,0
2,600,0
2,400,0
2,400,0
2,1599,1
2,1300,1
2,1400,1
2,400,0
2,800,0
2,700,0
2,1100,0
2,399,0
2,600,0
2,600,0
2,701,0
2,700,0
2,400,0
2,1700,1
2,500,0
2,400,0
2,400,0
2,799,0
2,400,0
2,601,0
2,500,0
2,300,0
2,700,0
2,400,0
2,300,0
2,1300,1
2,800,0
2,500,0
2,400,0
2,300,0
2,800,0
2,1700,1
2,1299,1
2,901,0
2,1200,0
2,600,0
2,800,0
2,1000,0
2,700,0
2,799,0
2,900,0
2,600,0
2,400,0
2,400,0
2,600,0
2,500,0
2,400,0
2,400,0
2,600,0
2,300,0
2,599,0
2,700,0
2,501,0
2,400,0
2,600,0
2,900,0
2,500,0
2,1500,1
2,500,0
2,599,0
2,300,0
2,400,0
2,401,0
2,600,0
2,300,0
2,700,0
2,700,0
2,600,0
2,800,0
2,899,0
2,800,0
2,401,0
2,600,0
2,600,0
2,300,0
2,1100,0
2,700,0
2,1799,1
2,400,0
2,3901,0
2,300,0
2,500,0
2,400,0
2,899,0
2,400,0
2,400,0
2,401,0
2,1400,1
2,700,0
2,600,0
2,699,0
2,900,0
2,701,0
2,400,0
2,500,0
2,800,0
2,1100,0
2,300,0
2,800,0
2,1799,1
2,801,0
2,1800,1
2,400,0
2,500,0
2,300,0
2,1200,0
2,500,0
2,800,0
2,800,0
2,1700,1
2,1900,1
2,600,0
2,599,0
2,700,0
2,300,0
2,1600,1
2,800,0
2,900,0
2,900,0
2,900,0
2,899,0
2,901,0
2,1100,0
2,1400,1
2,1100,0
2,800,0
2,799,0
2,1300,1
2,700,0
2,300,0
2,600,0
2,600,0
2,900,0
2,600,0
2,300,0
2,599,0
2,700,0
2,1101,0
2,800,0
2,600,0
2,300,0
2,1700,1
2,899,0
2,2000,0
2,900,0
2,700,0
2,800,0
2,1401,1
2,500,0
2,700,0
2,400,0
2,900,0
2,1699,1
2,800,0
2,1701,1
2,1200,1
2,400,0
2,800,0
2,1500,1
2,699,0
2,300,0
2,901,0
2,400,0
2,1300,0
2,900,0
2,300,0
2,400,0
2,800,0
2,699,0
2,300,0
2,801,0
2,700,0
2,700,0
2,300,0
2,600,0
2,800,0
2,800,0
2,1199,0
2,2301,2
2,400,0
2,600,0
2,500,0
2,1200,0
2,1100,0
2,500,0
2,800,0
2,801,0
2,700,0
2,600,0
2,600,0
2,600,0
2,1500,1
2,499,0
2,800,0
2,501,0
2,500,0
2,600,0
2,500,0
2,800,0
2,700,0
2,700,0
2,300,0
2,900,0
2,900,0
2,400,0
2,600,0
2,500,0
2,700,0
2,399,0
2,400,0
2,1501,1
2,1600,1
2,800,0
2,400,0
2,3600,0
2,900,0
2,800,0
2,800,0
2,500,0
2,800,0
2,600,0
2,799,0
2,1401,1
2,400,0
2,400,0
2,600,0
2,500,0
2,300,0
2,600,0
2,500,0
2,1199,0
2,400,0
2,501,0
2,400,0
2,2400,2
2,1100,0
2,1000,0
2,299,0
2,1801,1
2,800,0
2,400,0
2,2000,1
2,800,0
2,400,0
2,499,0
2,400,0
2,801,0
2,300,0
2,1500,1
2,700,0
2,1000,0
2,500,0
2,1499,1
2,801,0
2,700,0
2,800,0
2,1099,0
2,500,0
2,801,0
2,500,0
2,600,0
2,400,0
2,500,0
2,500,0
2,800,0
2,700,0
2,599,0
2,500,0
2,500,0
2,601,0
2,300,0
2,500,0
2,800,0
2,300,0
2,2799,2
2,700,0
2,901,0
2,800,0
2,1100,0
2,600,0
2,700,0
2,400,0
2,600,0
2,1699,1
2,400,0
2,400,0
2,500,0
2,800,0
2,800,0
2,400,0
2,400,0
2,1199,0
2,300,0
2,800,0
2,800,0
2,500,0
2,500,0
2,600,0
2,500,0
2,700,0
2,800,0
2,599,0
2,600,0
2,601,0
2,700,0
2,400,0
2,500,0
2,600,0
2,2200,0
2,699,0
2,1000,0
2,400,0
2,600,0
2,400,0
2,1799,1
2,300,0
2,600,0
2,801,0
2,900,0
2,300,0
2,600,0
2,1500,1
2,400,0
2,799,0
2,800,0
2,4301,4
2,1300,1
2,400,0
2,800,0
2,600,0
2,901,0
2,500,0
2,400,0
2,600,0
2,500,0
2,500,0
2,1699,1
2,600,0
2,400,0
2,2001,1
2,300,0
2,700,0
2,1100,0
2,600,0
2,400,0
2,400,0
2,800,0
2,401,0
2,1500,1
2,400,0
2,499,0
2,700,0
2,501,0
2,500,0
2,500,0
2,600,0
2,1100,0
2,500,0
2,800,0
2,499,0
2,700,0
2,1001,0
2,600,0
2,2900,2
2,300,0
2,500,0
2,600,0
2,600,0
2,500,0
2,400,0
2,1600,1
2,899,0
2,1601,1
2,1500,1
2,500,0
2,700,0
2,900,0
2,800,0
2,699,0
2,500,0
2,1101,0
2,1500,1
2,600,0
2,500,0
2,800,0
2,700,0
2,400,0
2,800,0
2,2501,2
2,500,0
2,2200,2
2,699,0
2,400,0
2,501,0
2,1300,1
2,600,0
2,1400,1
2,1000,0
2,899,0
2,1400,1
2,401,0
2,400,0
2,400,0
2,1200,0
2,500,0
2,1100,0
2,900,0
2,300,0
2,400,0
2,701,0
2,1400,1
2,300,0
2,800,0
2,600,0
2,500,0
2,300,0
2,699,0
2,600,0
2,501,0
2,300,0
2,500,0
2,1300,0
2,699,0
2,900,0
2,1901,1
2,800,0
2,2100,1
2,600,0
2,499,0
2,600,0
2,901,0
2,300,0
2,400,0
2,1500,1
2,500,0
2,700,0
2,1499,1
2,800,0
2,2701,2
2,500,0
2,600,0
2,400,0
2,900,0
2,1599,1
2,801,0
2,600,0
2,700,0
2,1300,1
2,400,0
2,600,0
2,799,0
2,500,0
2,901,0
2,300,0
2,800,0
2,600,0
2,500,0
2,1200,1
2,400,0
2,399,0
2,600,0
2,1801,1
2,1600,1
2,700,0
2,800,0
2,599,0
2,1200,0
2,601,0
2,500,0
2,1200,0
2,300,0
2,1700,1
2,600,0
2,1899,1
2,300,0
2,1100,0
2,500,0
2,600,0
2,799,0
2,1701,1
2,900,0
2,600,0
2,600,0
2,600,0
2,601,0
2,600,0
2,900,0
2,600,0
2,700,0
2,500,0
2,1599,1
2,1201,1
2,1800,1
2,900,0
2,1100,0
2,500,0
2,599,0
2,300,0
2,600,0
2,601,0
2,700,0
2,400,0
2,800,0
2,400,0
2,800,0
2,1399,1
2,400,0
2,600,0
2,401,0
2,800,0
2,300,0
2,1800,1
2,700,0
2,1499,1
2,600,0
2,601,0
2,900,0
2,500,0
2,400,0
2,1100,0
2,700,0
2,400,0
2,400,0
2,499,0
2,600,0
2,901,0
2,600,0
2,800,0
2,700,0
2,700,0
2,400,0
2,800,0
2,500,0
2,500,0
2,600,0
2,700,0
2,500,0
2,800,0
2,799,0
2,600,0
2,901,0
2,800,0
2,300,0
2,600,0
2,600,0
2,500,0
2,400,0
2,600,0
2,799,0
2,300,0
2,700,0
2,400,0
2,600,0
2,1600,1
2,500,0
2,600,0
2,700,0
2,499,0
2,800,0
2,400,0
2,1801,1
2,600,0
2,700,0
2,300,0
2,400,0
2,400,0
2,600,0
2,899,0
2,500,0
2,500,0
2,400,0
2,1500,1
2,400,0
2,1500,1
2,500,0
2,1600,1
2,500,0
2,400,0
2,500,0
2,500,0
2,400,0
2,800,0
2,1500,1
2,500,0
2,400,0
2,1501,1
2,300,0
2,800,0
2,999,0
2,300,0
2,601,0
2,1100,0
2,500,0
2,800,0
2,1100,0
2,700,0
2,1499,1
2,801,0
2,600,0
2,500,0
2,500,0
2,800,0
2,400,0
2,700,0
2,799,0
2,400,0
2,600,0
2,400,0
2,400,0
2,600,0
2,600,0
2,400,0
2,500,0
2,400,0
2,400,0
2,500,0
2,399,0
2,3601,0
2,1200,0
2,800,0
2,700,0
2,399,0
2,900,0
2,801,0
2,300,0
2,500,0
2,900,0
2,300,0
2,600,0
2,1400,1
2,399,0
2,600,0
2,1401,1
2,2000,1
2,600,0
2,400,0
2,1699,1
2,800,0
2,400,0
2,300,0
2,1100,0
2,900,0
2,500,0
2,300,0
2,600,0
2,801,0
2,1400,1
2,800,0
2,400,0
2,400,0
2,1699,1
2,400,0
2,500,0
2,801,0
2,600,0
2,800,0
2,700,0
2,2499,2
2,300,0
2,1201,0
2,500,0
2,800,0
2,900,0
2,1000,0
2,600,0
2,300,0
2,399,0
2,600,0
2,700,0
2,700,0
2,600,0
2,300,0
2,400,0
2,400,0
2,300,0
2,500,0
2,700,0
2,299,0
2,300,0
2,300,0
2,400,0
2,601,0
2,500,0
2,400,0
2,500,0
2,700,0
2,400,0
2,800,0
2,500,0
2,400,0
2,400,0
2,1601,1
2,300,0
2,400,0
2,500,0
2,400,0
2,300,0
2,300,0
2,1699,1
2,600,0
2,1200,0
2,500,0
2,700,0
2,800,0
2,600,0
2,700,0
2,800,0
2,600,0
2,500,0
2,600,0
2,500,0
2,800,0
2,400,0
2,499,0
2,700,0
2,1001,0
2,1000,0
2,500,0
2,400,0
2,1600,1
2,600,0
2,499,0
2,400,0
2,801,0
2,16500,0
2,93300,0
2,23400,0
2,50699,0
2,2200,0
2,1100,0
2,1000,0
2,7900,1
2,999,0
2,2601,1
2,2600,1
2,2700,1
2,1100,0
2,2500,1
2,1100,0
2,899,0
2,800,0
2,901,0
2,1100,0
2,2700,1
2,999,0
2,1701,0
2,45200,0
2,1700,0
2,1600,0
2,2099,0
2,2701,0
2,2600,0
2,13101,3
2,1499,0
2,1100,0
2,1100,0
2,900,0
2,1000,0
2,900,0
2,900,0
2,899,0
2,1701,0
2,1300,0
2,900,0
2,1300,0
2,799,0
2,2301,1
2,1100,0
2,2700,0
2,899,0
2,900,0
2,800,0
2,1300,0
2,1700,0
2,1399,0
2,1601,0
2,1000,0
2,3600,1
2,1299,0
2,1701,0
2,1600,0
2,1700,0
2,1000,0
2,3101,1
2,1100,0
2,3499,1
2,1401,0
2,1400,0
2,1600,0
2,1200,0
2,999,0
2,1001,0
2,3000,1
2,800,0
2,1299,0
2,900,0
2,1201,0
2,1300,0
2,1900,0
2,1399,0
2,800,0
2,1401,0
2,1500,0
2,2500,1
2,2800,1
2,1000,0
2,1300,0
2,2100,0
2,1699,0
2,1001,0
2,900,0
2,900,0
2,1000,0
2,1100,0
2,1099,0
2,801,0
2,900,0
2,3200,1
2,1099,0
2,5101,2
2,900,0
2,1199,0
2,1501,0
2,900,0
2,2800,1
2,1100,0
2,2300,1
2,1200,0
2,1400,0
2,900,0
2,1000,0
2,1499,0
2,901,0
2,1200,0
2,1000,0
2,1500,0
2,1499,0
2,1101,0
2,900,0
2,1400,0
2,1300,0
2,1499,0
2,1001,0
2,900,0
2,1300,0
2,1200,0
2,1100,0
2,1599,0
2,1601,0
2,2000,0
2,4100,1
2,1200,0
2,1300,0
2,4500,1
2,1500,0
2,1300,0
2,1699,0
2,2001,0
2,1901,0
2,1200,0
2,3599,1
2,1301,0
2,1200,0
2,1500,0
2,3399,1
2,1500,0
2,1700,0
2,1600,0
2,1299,0
2,1501,0
2,3400,1
2,1399,0
2,2901,1
2,1100,0
2,2299,0
2,1701,0
2,1600,0
2,1400,0
2,1799,0
2,1801,0
2,1100,0
2,1400,0
2,1300,0
2,999,0
2,1201,0
2,1200,0
2,1500,0
2,1300,0
2,3600,1
2,1600,0
2,2100,0
2,1099,0
2,1101,0
2,1300,0
2,1900,0
2,1000,0
2,1300,0
2,1701,0
2,1100,0
2,1500,0
2,1299,0
2,1501,0
2,1900,0
2,1400,0
2,1300,0
2,1100,0
2,1101,0
2,1900,0
2,1300,0
2,1600,0
2,1399,0
2,1000,0
2,2700,1
2,1100,0
2,1000,0
2,899,0
2,1001,0
2,1000,0
2,700,0
2,900,0
2,1000,0
2,2399,1
2,1001,0
2,900,0
2,1300,0
2,900,0
2,1400,0
2,1001,0
2,1300,0
2,1400,0
2,2299,1
2,5701,3
2,999,0
2,900,0
2,1301,0
2,1300,0
2,800,0
2,3299,1
2,1101,0
2,1300,0
2,1000,0
2,2599,1
2,1101,0
2,900,0
2,1300,0
2,2400,1
2,799,0
2,800,0
2,801,0
2,1300,0
2,1400,0
2,1200,0
2,899,0
2,1000,0
2,901,0
2,1000,0
2,1000,0
2,1700,0
2,2199,1
2,900,0
2,1300,0
2,1700,0
2,1800,0
2,1200,0
2,1100,0
2,1799,0
2,3800,1
2,1300,0
2,1699,0
2,3500,1
2,1899,0
2,2101,0
2,2100,0
2,1700,0
2,1799,0
2,1300,0
2,1700,0
2,1500,0
2,2500,0
2,1900,0
2,1500,0
2,1799,0
2,2301,0
2,2000,0
2,4000,1
2,1300,0
2,1100,0
2,1399,0
2,1101,0
2,3600,1
2,1000,0
2,3300,1
2,2000,0
2,1799,0
2,1000,0
2,2301,1
2,1000,0
2,800,0
2,800,0
2,899,0
2,1201,0
2,900,0
2,1700,0
2,1200,0
2,2099,1
2,1201,0
2,2500,1
2,2699,1
2,2801,1
2,1100,0
2,1000,0
2,1299,0
2,800,0
2,2401,1
2,1600,0
2,1300,0
2,1800,0
2,4001,1
2,1700,0
2,3600,1
2,9399,0
2,3700,0
2,5500,1
2,1400,0
2,1399,0
2,2001,0
2,1600,0
2,2199,0
2,6001,1
2,2800,0
2,1300,0
2,1900,0
2,1899,0
2,2001,0
2,1900,0
2,1800,0
2,5700,1
2,1300,0
2,1400,0
2,2900,0
2,2899,0
2,1501,0
2,2700,0
2,1400,0
2,1699,0
2,2601,0
2,1700,0
2,5900,1
2,58800,1
2,51200,1
2,3500,0
2,2700,0
2,5700,1
2,2099,0
2,1801,0
2,2000,0
2,7400,2
2,1600,0
2,5000,1
2,3499,0
2,1801,0
2,2600,0
2,4400,1
2,3100,0
2,1099,0
2,2101,0
2,2400,0
2,8300,2
2,8699,1
2,1601,0
2,1800,0
2,3299,0
2,2600,0
2,1200,0
2,2399,0
2,1701,0
2,1800,0
2,1700,0
2,2601,0
2,1600,0
2,10100,2
2,4101,0
2,1300,0
2,1300,0
2,2401,0
2,33000,0
2,3601,0
2,2599,0
2,2101,0
2,3000,0
2,2499,0
2,5201,1
2,5900,1
2,3399,0
2,1700,0
2,1900,0
2,8200,2
2,1399,0
2,2201,0
2,1400,0
2,2099,0
2,1401,0
2,1700,0
2,1800,0
2,1799,0
2,1201,0
2,1100,0
2,1700,0
2,4100,1
2,3200,0
2,2799,0
2,3800,0
2,6600,2
2,2799,0
2,2401,0
2,2100,0
2,2100,0
2,1499,0
2,5201,1
2,1799,0
2,1501,0
2,1600,0
2,7800,1
2,2499,0
2,1100,0
2,1200,0
2,2800,0
2,1099,0
2,1801,0
2,1500,0
2,4900,0
2,1300,0
2,2300,0
2,1499,0
2,1100,0
2,1200,0
2,1100,0
2,1500,0
2,2399,0
2,3601,1
2,1500,0
2,1099,0
2,1001,0
2,2100,0
2,1700,0
2,2099,0
2,1800,0
2,3600,1
2,3601,1
2,4299,1
2,11001,0
2,2000,0
2,1801,0
2,1500,0
2,2400,0
2,3200,0
2,1500,0
2,3899,0
2,1601,0
2,1000,0
2,1400,0
2,1499,0
2,1501,0
2,1100,0
2,3100,1
2,1199,0
2,4201,1
2,1300,0
2,2601,0
2,1400,0
2,5100,1
2,1100,0
2,1500,0
2,2199,0
2,1201,0
2,5399,1
2,1901,0
2,1200,0
2,1500,0
2,2299,0
2,1401,0
2,1300,0
2,2300,0
2,1699,0
2,2201,0
2,3000,0
2,1899,0
2,1301,0
2,1600,0
2,1500,0
2,999,0
2,1201,0
2,2200,0
2,2200,0
2,1299,0
2,1301,0
2,1200,0
2,1200,0
2,1200,0
2,2300,0
2,1200,0
2,1100,0
2,1300,0
2,5800,2
2,3699,1
2,1100,0
2,1500,0
2,1100,0
2,1399,0
2,1301,0
2,1300,0
2,1200,0
2,3700,1
2,1500,0
2,1200,0
2,1400,0
2,1699,0
2,2901,1
2,5099,1
2,2400,0
2,1700,0
2,1899,0
2,1600,0
2,1700,0
2,1300,0
2,1799,0
2,1500,0
2,1500,0
2,1600,0
2,1300,0
2,1501,0
2,3700,1
2,4001,1
2,1300,0
2,1999,0
2,3301,1
2,1400,0
2,2299,0
2,3101,1
2,3000,1
2,1601,0
2,1100,0
2,2400,0
2,2899,0
2,2000,0
2,2600,0
2,1499,0
2,1201,0
2,2000,0
2,2500,0
2,2101,0
2,900,0
2,1100,0
2,4099,2
2,1201,0
2,1500,0
2,1200,0
2,1999,0
2,2201,0
2,1100,0
2,1700,0
2,4700,1
2,1900,0
2,2199,0
2,1801,0
2,1600,0
2,2699,0
2,2501,0
2,1700,0
2,2000,0
2,1100,0
2,3400,1
2,1900,0
2,2000,0
2,1400,0
2,1500,0
2,1400,0
2,1800,0
2,3301,0
2,1800,0
2,1000,0
2,899,0
2,1001,0
2,1200,0
2,3700,1
2,1900,0
2,3599,2
2,901,0
2,800,0
2,2400,0
2,800,0
2,1199,0
2,1200,0
2,900,0
2,2500,1
2,1400,0
2,1599,0
2,901,0
2,2900,1
2,800,0
2,899,0
2,900,0
2,2801,1
2,1200,0
2,700,0
2,1099,0
2,1301,0
2,4000,1
2,1499,0
2,1501,0
2,1400,0
2,3699,1
2,2101,0
2,1900,0
2,2399,0
2,1801,0
2,2300,0
2,1799,0
2,2701,0
2,3899,1
2,2001,0
2,2699,0
2,2600,0
2,4199,1
2,1000,0
2,1500,0
2,1800,0
2,1199,0
2,1101,0
2,1300,0
2,2000,0
2,1299,0
2,1301,0
2,1800,0
2,2200,0
2,1599,0
2,1600,0
2,1200,0
2,2499,0
2,1701,0
2,1600,0
2,1300,0
2,1599,0
2,1001,0
2,1500,0
2,1300,0
2,4600,1
2,3200,1
2,4501,1
2,1700,0
2,1799,0
2,1801,0
2,1600,0
2,1300,0
2,1399,0
2,1501,0
2,2100,0
2,2099,0
2,1401,0
2,2300,0
2,3299,1
2,2001,0
2,1500,0
2,1800,0
2,3800,1
2,1400,0
2,1500,0
2,1100,0
2,1401,0
2,1200,0
2,1000,0
2,3099,1
2,901,0
2,1101,0
2,1000,0
2,800,0
2,1400,0
2,999,0
2,1100,0
2,900,0
2,1600,0
2,1300,0
2,899,0
2,1601,0
2,1200,0
2,900,0
2,3999,0
2,1401,0
2,900,0
2,1200,0
2,1000,0
2,1000,0
2,1201,0
2,18100,0
2,1200,0
2,899,0
2,800,0
2,801,0
2,900,0
2,800,0
2,900,0
2,1600,0
2,1399,0
2,2001,0
2,1100,0
2,1500,0
2,999,0
2,700,0
2,1100,0
2,1200,0
2,700,0
2,1100,0
2,1199,0
2,1601,0
2,1600,0
2,1100,0
2,1499,0
2,1901,0
2,2100,0
2,1400,0
2,899,0
2,12001,0
2,1200,0
2,2900,1
2,900,0
2,1000,0
2,1000,0
2,1600,0
2,900,0
2,1200,0
2,801,0
2,800,0
2,700,0
2,1100,0
2,1000,0
2,699,0
2,800,0
2,800,0
2,1600,0
2,900,0
2,1200,0
2,699,0
2,1300,0
2,700,0
2,1400,0
2,2000,1
2,2499,1
2,901,0
2,900,0
2,2200,1
2,900,0
2,1199,0
2,1101,0
2,1500,0
2,2500,1
2,900,0
2,1801,0
2,1800,0
2,1000,0
2,1000,0
2,800,0
2,1199,0
2,1001,0
2,1500,0
2,1000,0
2,1100,0
2,800,0
2,899,0
2,700,0
2,1500,0
2,2500,1
2,1100,0
2,2500,1
2,800,0
2,1000,0
2,600,0
2,3299,1
2,1001,0
2,900,0
2,1000,0
2,899,0
2,1101,0
2,1100,0
2,700,0
2,700,0
2,1300,0
2,899,0
2,900,0
2,1401,0
2,1200,0
2,1400,0
2,1200,0
2,1199,0
2,1001,0
2,1200,0
2,700,0
2,800,0
2,900,0
2,899,0
2,1000,0
2,1201,0
2,800,0
2,1000,0
2,1200,0
2,900,0
2,1299,0
2,801,0
2,800,0
2,800,0
2,900,0
2,1100,0
2,1399,0
2,900,0
2,700,0
2,2500,0
2,4400,2
2,700,0
2,800,0
2,1100,0
2,1200,0
2,799,0
2,800,0
2,4201,2
2,700,0
2,800,0
2,2501,1
2,1300,0
2,1800,0
2,1599,0
2,1000,0
2,701,0
2,900,0
2,2099,0
2,2100,0
2,1200,0
2,2099,0
2,1801,0
2,5299,2
2,1701,0
2,3200,1
2,2399,1
2,700,0
2,700,0
2,600,0
2,800,0
2,1300,0
2,1100,0
2,799,0
2,800,0
2,800,0
2,800,0
2,1100,0
2,800,0
2,1300,0
2,600,0
2,1501,0
2,1300,0
2,5299,0
2,1300,0
2,700,0
2,900,0
2,1400,0
2,899,0
2,1000,0
2,701,0
2,900,0
2,3500,2
2,1199,0
2,601,0
2,2400,1
2,800,0
2,800,0
2,1399,0
2,1100,0
2,801,0
2,700,0
2,800,0
2,800,0
2,2399,1
2,1100,0
2,1200,0
2,1500,0
2,1100,0
2,1999,1
2,2501,1
2,800,0
2,1501,0
2,5199,1
2,1701,0
2,700,0
2,1000,0
2,1000,0
2,1999,0
2,1001,0
2,1600,0
2,900,0
2,1100,0
2,1199,0
2,2901,0
2,1000,0
2,2000,0
2,900,0
2,1500,0
2,1001,0
2,1000,0
2,900,0
2,1600,0
2,899,0
2,1000,0
2,2601,1
2,800,0
2,800,0
2,1299,0
2,1200,0
2,1601,0
2,3000,1
2,2399,1
2,1001,0
2,1100,0
2,1300,0
2,900,0
2,1199,0
2,800,0
2,701,0
2,1600,0
2,800,0
2,600,0
2,2499,1
2,1201,0
2,800,0
2,700,0
2,800,0
2,1100,0
2,600,0
2,800,0
2,1601,0
2,1200,0
2,1000,0
2,900,0
2,1300,0
2,1099,0
2,900,0
2,1301,0
2,1100,0
2,1000,0
2,700,0
2,2999,1
2,700,0
2,2200,1
2,2300,1
2,999,0
2,1501,0
2,800,0
2,2200,1
2,1100,0
2,899,0
2,900,0
2,700,0
2,800,0
2,800,0
2,3199,1
2,1501,0
2,1200,0
2,1900,0
2,2399,0
2,2301,0
2,1700,0
2,1099,0
2,1200,0
2,1000,0
2,1000,0
2,1300,0
2,800,0
2,1099,0
2,1200,0
2,1000,0
2,1800,0
2,1300,0
2,1899,0
2,2700,1
2,700,0
2,900,0
2,800,0
2,1400,0
2,801,0
2,800,0
2,1100,0
2,900,0
2,800,0
2,1399,0
2,1101,0
2,600,0
2,1000,0
2,4801,0
2,899,0
2,1000,0
2,1001,0
2,900,0
2,2200,1
2,800,0
2,2100,1
2,1000,0
2,1500,0
2,600,0
2,1700,0
2,800,0
2,801,0
2,1200,0
2,800,0
2,1900,1
2,1099,0
2,700,0
2,701,0
2,800,0
2,1600,0
2,800,0
2,700,0
2,1199,0
2,700,0
2,1101,0
2,900,0
2,1200,0
2,600,0
2,1100,0
2,599,0
2,1000,0
2,901,0
2,800,0
2,900,0
2,900,0
2,900,0
2,1599,0
2,1201,0
2,1000,0
2,1200,0
2,800,0
2,800,0
2,899,0
2,1100,0
2,1500,0
2,1100,0
2,1100,0
2,600,0
2,699,0
2,1100,0
2,1901,1
2,1300,0
2,701,0
2,2500,1
2,1100,0
2,700,0
2,1099,0
2,701,0
2,900,0
2,800,0
2,1200,0
2,600,0
2,800,0
2,5200,0
2,1800,0
2,1801,0
2,800,0
2,1100,0
2,3699,2
2,2201,1
2,2500,0
2,1300,0
2,1801,0
2,1000,0
2,1700,0
2,2899,0
2,1101,0
2,1100,0
2,1400,0
2,1999,0
2,1100,0
2,700,0
2,800,0
2,2300,1
2,2599,0
2,1401,0
2,1100,0
2,2000,0
2,899,0
2,1601,0
2,2100,0
2,1500,0
2,1199,0
2,1401,0
2,1100,0
2,900,0
2,1200,0
2,1699,0
2,1401,0
2,1600,0
2,900,0
2,1799,0
2,1000,0
2,6100,2
2,1300,0
2,899,0
2,1001,0
2,1000,0
2,1100,0
2,2400,1
2,799,0
2,800,0
2,1100,0
2,1500,0
2,1200,0
2,2299,1
2,1001,0
2,1400,0
2,800,0
2,3599,1
2,1101,0
2,1100,0
2,2100,0
2,1499,0
2,1101,0
2,1500,0
2,1200,0
2,1600,0
2,2501,0
2,2500,1
2,1000,0
2,799,0
2,1000,0
2,701,0
2,1100,0
2,4599,0
2,2301,1
2,2600,1
2,1300,0
2,900,0
2,801,0
2,1000,0
2,1000,0
2,1000,0
2,2299,1
2,1401,0
2,800,0
2,2600,1
2,1100,0
2,799,0
2,1100,0
2,2301,1
2,1200,0
2,800,0
2,900,0
2,1100,0
2,1400,0
2,799,0
2,2401,1
2,700,0
2,900,0
2,900,0
2,700,0
2,999,0
2,900,0
2,801,0
2,1100,0
2,2300,1
2,2199,1
2,1001,0
2,1200,0
2,1100,0
2,2000,1
2,1399,0
2,901,0
2,2200,1
2,800,0
2,800,0
2,600,0
2,900,0
2,701,0
2,600,0
2,800,0
2,900,0
2,900,0
2,1499,0
2,2401,1
2,1100,0
2,1000,0
2,800,0
2,800,0
2,699,0
2,1201,0
2,600,0
2,800,0
2,800,0
2,2000,1
2,1099,0
2,900,0
2,2200,1
2,1000,0
2,3699,2
2,1400,0
2,1900,0
2,1200,0
2,799,0
2,1000,0
2,1001,0
2,2000,1
2,900,0
2,801,0
2,900,0
2,900,0
2,1400,0
2,1899,1
2,1401,0
2,1100,0
2,900,0
2,800,0
2,900,0
2,700,0
2,899,0
2,1001,0
2,700,0
2,900,0
2,900,0
2,800,0
2,1899,1
2,900,0
2,2000,1
2,900,0
2,900,0
2,800,0
2,799,0
2,700,0
2,701,0
2,700,0
2,1500,0
2,1200,0
2,1100,0
2,900,0
2,1201,0
2,1900,1
2,1400,0
2,1499,0
2,1000,0
2,1000,0
2,800,0
2,1100,0
2,1100,0
2,799,0
2,2001,1
2,2601,1
2,2800,1
2,799,0
2,901,0
2,800,0
2,1400,0
2,1500,0
2,800,0
2,699,0
2,1201,0
2,1500,0
2,700,0
2,1101,0
2,800,0
2,2600,1
2,1200,0
2,700,0
2,2799,1
2,1201,0
2,1100,0
2,1200,0
2,1400,0
2,700,0
2,1099,0
2,901,0
2,1200,0
2,1400,0
2,1000,0
2,1100,0
2,900,0
2,1401,0
2,800,0
2,800,0
2,2800,1
2,700,0
2,1301,0
2,700,0
2,800,0
2,700,0
2,2000,1
2,699,0
2,2001,1
2,1000,0
2,1200,0
2,1200,0
2,1999,1
2,1401,0
2,1200,0
2,2200,1
2,1199,0
2,700,0
2,3601,2
2,1100,0
2,1200,0
2,900,0
2,1101,0
2,700,0
2,700,0
2,700,0
2,1400,0
2,900,0
2,1400,0
2,1101,0
2,1000,0
2,900,0
2,1001,0
2,1400,0
2,1400,0
2,900,0
2,999,0
2,800,0
2,901,0
2,800,0
2,600,0
2,1500,0
2,900,0
2,1499,0
2,901,0
2,4000,1
2,1299,0
2,700,0
2,1001,0
2,700,0
2,1200,0
2,900,0
2,600,0
2,2300,1
2,1300,0
2,1100,0
2,700,0
2,1200,0
2,1099,0
2,2201,1
2,1200,0
2,1000,0
2,1100,0
2,1099,0
2,1401,0
2,1100,0
2,800,0
2,2100,1
2,999,0
2,700,0
2,1401,0
2,900,0
2,1400,0
2,1000,0
2,2199,1
2,1101,0
2,2000,1
2,1100,0
2,800,0
2,699,0
2,900,0
2,1000,0
2,700,0
2,2100,1
2,2199,1
2,2201,1
2,3400,2
2,700,0
2,900,0
2,1001,0
2,2200,1
2,900,0
2,3199,2
2,1201,0
2,900,0
2,1000,0
2,700,0
2,1200,0
2,1000,0
2,1001,0
2,800,0
2,1100,0
2,900,0
2,1100,0
2,599,0
2,2401,1
2,700,0
2,700,0
2,1400,0
2,1200,0
2,900,0
2,701,0
2,900,0
2,800,0
2,800,0
2,1900,0
2,2200,0
2,4900,2
2,800,0
2,1000,0
2,1499,0
2,1000,0
2,2101,1
2,1000,0
2,800,0
2,1400,0
2,799,0
2,1401,0
2,800,0
2,1400,0
2,2000,1
2,999,0
2,900,0
2,1200,0
2,900,0
2,800,0
2,700,0
2,1499,0
2,700,0
2,1200,0
2,999,0
2,1201,0
2,900,0
2,900,0
2,800,0
2,1000,0
2,1099,0
2,1000,0
2,2201,1
2,1100,0
2,800,0
2,800,0
2,799,0
2,900,0
2,2501,1
2,800,0
2,1500,0
2,799,0
2,1000,0
2,701,0
2,700,0
2,1100,0
2,700,0
2,700,0
2,800,0
2,899,0
2,901,0
2,700,0
2,1000,0
2,1000,0
2,1200,0
2,2199,1
2,3801,2
2,700,0
2,1899,0
2,1201,0
2,700,0
2,2700,1
2,900,0
2,999,0
2,800,0
2,800,0
2,1400,0
2,800,0
2,1100,0
2,600,0
2,2300,1
2,2500,1
2,700,0
2,800,0
2,999,0
2,1100,0
2,701,0
2,1200,0
2,999,0
2,800,0
2,901,0
2,700,0
2,800,0
2,1000,0
2,700,0
2,2399,1
2,801,0
2,1100,0
2,1400,0
2,600,0
2,800,0
2,899,0
2,2101,1
2,1100,0
2,1200,0
2,600,0
2,1299,0
2,1901,1
2,2000,1
2,700,0
2,1100,0
2,899,0
2,1501,0
2,600,0
2,1000,0
2,600,0
2,1300,0
2,700,0
2,999,0
2,2301,1
2,2300,1
2,2099,1
2,1100,0
2,800,0
2,1000,0
2,1000,0
2,2000,1
2,699,0
2,1000,0
2,700,0
2,1500,0
2,900,0
2,1400,0
2,2099,1
2,2200,1
2,800,0
2,800,0
2,700,0
2,2800,1
2,900,0
2,900,0
2,801,0
2,4300,0
2,1399,0
2,3001,1
2,1000,0
2,1400,0
2,1099,0
2,2001,0
2,2800,1
2,1099,0
2,1200,0
2,900,0
2,1700,0
2,900,0
2,1699,0
2,1000,0
2,1000,0
2,1300,0
2,2699,1
2,700,0
2,701,0
2,1500,0
2,1400,0
2,1200,0
2,900,0
2,700,0
2,1201,0
2,2100,1
2,900,0
2,2099,1
2,600,0
2,1501,0
2,1000,0
2,800,0
2,1300,0
2,800,0
2,1200,0
2,1401,0
2,800,0
2,1200,0
2,1000,0
2,700,0
2,2901,1
2,1600,0
2,1400,0
2,1699,0
2,801,0
2,1500,0
2,2200,0
2,3800,1
2,1600,0
2,1200,0
2,2100,1
2,1099,0
2,1000,0
2,2200,0
2,3299,1
2,900,0
2,1301,0
2,1600,0
2,1900,0
2,999,0
2,1001,0
2,900,0
2,1700,0
2,1899,0
2,1401,0
2,1300,0
2,1000,0
2,1200,0
2,999,0
2,900,0
2,801,0
2,700,0
2,1000,0
2,700,0
2,1500,0
2,1199,0
2,901,0
2,800,0
2,700,0
2,700,0
2,1300,0
2,700,0
2,799,0
2,1001,0
2,1500,0
2,2700,1
2,1999,1
2,800,0
2,2100,1
2,700,0
2,1100,0
2,900,0
2,899,0
2,1401,0
2,1000,0
2,700,0
2,900,0
2,1200,0
2,1099,0
2,600,0
2,1101,0
2,900,0
2,1200,0
2,800,0
2,2600,1
2,1200,0
2,899,0
2,700,0
2,2300,1
2,1100,0
2,800,0
2,800,0
2,1000,0
2,1101,0
2,600,0
2,800,0
2,900,0
2,700,0
2,1200,0
2,999,0
2,1101,0
2,1200,0
2,1400,0
2,800,0
2,1200,0
2,1499,0
2,2201,1
2,900,0
2,800,0
2,2299,1
2,1000,0
2,700,0
2,700,0
2,1000,0
2,5400,2
2,2801,1
2,900,0
2,900,0
2,800,0
2,899,0
2,800,0
2,1101,0
2,1300,0
2,1100,0
2,900,0
2,1099,0
2,1501,0
2,1000,0
2,800,0
2,3400,2
2,1000,0
2,901,0
2,1600,0
2,900,0
2,3499,2
2,1101,0
2,2500,1
2,2500,1
2,1200,0
2,1100,0
2,899,0
2,901,0
2,800,0
2,4400,1
2,1200,0
2,3401,1
2,1300,0
2,1399,0
2,5901,2
2,1299,0
2,1301,0
2,1400,0
2,1100,0
2,1599,0
2,1000,0
2,1301,0
2,1300,0
2,1900,0
2,999,0
2,1001,0
2,600,0
2,1700,0
2,600,0
2,800,0
2,2400,1
2,700,0
2,3500,2
2,800,0
2,700,0
2,1201,0
2,2200,1
2,800,0
2,700,0
2,600,0
2,1099,0
2,701,0
2,800,0
2,800,0
2,700,0
2,700,0
2,900,0
2,2199,0
2,1001,0
2,1100,0
2,800,0
2,700,0
2,2099,1
2,700,0
2,2701,1
2,1100,0
2,1100,0
2,1000,0
2,900,0
2,1200,0
2,1599,0
2,1301,0
2,1400,0
2,1700,0
2,2099,0
2,1000,0
2,1000,0
2,3499,1
2,1100,0
2,1500,0
2,3100,1
2,899,0
2,2501,1
2,1200,0
2,1100,0
2,1599,0
2,1301,0
2,1100,0
2,1400,0
2,1000,0
2,1599,0
2,2001,0
2,1500,0
2,1300,0
2,1299,0
2,3901,1
2,1300,0
2,1499,0
2,1101,0
2,900,0
2,1400,0
2,600,0
2,700,0
2,1799,1
2,1001,0
2,1100,0
2,1500,0
2,700,0
2,1300,0
2,800,0
2,1201,0
2,600,0
2,1200,0
2,2200,1
2,800,0
2,1200,0
2,901,0
2,800,0
2,900,0
2,1799,0
2,901,0
2,1100,0
2,700,0
2,800,0
2,1300,0
2,1100,0
2,1100,0
2,900,0
2,3900,2
2,800,0
2,1200,0
2,1500,0
2,1100,0
2,1301,0
2,900,0
2,900,0
2,700,0
2,700,0
2,999,0
2,1100,0
2,1300,0
2,1300,0
2,1000,0
2,700,0
2,800,0
2,799,0
2,2101,1
2,1100,0
2,2200,1
2,799,0
2,700,0
2,701,0
2,800,0
2,1000,0
2,1100,0
2,1000,0
2,1000,0
2,1200,0
2,701,0
2,800,0
2,800,0
2,1500,0
2,1799,1
2,700,0
2,601,0
2,2100,0
2,1100,0
2,700,0
2,1099,0
2,700,0
2,1801,1
2,2100,1
2,2299,1
2,1100,0
2,1200,0
2,999,0
2,1601,0
2,1100,0
2,700,0
2,700,0
2,800,0
2,900,0
2,899,0
2,700,0
2,1400,0
2,700,0
2,1100,0
2,1300,0
2,799,0
2,700,0
2,1301,0
2,1300,0
2,3799,1
2,1301,0
2,1700,0
2,1400,0
2,1499,0
2,700,0
2,1001,0
2,3000,1
2,1100,0
2,2500,1
2,700,0
2,2400,1
2,1400,0
2,1199,0
2,901,0
2,1000,0
2,700,0
2,700,0
2,1000,0
2,700,0
2,1799,1
2,1201,0
2,1200,0
2,900,0
2,600,0
2,900,0
2,799,0
2,1401,0
2,2100,1
2,700,0
2,1100,0
2,1399,0
2,1501,0
2,1500,0
2,800,0
2,1101,0
2,1000,0
2,700,0
2,1000,0
2,900,0
2,700,0
2,2501,1
2,2200,1
2,1400,0
2,999,0
2,1200,0
2,1101,0
2,800,0
2,1200,0
2,1000,0
2,900,0
2,1399,0
2,901,0
2,700,0
2,1000,0
2,1100,0
2,900,0
2,599,0
2,1200,0
2,1201,0
2,1400,0
2,1400,0
2,700,0
2,1199,0
2,1201,0
2,700,0
2,700,0
2,1399,0
2,1001,0
2,2100,1
2,2300,1
2,999,0
2,1201,0
2,1000,0
2,1500,0
2,900,0
2,600,0
2,700,0
2,901,0
2,1500,0
2,1200,0
2,2399,1
2,700,0
2,1800,0
2,1000,0
2,800,0
2,1200,0
2,900,0
2,700,0
2,1000,0
2,1000,0
2,899,0
2,2201,0
2,700,0
2,900,0
2,700,0
2,1000,0
2,2100,1
2,700,0
2,1200,0
2,800,0
2,3900,2
2,1699,0
2,1301,0
2,1700,0
2,1500,0
2,899,0
2,4201,1
2,1400,0
2,5101,2
2,900,0
2,1200,0
2,2401,0
2,1000,0
2,1200,0
2,1299,0
2,1201,0
2,1800,0
2,1199,0
2,1901,0
2,1500,0
2,1700,0
2,1599,0
2,1501,0
2,1700,0
2,1100,0
2,3701,1
2,1000,0
2,1000,0
2,1399,0
2,3901,1
2,3599,1
2,1600,0
2,2400,0
2,1599,0
2,1501,0
2,1100,0
2,1200,0
2,1999,0
2,2001,0
2,2100,0
2,1700,0
2,2701,0
2,1300,0
2,1000,0
2,800,0
2,899,0
2,2201,1
2,1100,0
2,700,0
2,1000,0
2,1300,0
2,1001,0
2,900,0
2,600,0
2,1100,0
2,1200,0
2,1099,0
2,901,0
2,1100,0
2,1000,0
2,900,0
2,899,0
2,900,0
2,701,0
2,1300,0
2,800,0
2,1000,0
2,1200,0
2,1201,0
2,900,0
2,1100,0
2,800,0
2,700,0
2,1100,0
2,1000,0
2,901,0
2,1000,0
2,1600,0
2,700,0
2,899,0
2,1100,0
2,2300,1
2,900,0
2,900,0
2,900,0
2,2101,0
2,900,0
2,600,0
2,4799,3
2,2101,1
2,600,0
2,2000,1
2,1000,0
2,2399,1
2,1801,1
2,2500,1
2,800,0
2,700,0
2,1099,0
2,700,0
2,2399,1
2,1301,0
2,1100,0
2,900,0
2,1100,0
2,1000,0
2,1099,0
2,700,0
2,3301,1
2,1900,0
2,1901,0
2,2300,0
2,3299,1
2,1101,0
2,2900,1
2,1000,0
2,6100,3
2,1200,0
2,1399,0
2,1101,0
2,3200,1
2,1699,0
2,3401,1
2,1500,0
2,1299,0
2,1901,0
2,1100,0
2,1200,0
2,3800,0
2,1500,0
2,1400,0
2,1100,0
2,2700,1
2,800,0
2,800,0
2,900,0
2,1100,0
2,700,0
2,699,0
2,900,0
2,601,0
2,800,0
2,600,0
2,700,0
2,1000,0
2,2100,1
2,700,0
2,1799,1
2,801,0
2,700,0
2,900,0
2,700,0
2,2200,1
2,1099,0
2,1401,0
2,700,0
2,700,0
2,1400,0
2,800,0
2,799,0
2,1000,0
2,700,0
2,1100,0
2,700,0
2,1400,0
2,1000,0
2,1200,0
2,1401,0
2,2100,1
2,800,0
2,1000,0
2,900,0
2,801,0
2,700,0
2,800,0
2,1100,0
2,600,0
2,1000,0
2,799,0
2,800,0
2,1101,0
2,1000,0
2,1200,0
2,600,0
2,700,0
2,1399,0
2,2901,0
2,1800,0
2,899,0
2,700,0
2,801,0
2,800,0
2,1100,0
2,800,0
2,1200,0
2,1299,0
2,1401,0
2,1100,0
2,800,0
2,800,0
2,1901,1
2,1000,0
2,900,0
2,1000,0
2,1299,0
2,900,0
2,801,0
2,800,0
2,700,0
2,1300,0
2,1200,0
2,799,0
2,800,0
2,700,0
2,1000,0
2,1400,0
2,900,0
2,900,0
2,700,0
2,800,0
2,700,0
2,600,0
2,1100,0
2,700,0
2,600,0
2,1199,0
2,800,0
2,1501,0
2,4699,3
2,1901,1
2,900,0
2,2100,1
2,700,0
2,1499,0
2,6301,0
2,1200,0
2,2501,1
2,1400,0
2,900,0
2,899,0
2,1301,0
2,1100,0
2,900,0
2,1500,0
2,1100,0
2,3000,1
2,1300,0
2,1100,0
2,900,0
2,700,0
2,999,0
2,1201,0
2,1100,0
2,2200,1
2,4900,3
2,800,0
2,4200,2
2,3400,1
2,3400,1
2,1000,0
2,1600,0
2,1100,0
2,1399,0
2,1701,0
2,3400,1
2,4900,2
2,1700,0
2,1100,0
2,1399,0
2,1601,0
2,1300,0
2,3399,1
2,1301,0
2,1100,0
2,1700,0
2,1199,0
2,1701,0
2,1200,0
2,1000,0
2,1899,0
2,900,0
2,1501,0
2,1800,0
2,800,0
2,2099,1
2,801,0
2,700,0
2,700,0
2,700,0
2,2100,1
2,1399,0
2,801,0
2,1000,0
2,700,0
2,800,0
2,800,0
2,700,0
2,1199,0
2,701,0
2,2300,0
2,1000,0
2,800,0
2,899,0
2,1100,0
2,1101,0
2,1300,0
2,700,0
2,2400,1
2,800,0
2,1200,0
2,1100,0
2,900,0
2,700,0
2,1001,0
2,900,0
2,1000,0
2,1200,0
2,1599,0
2,1801,0
2,900,0
2,2200,0
2,1399,0
2,1001,0
2,1000,0
2,1600,0
2,1000,0
2,1399,0
2,1301,0
2,1200,0
2,900,0
2,900,0
2,1399,0
2,1101,0
2,1500,0
2,1300,0
2,1100,0
2,1099,0
2,1201,0
2,1600,0
2,1200,0
2,1500,0
2,1799,0
2,2500,1
2,1800,0
2,699,0
2,2401,1
2,3900,1
2,2700,1
2,1600,0
2,900,0
2,2499,1
2,1001,0
2,1500,0
2,1500,0
2,2499,1
2,1101,0
2,1800,0
2,3800,1
2,2600,1
2,1099,0
2,1101,0
2,2200,0
2,700,0
2,1100,0
2,1399,0
2,701,0
2,10400,0
2,1500,0
2,1699,0
2,1201,0
2,1900,0
2,1200,0
2,1899,0
2,1001,0
2,1000,0
2,1500,0
2,1100,0
2,999,0
2,1701,0
2,1600,0
2,1900,0
2,1199,0
2,1801,0
2,1200,0
2,2899,0
2,1201,0
2,900,0
2,1100,0
2,1200,0
2,1200,0
2,2000,1
2,700,0
2,1200,0
2,1200,0
2,800,0
2,799,0
2,1401,0
2,900,0
2,1200,0
2,1100,0
2,1000,0
2,1099,0
2,1801,1
2,700,0
2,2200,1
2,900,0
2,899,0
2,1100,0
2,1201,0
2,900,0
2,900,0
2,1400,0
2,1100,0
2,800,0
2,2201,1
2,1200,0
2,800,0
2,2399,1
2,900,0
2,800,0
2,700,0
2,600,0
2,600,0
2,1100,0
2,2199,1
2,1300,0
2,1800,1
2,600,0
2,1100,0
2,1200,0
2,1501,0
2,15800,0
2,1200,0
2,1500,0
2,699,0
2,1200,0
2,900,0
2,700,0
2,1000,0
2,800,0
2,900,0
2,799,0
2,1200,0
2,1500,0
2,1400,0
2,800,0
2,900,0
2,1099,0
2,1001,0
2,700,0
2,900,0
2,800,0
2,800,0
2,1200,0
2,799,0
2,1200,0
2,1200,0
2,700,0
2,900,0
2,1100,0
2,799,0
2,700,0
2,1601,0
2,1200,0
2,900,0
2,3799,2
2,901,0
2,2200,1
2,700,0
2,600,0
2,900,0
2,900,0
2,701,0
2,800,0
2,700,0
2,1100,0
2,1100,0
2,3600,2
2,1000,0
2,800,0
2,1300,0
2,1200,0
2,900,0
2,701,0
2,700,0
2,1300,0
2,800,0
2,1100,0
2,1199,0
2,900,0
2,800,0
2,1500,0
2,1500,0
2,800,0
2,1199,0
2,901,0
2,700,0
2,800,0
2,900,0
2,1900,1
2,900,0
2,1101,0
2,700,0
2,900,0
2,8500,0
2,1400,0
2,1200,0
2,1101,0
2,1100,0
2,800,0
2,2100,1
2,1300,0
2,2500,0
2,900,0
2,2699,1
2,3501,2
2,800,0
2,1200,0
2,2499,1
2,1001,0
2,800,0
2,1100,0
2,1200,0
2,1100,0
2,699,0
2,700,0
2,701,0
2,800,0
2,800,0
2,1100,0
2,1800,1
2,899,0
2,1801,1
2,700,0
2,1000,0
2,2200,1
2,1199,0
2,2301,1
2,900,0
2,700,0
2,2299,1
2,1200,0
2,2400,1
2,900,0
2,900,0
2,800,0
2,900,0
2,3501,2
2,900,0
2,800,0
2,899,0
2,1501,0
2,1600,0
2,2100,1
2,700,0
2,599,0
2,800,0
2,1201,0
2,2100,1
2,1000,0
2,800,0
2,799,0
2,700,0
2,700,0
2,1700,0
2,2000,0
2,1300,0
2,4100,1
2,1499,0
2,1701,0
2,1200,0
2,1400,0
2,700,0
2,700,0
2,1200,0
2,999,0
2,1201,0
2,800,0
2,1200,0
2,2200,1
2,1199,0
2,700,0
2,900,0
2,1300,0
2,600,0
2,800,0
2,900,0
2,1199,0
2,1301,0
2,800,0
2,800,0
2,1000,0
2,800,0
2,2700,1
2,1000,0
2,2000,1
2,800,0
2,1099,0
2,1100,0
2,1101,0
2,700,0
2,800,0
2,800,0
2,1200,0
2,3600,0
2,800,0
2,4699,0
2,5300,2
2,1099,0
2,801,0
2,2100,1
2,1200,0
2,700,0
2,999,0
2,800,0
2,1201,0
2,1000,0
2,700,0
2,1000,0
2,1200,0
2,700,0
2,700,0
2,1100,0
2,800,0
2,1200,0
2,1200,0
2,1100,0
2,900,0
2,1101,0
2,1000,0
2,800,0
2,600,0
2,800,0
2,1199,0
2,1500,0
2,1400,0
2,700,0
2,1000,0
2,1300,0
2,2400,1
2,1799,0
2,700,0
2,2101,1
2,700,0
2,900,0
2,1500,0
2,900,0
2,1001,0
2,1000,0
2,2400,0
2,1899,0
2,1301,0
2,1200,0
2,4299,1
2,1601,0
2,2800,1
2,1099,0
2,1300,0
2,1700,0
2,1100,0
2,1300,0
2,2199,1
2,700,0
2,1200,0
2,700,0
2,2100,1
2,2600,1
2,900,0
2,700,0
2,800,0
2,1600,0
2,1700,0
2,3100,1
2,900,0
2,1399,0
2,901,0
2,700,0
2,2500,0
2,2599,0
2,1401,0
2,1100,0
2,1000,0
2,1200,0
2,1500,0
2,1600,0
2,800,0
2,1300,0
2,800,0
2,1400,0
2,900,0
2,1400,0
2,1100,0
2,1899,0
2,1101,0
2,1300,0
2,3000,1
2,999,0
2,1201,0
2,1800,0
2,1900,0
2,1199,0
2,801,0
2,900,0
2,1400,0
2,900,0
2,799,0
2,2101,0
2,2100,0
2,1400,0
2,2399,1
2,1200,0
2,1800,0
2,1000,0
2,900,0
2,900,0
2,1601,0
2,1000,0
2,1500,0
2,2900,1
2,5200,2
2,1200,0
2,1000,0
2,800,0
2,3200,1
2,3101,1
2,1100,0
2,1000,0
2,999,0
2,1301,0
2,1000,0
2,2100,0
2,1000,0
2,1100,0
2,2701,1
2,4199,1
2,1000,0
2,1500,0
2,3100,1
2,1199,0
2,1301,0
2,3400,1
2,1399,0
2,2201,0
2,1200,0
2,1700,0
2,1199,0
2,1401,0
2,5099,2
2,1501,0
2,1800,0
2,1100,0
2,1399,0
2,1601,0
2,2200,0
2,1400,0
2,1099,0
2,3701,1
2,1100,0
2,1400,0
2,1300,0
2,2500,1
2,700,0
2,1000,0
2,999,0
2,2701,1
2,800,0
2,1100,0
2,900,0
2,5200,0
2,1000,0
2,1200,0
2,5199,1
2,1401,0
2,1900,0
2,1900,0
2,1200,0
2,1701,0
2,3100,1
2,999,0
2,1100,0
2,2000,0
2,1900,0
2,2599,0
2,1800,0
2,1600,0
2,3500,1
2,1000,0
2,1100,0
2,1500,0
2,1499,0
2,1501,0
2,5099,2
2,1000,0
2,1300,0
2,1600,0
2,900,0
2,999,0
2,1100,0
2,1600,0
2,1800,0
2,1799,0
2,1401,0
2,2600,0
2,1200,0
2,2199,0
2,2100,0
2,4199,1
2,1701,0
2,1100,0
2,1700,0
2,1899,0
2,1101,0
2,1600,0
2,2000,0
2,3600,1
2,1300,0
2,1100,0
2,1399,0
2,1201,0
2,1100,0
2,1500,0
2,3599,1
2,1400,0
2,2100,0
2,1200,0
2,1200,0
2,2501,0
2,1600,0
2,1399,0
2,3801,1
2,1200,0
2,1100,0
2,1801,0
2,1601,0
2,2000,0
2,1300,0
2,1699,0
2,3200,1
2,1600,0
2,3300,1
2,1100,0
2,1800,0
2,1099,0
2,1301,0
2,3500,1
2,1999,0
2,1101,0
2,1200,0
2,5200,2
2,1200,0
2,1800,0
2,1899,0
2,1801,0
2,1200,0
2,1700,0
2,1000,0
2,2301,0
2,3600,1
2,4000,1
2,1200,0
2,1900,0
2,1199,0
2,4201,1
2,1300,0
2,999,0
2,5701,2
2,1499,0
2,5401,2
2,2300,0
2,1500,0
2,1200,0
2,1400,0
2,1599,0
2,1601,0
2,1600,0
2,1000,0
2,3000,1
2,1500,0
2,2000,0
2,999,0
2,2201,0
2,1900,0
2,1500,0
2,1699,0
2,1700,0
2,1800,0
2,1899,0
2,1301,0
2,900,0
2,1000,0
2,2199,1
2,800,0
2,1001,0
2,1100,0
2,2000,1
2,800,0
2,3000,0
2,800,0
2,1000,0
2,3999,2
2,801,0
2,800,0
2,7800,0
2,1500,0
2,1999,1
2,800,0
2,2001,1
2,900,0
2,2000,1
2,1099,0
2,2201,1
2,900,0
2,2600,1
2,3900,2
2,3600,2
2,800,0
2,1101,0
2,2200,1
2,1100,0
2,800,0
2,1099,0
2,700,0
2,700,0
2,1600,0
2,1400,0
2,1200,0
2,799,0
2,800,0
2,1400,0
2,700,0
2,1000,0
2,1000,0
2,1399,0
2,900,0
2,1401,0
2,1000,0
2,700,0
2,1500,0
2,1200,0
2,1200,0
2,3501,2
2,800,0
2,700,0
2,599,0
2,1100,0
2,1401,0
2,1000,0
2,700,0
2,1300,0
2,700,0
2,2001,1
2,1900,1
2,1400,0
2,1299,0
2,1100,0
2,900,0
2,700,0
2,1100,0
2,1200,0
2,900,0
2,900,0
2,1001,0
2,800,0
2,700,0
2,1200,0
2,800,0
2,800,0
2,1000,0
2,1201,0
2,700,0
2,700,0
2,800,0
2,900,0
2,600,0
2,799,0
2,700,0
2,901,0
2,2200,1
2,900,0
2,1200,0
2,699,0
2,1201,0
2,700,0
2,2400,1
2,1000,0
2,1199,0
2,1401,0
2,700,0
2,1200,0
2,1100,0
2,800,0
2,1500,0
2,999,0
2,1001,0
2,1200,0
2,700,0
2,1000,0
2,900,0
2,999,0
2,2301,1
2,1000,0
2,800,0
2,1200,0
2,1099,0
2,1401,0
2,1000,0
2,700,0
2,700,0
2,800,0
2,1300,0
2,1000,0
2,3001,0
2,1300,0
2,1000,0
2,1399,0
2,801,0
2,600,0
2,1900,1
2,1500,0
2,699,0
2,900,0
2,1101,0
2,700,0
2,1100,0
2,1200,0
2,1100,0
2,1099,0
2,801,0
2,1000,0
2,800,0
2,2100,1
2,600,0
2,699,0
2,800,0
2,800,0
2,800,0
2,800,0
2,700,0
2,1000,0
2,2000,1
2,900,0
2,999,0
2,1100,0
2,901,0
2,2400,1
2,2201,1
2,1200,0
2,2199,1
2,2401,1
2,800,0
2,600,0
2,700,0
2,1100,0
2,1099,0
2,1201,0
2,2500,1
2,800,0
2,2399,1
2,700,0
2,1501,0
2,1400,0
2,900,0
2,4000,2
2,900,0
2,800,0
2,700,0
2,800,0
2,1999,1
2,901,0
2,1100,0
2,2000,1
2,900,0
2,999,0
2,600,0
2,801,0
2,800,0
2,900,0
2,2800,1
2,799,0
2,800,0
2,600,0
2,2200,1
2,1100,0
2,900,0
2,700,0
2,700,0
2,800,0
2,1000,0
2,1400,0
2,2000,1
2,700,0
2,600,0
2,1500,0
2,800,0
2,1200,0
2,1000,0
2,999,0
2,700,0
2,701,0
2,1500,0
2,700,0
2,1200,0
2,700,0
2,899,0
2,1001,0
2,1200,0
2,1200,0
2,1000,0
2,700,0
2,2199,1
2,1200,0
2,700,0
2,700,0
2,900,0
2,1300,0
2,1200,0
2,701,0
2,900,0
2,1100,0
2,1200,0
2,800,0
2,899,0
2,900,0
2,701,0
2,900,0
2,2000,1
2,700,0
2,2099,1
2,1101,0
2,1200,0
2,600,0
2,700,0
2,1400,0
2,1199,0
2,1101,0
2,700,0
2,1200,0
2,700,0
2,900,0
2,2299,1
2,1001,0
2,1100,0
2,700,0
2,1000,0
2,800,0
2,799,0
2,1100,0
2,1101,0
2,900,0
2,1100,0
2,1200,0
2,700,0
2,2100,0
2,900,0
2,1901,1
2,900,0
2,900,0
2,1100,0
2,700,0
2,1199,0
2,1100,0
2,1201,0
2,2300,1
2,800,0
2,700,0
2,699,0
2,1901,1
2,600,0
2,1200,0
2,1100,0
2,700,0
2,699,0
2,1000,0
2,700,0
2,3700,2
2,900,0
2,900,0
2,700,0
2,900,0
2,1200,0
2,900,0
2,1101,0
2,2000,1
2,600,0
2,700,0
2,1000,0
2,899,0
2,1201,0
2,2900,2
2,1200,0
2,1199,0
2,700,0
2,1201,0
2,800,0
2,900,0
2,1100,0
2,900,0
2,999,0
2,1501,0
2,1100,0
2,900,0
2,1400,0
2,1899,1
2,1501,0
2,900,0
2,1200,0
2,1500,0
2,801,0
2,900,0
2,1200,0
2,700,0
2,900,0
2,1199,0
2,1201,0
2,700,0
2,1100,0
2,800,0
2,600,0
2,1499,0
2,2001,1
2,800,0
2,600,0
2,800,0
2,800,0
2,999,0
2,900,0
2,701,0
2,1200,0
2,1100,0
2,900,0
2,1399,0
2,1000,0
2,601,0
2,1800,1
2,700,0
2,1400,0
2,600,0
2,999,0
2,1001,0
2,1100,0
2,900,0
2,900,0
2,700,0
2,1099,0
2,700,0
2,801,0
2,700,0
2,1500,0
2,1000,0
2,1600,0
2,1000,0
2,1401,0
2,900,0
2,1400,0
2,2100,1
2,1200,0
2,1401,0
2,1300,0
2,900,0
2,2499,1
2,700,0
2,1300,0
2,900,0
2,1999,1
2,801,0
2,600,0
2,800,0
2,600,0
2,800,0
2,1000,0
2,799,0
2,1101,0
2,900,0
2,1400,0
2,1100,0
2,700,0
2,3600,2
2,700,0
2,1000,0
2,1000,0
2,1999,0
2,1001,0
2,2000,1
2,2100,1
2,1899,1
2,2301,1
2,1900,1
2,1000,0
2,799,0
2,600,0
2,1201,0
2,1000,0
2,1100,0
2,1000,0
2,700,0
2,799,0
2,800,0
2,1001,0
2,2400,1
2,1000,0
2,2199,1
2,1401,0
2,1200,0
2,1400,0
2,1000,0
2,1799,1
2,1200,0
2,799,0
2,700,0
2,901,0
2,700,0
2,800,0
2,600,0
2,2699,1
2,1300,0
2,1400,0
2,600,0
2,2299,1
2,801,0
2,800,0
2,900,0
2,900,0
2,1000,0
2,1299,0
2,1401,0
2,900,0
2,900,0
2,1500,0
2,1200,0
2,1099,0
2,2600,1
2,800,0
2,1500,0
2,999,0
2,700,0
2,3000,1
2,900,0
2,2499,1
2,2501,1
2,1100,0
2,600,0
2,700,0
2,1199,0
2,1401,0
2,1100,0
2,1100,0
2,800,0
2,1100,0
2,899,0
2,800,0
2,1001,0
2,800,0
2,700,0
2,800,0
2,1500,0
2,1299,0
2,901,0
2,600,0
2,700,0
2,1100,0
2,600,0
2,800,0
2,699,0
2,1101,0
2,2100,1
2,2400,1
2,999,0
2,2601,1
2,2499,1
2,901,0
2,1000,0
2,1800,0
2,1900,1
2,999,0
2,1301,0
2,1900,0
2,900,0
2,1100,0
2,700,0
2,1100,0
2,801,0
2,1100,0
2,900,0
2,2400,1
2,799,0
2,1001,0
2,700,0
2,2000,1
2,800,0
2,700,0
2,700,0
2,1100,0
2,2001,0
2,1000,0
2,800,0
2,1000,0
2,700,0
2,800,0
2,1001,0
2,700,0
2,1400,0
2,800,0
2,1300,0
2,2200,1
2,1200,0
2,2000,1
2,1200,0
2,899,0
2,1401,0
2,900,0
2,900,0
2,2300,1
2,900,0
2,1000,0
2,801,0
2,1200,0
2,1100,0
2,1300,0
2,1200,0
2,1000,0
2,901,0
2,1400,0
2,699,0
2,1100,0
2,1100,0
2,1000,0
2,1100,0
2,900,0
2,1199,0
2,700,0
2,901,0
2,800,0
2,900,0
2,1700,0
2,1000,0
2,800,0
2,901,0
2,700,0
2,800,0
2,1200,0
2,800,0
2,800,0
2,3700,0
2,1200,0
2,1500,0
2,699,0
2,800,0
2,801,0
2,700,0
2,1100,0
2,4700,3
2,1500,0
2,900,0
2,1200,0
2,2399,1
2,701,0
2,1100,0
2,700,0
2,2500,1
2,999,0
2,1100,0
2,700,0
2,1100,0
2,900,0
2,1600,0
2,2099,1
2,1201,0
2,1400,0
2,700,0
2,900,0
2,700,0
2,800,0
2,1001,0
2,700,0
2,1100,0
2,1100,0
2,701,0
2,2000,1
2,1600,0
2,1599,0
2,3501,2
2,1100,0
2,1800,1
2,699,0
2,1201,0
2,700,0
2,700,0
2,1100,0
2,1400,0
2,900,0
2,1200,0
2,701,0
2,1100,0
2,1100,0
2,700,0
2,1000,0
2,1599,0
2,701,0
2,2000,1
2,1200,0
2,900,0
2,1099,0
2,1000,0
2,1101,0
2,1500,0
2,800,0
2,700,0
2,1000,0
2,1100,0
2,901,0
2,1200,0
2,800,0
2,1500,0
2,2699,1
2,901,0
2,800,0
2,800,0
2,700,0
2,700,0
2,1099,0
2,1400,0
2,1400,0
2,800,0
2,800,0
2,1200,0
2,2399,1
2,801,0
2,1600,0
2,2500,1
2,900,0
2,1600,0
2,800,0
2,1401,0
2,1100,0
2,1100,0
2,800,0
2,1899,0
2,1001,0
2,1200,0
2,900,0
2,700,0
2,900,0
2,2399,1
2,901,0
2,1400,0
2,1200,0
2,1100,0
2,2099,1
2,901,0
2,600,0
2,800,0
2,1200,0
2,800,0
2,799,0
2,2401,1
2,800,0
2,900,0
2,800,0
2,1000,0
2,799,0
2,800,0
2,1101,0
2,1000,0
2,800,0
2,1100,0
2,1200,0
2,1099,0
2,2801,1
2,1300,0
2,600,0
2,1100,0
2,1500,0
2,1000,0
2,700,0
2,600,0
2,2700,1
2,799,0
2,3901,0
2,700,0
2,1200,0
2,600,0
2,2201,1
2,899,0
2,700,0
2,701,0
2,1200,0
2,800,0
2,800,0
2,1999,1
2,1000,0
2,701,0
2,1100,0
2,2100,1
2,1000,0
2,1099,0
2,1101,0
2,2200,1
2,700,0
2,700,0
2,900,0
2,999,0
2,800,0
2,1200,0
2,800,0
2,1100,0
2,999,0
2,800,0
2,1201,0
2,700,0
2,900,0
2,1200,0
2,2299,1
2,1101,0
2,1100,0
2,700,0
2,1100,0
2,800,0
2,700,0
2,1000,0
2,801,0
2,800,0
2,700,0
2,1200,0
2,600,0
2,700,0
2,699,0
2,900,0
2,701,0
2,900,0
2,1000,0
2,1200,0
2,1000,0
2,2099,1
2,1200,0
2,1500,0
2,1500,0
2,1000,0
2,1500,0
2,2200,1
2,1099,0
2,1001,0
2,1500,0
2,900,0
2,700,0
2,900,0
2,1099,0
2,1401,0
2,800,0
2,2400,1
2,800,0
2,900,0
2,800,0
2,901,0
2,900,0
2,2400,1
2,3400,2
2,900,0
2,700,0
2,700,0
2,700,0
2,1200,0
2,899,0
2,1201,0
2,700,0
2,3100,1
2,1399,0
2,1501,0
2,1200,0
2,1100,0
2,1900,1
2,800,0
2,800,0
2,901,0
2,1400,0
2,700,0
2,1000,0
2,1200,0
2,1999,1
2,700,0
2,1500,0
2,700,0
2,1000,0
2,1099,0
2,1100,0
2,801,0
2,1200,0
2,700,0
2,800,0
2,700,0
2,799,0
2,900,0
2,900,0
2,800,0
2,2199,1
2,1101,0
2,900,0
2,700,0
2,800,0
2,700,0
2,800,0
2,999,0
2,1101,0
2,2700,1
2,900,0
2,700,0
2,799,0
2,2301,1
2,700,0
2,900,0
2,1000,0
2,900,0
2,799,0
2,800,0
2,4901,0
2,799,0
2,1200,0
2,900,0
2,1500,0
2,1000,0
2,1100,0
2,999,0
2,600,0
2,1501,0
2,2900,1
2,1100,0
2,2101,1
2,2500,1
2,800,0
2,1200,0
2,1099,0
2,2001,1
2,2100,1
2,3099,2
2,701,0
2,1500,0
2,1100,0
2,1100,0
2,700,0
2,1099,0
2,800,0
2,701,0
2,700,0
2,2100,1
2,700,0
2,1300,0
2,2300,1
2,1399,0
2,1101,0
2,1900,1
2,1300,0
2,900,0
2,2199,1
2,701,0
2,700,0
2,1900,1
2,1100,0
2,800,0
2,899,0
2,1401,0
2,700,0
2,2100,1
2,3299,2
2,1501,0
2,1000,0
2,1800,1
2,800,0
2,1199,0
2,701,0
2,900,0
2,1400,0
2,900,0
2,700,0
2,700,0
2,600,0
2,1101,0
2,700,0
2,900,0
2,1300,0
2,900,0
2,1000,0
2,2201,1
2,600,0
2,2500,1
2,2699,1
2,1201,0
2,700,0
2,800,0
2,900,0
2,2499,1
2,700,0
2,901,0
2,1300,0
2,2000,0
2,1000,0
2,1099,0
2,1201,0
2,2100,1
2,1000,0
2,701,0
2,1000,0
2,1200,0
2,1000,0
2,1100,0
2,999,0
2,1001,0
2,700,0
2,700,0
2,1100,0
2,700,0
2,1000,0
2,2100,1
2,600,0
2,800,0
2,1400,0
2,2199,1
2,1501,0
2,700,0
2,700,0
2,700,0
2,1100,0
2,1100,0
2,1099,0
2,1101,0
2,1200,0
2,1000,0
2,2200,1
2,999,0
2,900,0
2,900,0
2,1000,0
2,700,0
2,1100,0
2,1000,0
2,2101,1
2,700,0
2,700,0
2,1100,0
2,1000,0
2,2399,1
2,601,0
2,2200,1
2,900,0
2,2399,1
2,1101,0
2,4500,0
2,1199,0
2,900,0
2,600,0
2,1100,0
2,1900,0
2,1701,0
2,1200,0
2,1500,0
2,1200,0
2,2500,1
2,1100,0
2,1900,1
2,800,0
2,1399,0
2,1301,0
2,2400,1
2,1100,0
2,800,0
2,599,0
2,700,0
2,901,0
2,800,0
2,3900,2
2,1099,0
2,2501,1
2,1000,0
2,900,0
2,800,0
2,1199,0
2,900,0
2,1000,0
2,2200,1
2,1400,0
2,899,0
2,1000,0
2,1101,0
2,700,0
2,1200,0
2,2300,1
2,600,0
2,901,0
2,1200,0
2,1500,0
2,1200,0
2,1999,1
2,1201,0
2,900,0
2,2000,1
2,2299,1
2,2001,1
2,700,0
2,1200,0
2,1000,0
2,999,0
2,2301,1
2,1100,0
2,1600,0
2,2699,1
2,1300,0
2,2800,1
2,900,0
2,600,0
2,900,0
2,1200,0
2,1199,0
2,800,0
2,801,0
2,1100,0
2,900,0
2,1400,0
2,900,0
2,900,0
2,1101,0
2,1000,0
2,700,0
2,1900,0
2,899,0
2,900,0
2,801,0
2,700,0
2,900,0
2,800,0
2,900,0
2,2099,1
2,3001,2
2,1200,0
2,1100,0
2,699,0
2,1000,0
2,901,0
2,1000,0
2,800,0
2,900,0
2,1100,0
2,2600,1
2,900,0
2,700,0
2,1000,0
2,900,0
2,2099,1
2,3801,2
2,900,0
2,700,0
2,599,0
2,2101,1
2,1000,0
2,1200,0
2,800,0
2,900,0
2,799,0
2,900,0
2,601,0
2,1001,0
2,1100,0
2,1200,0
2,1300,0
2,2399,1
2,901,0
2,1100,0
2,1100,0
2,900,0
2,800,0
2,1099,0
2,900,0
2,2501,1
2,1200,0
2,1200,0
2,1099,0
2,900,0
2,900,0
2,2400,1
2,4400,0
2,1100,0
2,1000,0
2,600,0
2,1000,0
2,699,0
2,1100,0
2,600,0
2,1200,0
2,700,0
2,600,0
2,1999,1
2,2101,1
2,1200,0
2,2000,1
2,1200,0
2,900,0
2,3501,2
2,1200,0
2,800,0
2,899,0
2,900,0
2,800,0
2,800,0
2,1000,0
2,3399,2
2,1001,0
2,800,0
2,1000,0
2,700,0
2,800,0
2,700,0
2,899,0
2,3301,2
2,1100,0
2,900,0
2,700,0
2,800,0
2,700,0
2,1000,0
2,1199,0
2,701,0
2,900,0
2,1500,0
2,900,0
2,1000,0
2,799,0
2,1500,0
2,1000,0
2,901,0
2,1100,0
2,1000,0
2,800,0
2,800,0
2,999,0
2,900,0
2,1001,0
2,3800,2
2,899,0
2,900,0
2,601,0
2,800,0
2,800,0
2,1100,0
2,1000,0
2,1099,0
2,1601,0
2,800,0
2,900,0
2,700,0
2,600,0
2,1200,0
2,1999,0
2,1200,0
2,1100,0
2,900,0
2,700,0
2,1099,0
2,900,0
2,601,0
2,1500,0
2,1000,0
2,1600,0
2,699,0
2,600,0
2,801,0
2,800,0
2,800,0
2,700,0
2,900,0
2,1000,0
2,2200,1
2,1900,1
2,700,0
2,1001,0
2,700,0
2,900,0
2,800,0
2,800,0
2,1899,1
2,800,0
2,801,0
2,1200,0
2,1500,0
2,800,0
2,1099,0
2,900,0
2,1001,0
2,800,0
2,800,0
2,800,0
2,900,0
2,800,0
2,1901,1
2,800,0
2,700,0
2,800,0
2,700,0
2,1000,0
2,799,0
2,1200,0
2,800,0
2,1200,0
2,1600,0
2,1600,0
2,800,0
2,801,0
2,600,0
2,1000,0
2,1100,0
2,1000,0
2,700,0
2,1199,0
2,701,0
2,1000,0
2,1100,0
2,1801,0
2,900,0
2,800,0
2,800,0
2,900,0
2,2400,1
2,700,0
2,1100,0
2,1199,0
2,901,0
2,1600,0
2,800,0
2,2200,1
2,1100,0
2,1101,0
2,1100,0
2,800,0
2,1200,0
2,1199,0
2,700,0
2,1201,0
2,1100,0
2,2100,1
2,900,0
2,800,0
2,1001,0
2,1100,0
2,1600,0
2,600,0
2,1100,0
2,1099,0
2,1101,0
2,1100,0
2,600,0
2,900,0
2,900,0
2,1199,0
2,3201,2
2,1500,0
2,1000,0
2,700,0
2,799,0
2,800,0
2,1100,0
2,900,0
2,2000,1
2,700,0
2,599,0
2,1401,0
2,600,0
2,2400,1
2,1300,0
2,799,0
2,700,0
2,1101,0
2,900,0
2,1200,0
2,700,0
2,800,0
2,1099,0
2,1100,0
2,1700,0
2,1000,0
2,901,0
2,3000,1
2,1300,0
2,1099,0
2,900,0
2,1000,0
2,1900,1
2,900,0
2,600,0
2,1299,0
2,801,0
2,700,0
2,900,0
2,1100,0
2,1100,0
2,600,0
2,1099,0
2,1001,0
2,900,0
2,900,0
2,3399,2
2,900,0
2,600,0
2,1400,0
2,1000,0
2,900,0
2,1099,0
2,3301,2
2,600,0
2,1500,0
2,800,0
2,699,0
2,1401,0
2,700,0
2,900,0
2,1200,0
2,1500,0
2,2000,0
2,1800,0
2,2000,0
2,1599,0
2,3201,1
2,1400,0
2,1799,0
2,1801,0
2,1200,0
2,1000,0
2,900,0
2,3400,1
2,1500,0
2,1700,0
2,2200,0
2,1599,0
2,1000,0
2,1900,0
2,1200,0
2,1199,0
2,1401,0
2,1200,0
2,1200,0
2,4700,1
2,1400,0
2,1000,0
2,999,0
2,2101,1
2,1400,0
2,1000,0
2,1699,0
2,1101,0
2,1200,0
2,1000,0
2,1400,0
2,9199,1
2,1001,0
2,1400,0
2,600,0
2,800,0
2,1899,1
2,3601,2
2,900,0
2,800,0
2,900,0
2,699,0
2,1100,0
2,2500,1
2,2000,1
2,2700,1
2,1100,0
2,3100,0
2,1499,0
2,1301,0
2,2000,0
2,1800,0
2,1499,0
2,1401,0
2,1200,0
2,1800,0
2,1999,0
2,901,0
2,3500,1
2,7100,3
2,1599,0
2,1401,0
2,1400,0
2,1299,0
2,1101,0
2,1300,0
2,1400,0
2,1400,0
2,1200,0
2,1301,0
2,1400,0
2,3999,1
2,1800,0
2,1200,0
2,1600,0
2,1100,0
2,1600,0
2,1500,0
2,3299,1
2,3300,1
2,2199,0
2,1901,0
2,1400,0
2,3499,1
2,1501,0
2,800,0
2,800,0
2,800,0
2,2299,0
2,900,0
2,1300,0
2,1000,0
2,600,0
2,1100,0
2,800,0
2,1500,0
2,800,0
2,1300,0
2,1000,0
2,700,0
2,1000,0
2,999,0
2,1201,0
2,1100,0
2,1200,0
2,700,0
2,600,0
2,799,0
2,800,0
2,901,0
2,700,0
2,700,0
2,3499,2
2,1300,0
2,1101,0
2,800,0
2,1101,0
2,900,0
2,1100,0
2,1500,0
2,2199,1
2,1100,0
2,600,0
2,1100,0
2,800,0
2,900,0
2,899,0
2,901,0
2,600,0
2,1000,0
2,600,0
2,1100,0
2,1200,0
2,699,0
2,700,0
2,901,0
2,1000,0
2,2500,1
2,999,0
2,901,0
2,1200,0
2,900,0
2,700,0
2,1100,0
2,1199,0
2,900,0
2,1000,0
2,900,0
2,800,0
2,1100,0
2,1399,0
2,900,0
2,701,0
2,800,0
2,1100,0
2,800,0
2,900,0
2,799,0
2,2801,1
2,600,0
2,1000,0
2,600,0
2,1100,0
2,899,0
2,1201,0
2,900,0
2,6900,0
2,1800,0
2,1200,0
2,900,0
2,899,0
2,800,0
2,801,0
2,1000,0
2,1000,0
2,2100,1
2,1099,0
2,1201,0
2,1000,0
2,700,0
2,600,0
2,1400,0
2,999,0
2,1000,0
2,801,0
2,1100,0
2,800,0
2,1100,0
2,800,0
2,1399,0
2,701,0
2,1300,0
2,700,0
2,1200,0
2,1100,0
2,1499,0
2,901,0
2,1100,0
2,600,0
2,700,0
2,1500,0
2,999,0
2,900,0
2,1001,0
2,800,0
2,2000,1
2,1200,0
2,1199,0
2,1001,0
2,1000,0
2,1200,0
2,2100,1
2,1199,0
2,1201,0
2,2300,1
2,700,0
2,2099,0
2,1201,0
2,800,0
2,700,0
2,900,0
2,1100,0
2,1100,0
2,2499,1
2,700,0
2,901,0
2,700,0
2,900,0
2,900,0
2,600,0
2,900,0
2,799,0
2,900,0
2,2301,1
2,1000,0
2,600,0
2,800,0
2,599,0
2,1000,0
2,2201,1
2,1400,0
2,700,0
2,900,0
2,699,0
2,700,0
2,1501,0
2,1200,0
2,800,0
2,800,0
2,700,0
2,1400,0
2,1401,0
2,1200,0
2,800,0
2,600,0
2,700,0
2,799,0
2,1001,0
2,1000,0
2,1100,0
2,2000,1
2,999,0
2,800,0
2,1101,0
2,600,0
2,1300,0
2,700,0
2,1200,0
2,1499,0
2,1101,0
2,1000,0
2,700,0
2,1300,0
2,1000,0
2,699,0
2,1200,0
2,1000,0
2,800,0
2,999,0
2,1601,0
2,1200,0
2,1700,0
2,700,0
2,1200,0
2,800,0
2,600,0
2,700,0
2,600,0
2,1000,0
2,700,0
2,1100,0
2,1099,0
2,900,0
2,1000,0
2,2400,1
2,1100,0
2,799,0
2,2201,1
2,1100,0
2,1400,0
2,900,0
2,800,0
2,1200,0
2,801,0
2,1200,0
2,7300,1
2,1000,0
2,1400,0
2,1799,0
2,1201,0
2,700,0
2,2200,1
2,700,0
2,2099,1
2,700,0
2,1100,0
2,2400,1
2,1499,0
2,1000,0
2,1000,0
2,1200,0
2,3599,2
2,3301,2
2,2500,1
2,800,0
2,1200,0
2,901,0
2,1200,0
2,1200,0
2,1001,0
2,800,0
2,900,0
2,1600,0
2,1000,0
2,899,0
2,900,0
2,701,0
2,1200,0
2,600,0
2,800,0
2,800,0
2,700,0
2,700,0
2,1101,0
2,3400,1
2,800,0
2,1599,0
2,801,0
2,1000,0
2,2200,1
2,700,0
2,1099,0
2,900,0
2,801,0
2,1200,0
2,900,0
2,900,0
2,600,0
2,800,0
2,1100,0
2,1201,0
2,1100,0
2,2200,1
2,900,0
2,1499,0
2,2001,1
2,800,0
2,800,0
2,700,0
2,900,0
3,4200,2
3,1900,0
3,4100,2
3,1100,0
3,1100,0
3,1000,0
3,3101,1
3,3400,2
3,1300,0
3,1000,0
3,2400,1
3,999,0
3,1101,0
3,2499,1
3,2000,1
3,1100,0
3,2399,1
3,1301,0
3,3500,2
3,999,0
3,2001,1
3,1300,0
3,1499,0
3,1800,0
3,5000,2
3,2100,0
3,3600,2
3,4300,2
3,8600,4
3,1700,0
3,1400,0
3,1599,0
3,1501,0
3,3000,1
3,1500,0
3,6599,3
3,2600,1
3,3099,1
3,1700,0
3,1800,0
3,1599,0
3,3200,1
3,2399,1
3,1401,0
3,1900,0
3,6000,2
3,1700,0
3,1601,0
3,1300,0
3,1600,0
3,1400,0
3,1200,0
3,1500,0
3,4800,2
3,1700,0
3,1499,0
3,1701,0
3,1400,0
3,3199,1
3,3000,1
3,14600,8
3,1899,0
3,1400,0
3,2800,1
3,1800,0
3,1700,0
3,1501,0
3,3500,1
3,11400,6
3,4799,2
3,2900,1
3,1599,0
3,2001,0
3,3799,1
3,4101,1
3,1599,0
3,1601,0
3,1600,0
3,1499,0
3,1301,0
3,18300,7
3,2900,1
3,3100,1
3,3800,1
3,2999,1
3,2201,0
3,1900,0
3,6701,3
3,1601,0
3,6100,3
3,1700,0
3,1400,0
3,1401,0
3,1600,0
3,5600,2
3,1500,0
3,2800,1
3,3000,1
3,1699,0
3,7099,3
3,1700,0
3,2199,0
3,1400,0
3,4199,2
3,2000,0
3,3299,1
3,1401,0
3,1600,0
3,2899,1
3,1400,0
3,1500,0
3,1599,0
3,8800,5
3,1900,0
3,1399,0
3,3100,1
3,1799,0
3,2700,1
3,5100,2
3,1600,0
3,9701,5
3,1600,0
3,1599,0
3,2501,1
3,1100,0
3,1200,0
3,1500,0
3,2100,1
3,2300,1
3,1000,0
3,2300,1
3,4900,4
3,1000,0
3,2100,1
3,899,0
3,2101,1
3,1100,0
3,2999,2
3,1001,0
3,1800,0
3,2500,1
3,3599,2
3,3500,2
3,1400,0
3,1000,0
3,1000,0
3,900,0
3,1100,0
3,900,0
3,900,0
3,1200,0
3,2500,1
3,1299,0
3,3801,3
3,4600,3
3,1100,0
3,2899,2
3,7000,5
3,2001,1
3,3000,1
3,799,0
3,3201,2
3,3101,1
3,5800,5
3,900,0
3,3299,2
3,1100,0
3,1400,0
3,1300,0
3,2701,1
3,3300,2
3,3900,2
3,3000,2
3,3300,2
3,1100,0
3,3199,2
3,1001,0
3,1000,0
3,2300,1
3,2300,1
3,3300,2
3,2699,1
3,900,0
3,3000,1
3,2301,1
3,1200,0
3,1200,0
3,899,0
3,5301,3
3,1899,1
3,1101,0
3,1000,0
3,900,0
3,4100,3
3,1900,1
3,2100,1
3,2001,1
3,1000,0
3,1800,1
3,3500,2
3,800,0
3,3200,2
3,4001,3
3,7300,6
3,1800,1
3,2200,1
3,1000,0
3,900,0
3,1100,0
3,999,0
3,2501,1
3,6000,5
3,2200,1
3,2299,1
3,1001,0
3,1900,1
3,1100,0
3,1099,0
3,3101,2
3,1600,0
3,899,0
3,1001,0
3,2100,1
3,1800,1
3,1701,1
3,4700,4
3,4101,2
3,6600,5
3,1800,1
3,4900,4
3,2600,2
3,900,0
3,1101,0
3,1000,0
3,900,0
3,900,0
3,5001,4
3,1200,0
3,5400,4
3,1701,1
3,900,0
3,3500,2
3,1000,0
3,3300,2
3,1999,1
3,1101,0
3,3300,1
3,800,0
3,1101,0
3,900,0
3,900,0
3,900,0
3,5900,4
3,2899,2
3,1201,0
3,1000,0
3,900,0
3,4000,2
3,8600,6
3,4900,3
3,1100,0
3,800,0
3,1799,1
3,1800,1
3,1300,0
3,800,0
3,7200,4
3,1000,0
3,1001,0
3,12199,10
3,901,0
3,2100,1
3,2000,1
3,5200,3
3,1000,0
3,1000,0
3,3000,2
3,900,0
3,1000,0
3,899,0
3,2101,1
3,1200,0
3,900,0
3,1899,1
3,1901,0
3,1800,1
3,900,0
3,1901,1
3,900,0
3,1100,0
3,1000,0
3,4100,2
3,1400,0
3,1899,1
3,1801,1
3,900,0
3,2900,1
3,900,0
3,800,0
3,800,0
3,2200,1
3,1400,0
3,900,0
3,1900,0
3,1100,0
3,2200,1
3,1800,1
3,900,0
3,2900,2
3,1000,0
3,900,0
3,1000,0
3,3899,2
3,1300,0
3,5300,2
3,4100,3
3,2000,1
3,1800,1
3,5200,1
3,1400,0
3,3099,2
3,4701,3
3,1799,1
3,1801,1
3,1901,1
3,1000,0
3,3699,2
3,1101,0
3,1800,1
3,1200,0
3,900,0
3,900,0
3,1200,0
3,1100,0
3,1000,0
3,999,0
3,6301,6
3,1901,1
3,1100,0
3,900,0
3,900,0
3,799,0
3,1101,0
3,4300,3
3,1000,0
3,1800,1
3,1800,1
3,1099,0
3,1000,0
3,900,0
3,1100,0
3,1000,0
3,900,0
3,1100,0
3,5400,5
3,1200,0
3,2700,2
3,1800,1
3,1700,1
3,900,0
3,2000,1
3,3500,3
3,1300,0
3,1000,0
3,1000,0
3,899,0
3,2801,2
3,1000,0
3,1799,1
3,1801,1
3,1100,0
3,1000,0
3,900,0
3,900,0
3,1700,1
3,1000,0
3,3101,2
3,900,0
3,1000,0
3,1200,0
3,3900,3
3,2199,1
3,2300,1
3,2999,2
3,1201,0
3,1100,0
3,900,0
3,1000,0
3,1599,1
3,1000,0
3,1000,0
3,2999,2
3,1801,1
3,2800,2
3,999,0
3,5701,5
3,2199,1
3,1700,1
3,1000,0
3,10299,1
3,901,0
3,2600,2
3,1000,0
3,899,0
3,901,0
3,9500,5
3,1100,0
3,4400,2
3,2700,1
3,1100,0
3,1300,0
3,5900,5
3,6600,6
3,5200,4
3,3101,2
3,3899,3
3,2801,2
3,1000,0
3,800,0
3,899,0
3,2601,2
3,1900,1
3,1899,1
3,13700,4
3,1101,0
3,900,0
3,900,0
3,900,0
3,1000,0
3,1000,0
3,2099,1
3,900,0
3,2000,1
3,1900,1
3,999,0
3,1101,0
3,1000,0
3,900,0
3,3799,3
3,1300,0
3,1400,0
3,1699,0
3,3001,1
3,2300,1
3,5501,5
3,1799,1
3,1801,1
3,800,0
3,1800,1
3,799,0
3,1001,0
3,1000,0
3,3699,3
3,1701,1
3,3200,2
3,999,0
3,1101,0
3,3900,2
3,1099,0
3,1001,0
3,1000,0
3,1100,0
3,1000,0
3,899,0
3,2101,1
3,1600,0
3,2299,1
3,901,0
3,1100,0
3,1900,1
3,3800,2
3,2300,1
3,1199,0
3,2201,1
3,2100,1
3,1199,0
3,1701,1
3,2200,1
3,1000,0
3,2301,1
3,3100,2
3,6299,5
3,4300,2
3,6000,1
3,1200,0
3,2800,1
3,1200,0
3,6001,4
3,3500,2
3,2300,1
3,2099,1
3,1101,0
3,2700,1
3,1300,0
3,900,0
3,2100,1
3,1800,1
3,899,0
3,3401,2
3,2100,1
3,2099,1
3,1900,1
3,1200,0
3,7400,6
3,2100,1
3,1100,0
3,2900,2
3,7200,5
3,3901,3
3,1300,0
3,4100,2
3,900,0
3,1100,0
3,3100,2
3,1100,0
3,900,0
3,800,0
3,799,0
3,2601,1
3,900,0
3,2099,1
3,1201,0
3,3500,2
3,1199,0
3,4001,3
3,1400,0
3,6100,4
3,4000,3
3,9700,7
3,1000,0
3,4700,3
3,900,0
3,5999,5
3,10601,9
3,7500,5
3,1300,0
3,1099,0
3,1001,0
3,1800,1
3,900,0
3,1099,0
3,1801,1
3,4599,3
3,900,0
3,1200,0
3,1000,0
3,900,0
3,1999,1
3,2200,1
3,1100,0
3,3100,2
3,2100,1
3,900,0
3,2199,1
3,1001,0
3,800,0
3,2301,1
3,1100,0
3,1000,0
3,2099,1
3,901,0
3,2100,1
3,1200,0
3,1899,1
3,2701,2
3,2000,1
3,899,0
3,1101,0
3,2100,1
3,1100,0
3,3500,2
3,900,0
3,900,0
3,900,0
3,1401,0
3,800,0
3,1900,1
3,900,0
3,1000,0
3,2000,1
3,1800,1
3,999,0
3,1000,0
3,5599,5
3,5901,4
3,1200,0
3,3599,3
3,2201,1
3,3900,3
3,4401,3
3,900,0
3,999,0
3,1101,0
3,1000,0
3,1000,0
3,2000,1
3,10101,9
3,2000,1
3,1199,0
3,800,0
3,6099,5
3,1201,0
3,2800,2
3,2899,2
3,1000,0
3,2100,1
3,800,0
3,3001,2
3,900,0
3,1100,0
3,5500,4
3,1000,0
3,4100,3
3,2800,2
3,2800,1
3,1200,0
3,1000,0
3,2899,2
3,4600,3
3,1299,0
3,1301,0
3,1000,0
3,1900,1
3,1099,0
3,1001,0
3,1000,0
3,1900,1
3,3200,2
3,900,0
3,900,0
3,2999,2
3,3200,2
3,900,0
3,799,0
3,8000,4
3,1200,0
3,1000,0
3,1200,0
3,3999,3
3,2001,1
3,1200,0
3,900,0
3,1299,0
3,1001,0
3,1200,0
3,2900,2
3,3301,2
3,1200,0
3,1701,1
3,1000,0
3,900,0
3,1000,0
3,1299,0
3,1701,1
3,1100,0
3,1900,1
3,2100,1
3,1900,1
3,2899,2
3,1900,1
3,900,0
3,1100,0
3,1901,1
3,6200,5
3,3000,2
3,1000,0
3,2301,1
3,1900,1
3,2699,2
3,1001,0
3,900,0
3,1000,0
3,1200,0
3,999,0
3,2901,2
3,1900,1
3,999,0
3,5901,5
3,799,0
3,900,0
3,2400,1
3,3899,3
3,1800,1
3,1000,0
3,5500,5
3,1000,0
3,5100,4
3,900,0
3,1800,1
3,2700,2
3,6100,5
3,1000,0
3,999,0
3,901,0
3,4400,4
3,6601,6
3,1200,0
3,800,0
3,1000,0
3,1800,1
3,3200,2
3,1900,1
3,5000,4
3,2100,1
3,800,0
3,900,0
3,901,0
3,900,0
3,900,0
3,3900,3
3,1200,0
3,2700,2
3,7301,2
3,1100,0
3,3800,3
3,900,0
3,2101,1
3,1100,0
3,4399,3
3,1900,1
3,2900,2
3,2701,2
3,1000,0
3,1000,0
3,1000,0
3,1801,1
3,1900,1
3,1100,0
3,5900,5
3,2999,2
3,900,0
3,900,0
3,900,0
3,900,0
3,3101,2
3,1200,0
3,800,0
3,1799,1
3,6499,5
3,901,0
3,1000,0
3,2201,1
3,900,0
3,9000,8
3,1000,0
3,2701,2
3,1100,0
3,3099,2
3,1001,0
3,1000,0
3,1300,0
3,900,0
3,900,0
3,801,0
3,2100,1
3,1200,0
3,1099,0
3,1101,0
3,1700,1
3,1900,1
3,1100,0
3,1400,0
3,2000,1
3,1199,0
3,3801,2
3,1300,0
3,1299,0
3,1001,0
3,2000,1
3,1000,0
3,800,0
3,1000,0
3,1000,0
3,1900,1
3,4100,3
3,3200,2
3,4000,3
3,1200,0
3,2300,1
3,900,0
3,1800,1
3,3899,3
3,1801,1
3,900,0
3,1100,0
3,2199,1
3,1301,0
3,1000,0
3,2100,1
3,1899,1
3,900,0
3,2200,1
3,1099,0
3,1000,0
3,1100,0
3,1999,1
3,4001,0
3,1200,0
3,2001,1
3,900,0
3,1100,0
3,1000,0
3,999,0
3,1101,0
3,3000,2
3,2099,1
3,2101,1
3,3200,2
3,1000,0
3,1000,0
3,1000,0
3,900,0
3,900,0
3,7201,6
3,4201,3
3,5000,4
3,900,0
3,2099,1
3,1901,1
3,900,0
3,900,0
3,3700,3
3,1800,1
3,4900,4
3,2800,2
3,5900,4
3,900,0
3,2099,1
3,1200,0
3,900,0
3,1000,0
3,2099,1
3,2101,1
3,3200,2
3,1100,0
3,1100,0
3,800,0
3,1900,1
3,899,0
3,2001,1
3,900,0
3,900,0
3,1199,0
3,2101,1
3,2800,2
3,999,0
3,3000,2
3,2800,2
3,1100,0
3,900,0
3,2799,2
3,1101,0
3,5199,4
3,5901,5
3,2201,1
3,800,0
3,1000,0
3,1100,0
3,1000,0
3,3600,2
3,1400,0
3,2101,1
3,800,0
3,900,0
3,4100,4
3,1800,1
3,4700,4
3,900,0
3,4599,4
3,900,0
3,1000,0
3,800,0
3,900,0
3,3800,3
3,4999,1
3,900,0
3,1800,1
3,1899,1
3,901,0
3,1100,0
3,900,0
3,900,0
3,1899,1
3,900,0
3,1800,1
3,2899,2
3,2201,1
3,10200,9
3,1000,0
3,1001,0
3,1000,0
3,1100,0
3,1699,1
3,2101,1
3,1400,0
3,1000,0
3,799,0
3,2801,2
3,2199,1
3,2400,1
3,900,0
3,1000,0
3,3101,2
3,1900,1
3,2699,2
3,3001,2
3,1100,0
3,1099,0
3,1001,0
3,900,0
3,1000,0
3,1300,0
3,899,0
3,1000,0
3,900,0
3,1900,1
3,1000,0
3,10901,9
3,2000,1
3,4300,3
3,2700,2
3,1000,0
3,2901,2
3,800,0
3,900,0
3,1000,0
3,1000,0
3,1200,0
3,1000,0
3,2800,2
3,3900,3
3,799,0
3,900,0
3,900,0
3,1100,0
3,8700,8
3,800,0
3,800,0
3,800,0
3,1000,0
3,800,0
3,900,0
3,900,0
3,801,0
3,2300,1
3,1300,0
3,1200,0
3,800,0
3,2600,2
3,1100,0
3,2001,1
3,1000,0
3,2301,1
3,1300,0
3,1100,0
3,4600,4
3,1100,0
3,1000,0
3,1099,0
3,6300,2
3,3001,2
3,2900,2
3,2801,2
3,900,0
3,800,0
3,1999,1
3,901,0
3,4699,4
3,1201,0
3,1000,0
3,900,0
3,2899,2
3,1701,1
3,1000,0
3,1000,0
3,3900,3
3,1800,1
3,800,0
3,4000,3
3,3200,2
3,4001,3
3,1000,0
3,1099,0
3,1001,0
3,1700,1
3,3599,3
3,901,0
3,1700,1
3,900,0
3,1999,1
3,1001,0
3,900,0
3,6300,5
3,1000,0
3,1000,0
3,2099,1
3,1001,0
3,3700,3
3,999,0
3,4801,4
3,999,0
3,800,0
3,2000,1
3,1000,0
3,2001,1
3,3600,3
3,2801,2
3,1800,1
3,1000,0
3,2301,1
3,1000,0
3,3699,3
3,2901,2
3,2000,1
3,2099,1
3,900,0
3,1200,0
3,4000,3
3,1900,1
3,1000,0
3,1199,0
3,1000,0
3,1200,0
3,2000,1
3,1200,0
3,1801,1
3,900,0
3,4799,4
3,4100,3
3,2799,2
3,4100,3
3,2299,1
3,2300,1
3,4700,4
3,6899,3
3,1700,1
3,800,0
3,900,0
3,1899,1
3,1800,1
3,900,0
3,1000,0
3,899,0
3,2101,1
3,900,0
3,900,0
3,899,0
3,1901,1
3,1900,1
3,900,0
3,999,0
3,1101,0
3,2200,1
3,1000,0
3,3700,3
3,1000,0
3,2801,2
3,3899,3
3,901,0
3,1900,1
3,800,0
3,899,0
3,1100,0
3,1000,0
3,800,0
3,900,0
3,1000,0
3,1000,0
3,5101,4
3,899,0
3,2701,2
3,900,0
3,2899,2
3,1101,0
3,900,0
3,5400,5
3,900,0
3,900,0
3,1100,0
3,4600,4
3,900,0
3,999,0
3,800,0
3,1000,0
3,1100,0
3,2000,1
3,1701,1
3,1200,0
3,900,0
3,1000,0
3,2800,2
3,1800,1
3,1200,0
3,899,0
3,1000,0
3,1800,1
3,800,0
3,800,0
3,899,0
3,1001,0
3,1000,0
3,2000,1
3,1099,0
3,1201,0
3,900,0
3,4899,4
3,901,0
3,2600,2
3,6400,5
3,1300,0
3,1000,0
3,2099,1
3,2501,2
3,800,0
3,2799,2
3,1901,1
3,1000,0
3,2699,2
3,1801,1
3,1000,0
3,900,0
3,7700,4
3,5600,5
3,800,0
3,6200,6
3,900,0
3,899,0
3,901,0
3,3600,3
3,2800,2
3,1200,0
3,800,0
3,1000,0
3,999,0
3,1001,0
3,900,0
3,900,0
3,4800,4
3,2100,1
3,1200,0
3,899,0
3,2001,1
3,1100,0
3,1100,0
3,1099,0
3,2601,2
3,1800,1
3,1099,0
3,900,0
3,900,0
3,1300,0
3,2000,1
3,5801,5
3,2600,2
3,1700,1
3,900,0
3,2999,2
3,800,0
3,2900,2
3,4000,3
3,1700,1
3,1799,1
3,9000,2
3,1100,0
3,900,0
3,1000,0
3,1800,1
3,2799,2
3,2201,1
3,900,0
3,900,0
3,1899,1
3,1700,1
3,900,0
3,1100,0
3,900,0
3,3000,2
3,1000,0
3,4100,3
3,2200,1
3,1699,1
3,1701,1
3,2100,1
3,1000,0
3,899,0
3,2601,2
3,1900,1
3,3800,3
3,1900,1
3,2799,2
3,1901,1
3,4099,3
3,6900,6
3,3801,3
3,900,0
3,2099,1
3,1101,0
3,1000,0
3,900,0
3,2001,1
3,800,0
3,1999,1
3,3101,2
3,1000,0
3,1000,0
3,1299,0
3,2100,1
3,1100,0
3,1199,0
3,1801,1
3,900,0
3,1700,1
3,1799,1
3,801,0
3,1000,0
3,3401,3
3,3200,2
3,2501,1
3,1100,0
3,2899,2
3,1901,1
3,900,0
3,900,0
3,900,0
3,999,0
3,2801,2
3,1000,0
3,1000,0
3,2901,2
3,1900,1
3,1799,1
3,2001,1
3,1100,0
3,1100,0
3,1699,1
3,1001,0
3,5799,5
3,1801,1
3,1700,1
3,800,0
3,2400,1
3,800,0
3,1000,0
3,1999,1
3,1801,1
3,800,0
3,1000,0
3,3600,3
3,2900,2
3,1599,1
3,3201,2
3,1900,1
3,1999,1
3,1100,0
3,1000,0
3,1800,1
3,10900,2
3,9700,9
3,999,0
3,2001,1
3,900,0
3,1700,1
3,999,0
3,3501,3
3,2999,2
3,900,0
3,7500,7
3,2799,2
3,4301,3
3,1000,0
3,900,0
3,901,0
3,1000,0
3,3899,3
3,900,0
3,800,0
3,900,0
3,900,0
3,5901,1
3,900,0
3,2301,1
3,1000,0
3,5400,5
3,2900,2
3,3900,3
3,4100,3
3,2801,2
3,1100,0
3,3399,3
3,801,0
3,800,0
3,1900,1
3,800,0
3,1801,1
3,1100,0
3,900,0
3,1700,1
3,2701,2
3,3100,2
3,999,0
3,2101,1
3,1800,1
3,1899,1
3,1001,0
3,1700,1
3,3199,2
3,901,0
3,1100,0
3,900,0
3,900,0
3,2900,2
3,1000,0
3,1800,1
3,899,0
3,2601,2
3,2000,1
3,1899,1
3,2901,2
3,3499,3
3,1800,1
3,1100,0
3,3001,2
3,1100,0
3,1900,1
3,1000,0
3,901,0
3,1000,0
3,1900,1
3,1799,1
3,1101,0
3,1700,1
3,3599,3
3,900,0
3,3100,2
3,2900,2
3,1000,0
3,2100,1
3,1799,1
3,800,0
3,1600,1
3,1000,0
3,1899,1
3,2100,1
3,900,0
3,2999,2
3,7900,8
3,6299,6
3,1900,1
3,900,0
3,1799,1
3,1001,0
3,1900,1
3,1000,0
3,1899,1
3,1101,0
3,800,0
3,5500,4
3,2500,1
3,900,0
3,4900,4
3,5400,2
3,1000,0
3,999,0
3,2701,2
3,1100,0
3,1000,0
3,1000,0
3,901,0
3,900,0
3,2800,2
3,1100,0
3,2100,1
3,1899,1
3,7200,7
3,1200,0
3,900,0
3,1000,0
3,900,0
3,3701,3
3,1100,0
3,1899,1
3,900,0
3,900,0
3,900,0
3,3599,3
3,801,0
3,1000,0
3,3099,2
3,1100,0
3,1000,0
3,1900,1
3,6900,6
3,900,0
3,999,0
3,901,0
3,1200,0
3,900,0
3,900,0
3,2200,1
3,1700,1
3,1000,0
3,2500,2
3,900,0
3,2500,2
3,899,0
3,3801,3
3,1200,0
3,899,0
3,2001,1
3,1800,1
3,800,0
3,1699,1
3,1001,0
3,1700,1
3,1000,0
3,1099,0
3,1801,1
3,1900,1
3,1600,1
3,1000,0
3,2000,1
3,800,0
3,3499,3
3,1800,1
3,4300,3
3,900,0
3,1999,1
3,901,0
3,1700,1
3,4699,4
3,900,0
3,900,0
3,1900,1
3,900,0
3,800,0
3,1000,0
3,1300,0
3,1099,0
3,7900,4
3,1901,1
3,3799,3
3,4601,4
3,1000,0
3,899,0
3,801,0
3,1700,1
3,1000,0
3,2899,2
3,800,0
3,2800,2
3,899,0
3,1801,1
3,2600,2
3,900,0
3,999,0
3,901,0
3,1800,1
3,900,0
3,1799,1
3,1001,0
3,900,0
3,1800,1
3,4500,4
3,3400,2
3,1101,0
3,2500,2
3,4200,3
3,1700,1
3,900,0
3,2800,2
3,3700,3
3,899,0
3,900,0
3,900,0
3,1000,0
3,2899,2
3,1000,0
3,1799,1
3,1001,0
3,800,0
3,900,0
3,2799,2
3,1101,0
3,900,0
3,1800,1
3,5300,5
3,900,0
3,1999,1
3,2901,2
3,800,0
3,3600,3
3,1000,0
3,1800,1
3,1999,1
3,900,0
3,900,0
3,1000,0
3,999,0
3,900,0
3,900,0
3,1000,0
3,2799,2
3,1901,1
3,900,0
3,3999,3
3,2600,2
3,800,0
3,5700,5
3,2000,1
3,1499,0
3,1000,0
3,2000,1
3,1899,1
3,900,0
3,900,0
3,800,0
3,2599,2
3,900,0
3,1100,0
3,5299,1
3,3000,2
3,900,0
3,2700,2
3,900,0
3,1100,0
3,6000,5
3,800,0
3,1699,1
3,1001,0
3,900,0
3,3000,2
3,900,0
3,900,0
3,1000,0
3,2301,1
3,2000,1
3,3899,3
3,1900,1
3,2100,1
3,2700,2
3,2500,2
3,3700,3
3,3000,2
3,1599,1
3,900,0
3,900,0
3,1900,1
3,3500,3
3,900,0
3,1200,0
3,2000,1
3,1801,1
3,1100,0
3,1900,1
3,999,0
3,1000,0
3,1000,0
3,2400,2
3,7000,6
3,999,0
3,1001,0
3,1800,1
3,1100,0
3,4500,4
3,1000,0
3,2999,2
3,5401,5
3,899,0
3,1101,0
3,1000,0
3,2000,1
3,2800,2
3,2900,2
3,5600,5
3,1700,1
3,3800,3
3,2000,1
3,3600,3
3,2800,2
3,4500,4
3,4500,3
3,900,0
3,2800,2
3,1000,0
3,3101,2
3,900,0
3,1799,1
3,901,0
3,1100,0
3,4900,4
3,900,0
3,4699,1
3,1900,1
3,2100,1
3,1999,1
3,1000,0
3,1000,0
3,11099,11
3,2001,1
3,1800,1
3,1000,0
3,1100,0
3,3201,2
3,1900,1
3,2101,1
3,800,0
3,800,0
3,2000,1
3,7800,8
3,901,0
3,1700,1
3,1200,0
3,1999,1
3,1001,0
3,2100,1
3,3800,3
3,1100,0
3,2000,1
3,1099,0
3,1100,0
3,1700,1
3,1600,1
3,899,0
3,801,0
3,1100,0
3,900,0
3,2599,2
3,901,0
3,1000,0
3,1800,1
3,4400,4
3,5599,5
3,6599,6
3,3501,3
3,1001,0
3,1900,1
3,1000,0
3,5300,4
3,1800,1
3,999,0
3,901,0
3,1100,0
3,900,0
3,2000,1
3,1000,0
3,900,0
3,1900,1
3,1000,0
3,899,0
3,901,0
3,5000,4
3,900,0
3,1101,0
3,4299,4
3,2701,2
3,900,0
3,900,0
3,899,0
3,1000,0
3,4800,4
3,6300,6
3,3700,3
3,2800,2
3,999,0
3,3901,0
3,900,0
3,999,0
3,1001,0
3,1100,0
3,900,0
3,900,0
3,999,0
3,1101,0
3,800,0
3,1700,1
3,1200,0
3,1200,0
3,900,0
3,2600,2
3,1699,1
3,901,0
3,1100,0
3,900,0
3,1800,1
3,1801,1
3,1100,0
3,900,0
3,800,0
3,2000,1
3,3699,3
3,2801,2
3,2500,1
3,900,0
3,900,0
3,3800,3
3,2500,2
3,3000,2
3,1999,1
3,1901,1
3,3799,3
3,2801,2
3,1000,0
3,900,0
3,899,0
3,801,0
3,800,0
3,2000,1
3,900,0
3,999,0
3,2701,1
3,2800,2
3,6001,4
3,999,0
3,1001,0
3,2100,1
3,1000,0
3,2099,1
3,1201,0
3,5499,4
3,900,0
3,1400,0
3,2399,1
3,1201,0
3,5299,4
3,2201,1
3,2200,1
3,1099,0
3,1801,1
3,3800,2
3,3200,2
3,3000,2
3,2900,2
3,5699,4
3,1201,0
3,3600,3
3,3700,2
3,900,0
3,2000,1
3,1801,1
3,3500,3
3,1301,0
3,1100,0
3,2999,2
3,2801,2
3,900,0
3,1000,0
3,3500,0
3,3000,1
3,999,0
3,2001,1
3,2200,1
3,2700,2
3,6199,5
3,1001,0
3,2100,1
3,2699,2
3,801,0
3,800,0
3,1200,0
3,2999,2
3,1100,0
3,2100,1
3,1799,1
3,1801,1
3,1000,0
3,1900,1
3,899,0
3,2301,1
3,1000,0
3,1000,0
3,4000,3
3,1900,1
3,2799,1
3,2000,1
3,1300,0
3,1200,0
3,1100,0
3,3600,2
3,1100,0
3,1000,0
3,2000,1
3,4099,3
3,1001,0
3,2500,1
3,2699,1
3,3101,2
3,900,0
3,1199,0
3,1101,0
3,900,0
3,3500,1
3,1301,0
3,1500,0
3,1200,0
3,2500,1
3,2300,1
3,2501,1
3,1000,0
3,3900,2
3,3800,2
3,1099,0
3,3101,1
3,3499,2
3,1400,0
3,3599,2
3,1601,0
3,1100,0
3,1200,0
3,2600,1
3,3700,2
3,1099,0
3,1601,0
3,2800,1
3,1199,0
3,1400,0
3,1500,0
3,4100,2
3,3600,2
3,1100,0
3,4200,2
3,1199,0
3,5101,3
3,4400,2
3,2600,1
3,1401,0
3,1300,0
3,5700,3
3,1700,0
3,3099,1
3,4100,2
3,5300,0
3,6500,3
3,2799,1
3,1601,0
3,3000,1
3,2400,1
3,2400,1
3,1799,0
3,3301,1
3,2599,1
3,2600,1
3,1200,0
3,1499,0
3,1501,0
3,1400,0
3,2400,1
3,1100,0
3,1500,0
3,1600,0
3,1099,0
3,1101,0
3,1600,0
3,1100,0
3,1499,0
3,1200,0
3,2500,1
3,2600,1
3,1100,0
3,1200,0
3,2599,1
3,1200,0
3,3800,2
3,2701,1
3,1400,0
3,6500,3
3,9599,6
3,1701,0
3,1800,0
3,3500,1
3,1100,0
3,5800,3
3,3400,1
3,1599,0
3,2800,1
3,1200,0
3,3000,1
3,2700,1
3,3000,1
3,1200,0
3,3899,1
3,2600,1
3,1700,0
3,1200,0
3,4900,2
3,3001,1
3,1300,0
3,3099,1
3,1100,0
3,3699,2
3,7000,4
3,4501,2
3,1200,0
3,1301,0
3,1800,0
3,1300,0
3,1100,0
3,999,0
3,1501,0
3,3400,1
3,1100,0
3,4000,2
3,1199,0
3,3601,2
3,1100,0
3,2700,1
3,4000,2
3,1099,0
3,5101,2
3,4000,2
3,5099,2
3,1000,0
3,2600,1
3,1701,0
3,1100,0
3,1300,0
3,4900,2
3,10999,4
3,2701,1
3,1700,0
3,2500,1
3,5499,3
3,1501,0
3,1200,0
3,1100,0
3,1399,0
3,3401,2
3,1400,0
3,2800,1
3,2100,0
3,1300,0
3,2901,1
3,8400,4
3,3399,1
3,3900,2
3,1499,0
3,1201,0
3,1400,0
3,1300,0
3,5700,3
3,3099,1
3,1500,0
3,2900,1
3,1201,0
3,8200,4
3,9500,6
3,2900,1
3,1201,0
3,1300,0
3,1800,0
3,1999,0
3,2700,1
3,1400,0
3,2200,1
3,1200,0
3,2400,1
3,2301,1
3,2400,1
3,2899,1
3,3500,2
3,6400,4
3,1400,0
3,1200,0
3,6199,3
3,2401,1
3,2500,1
3,2701,1
3,2700,1
3,1699,0
3,1100,0
3,2900,1
3,1299,0
3,1901,0
3,1100,0
3,1100,0
3,1100,0
3,2900,1
3,14200,9
3,1399,0
3,1000,0
3,1100,0
3,2999,1
3,2001,0
3,1300,0
3,1200,0
3,1301,0
3,2500,1
3,2299,1
3,1101,0
3,2400,1
3,5400,3
3,1200,0
3,4400,2
3,1500,0
3,1200,0
3,1401,0
3,1200,0
3,1200,0
3,9600,3
3,4500,2
3,2400,1
3,3000,1
3,4400,2
3,1501,0
3,5099,3
3,3301,1
3,1200,0
3,3200,1
3,3100,1
3,2701,1
3,1300,0
3,2099,0
3,3401,1
3,3099,1
3,2201,1
3,6500,3
3,1800,0
3,1200,0
3,8200,5
3,1700,0
3,1200,0
3,2999,1
3,1800,0
3,1200,0
3,3800,2
3,4499,2
3,1101,0
3,5599,3
3,1501,0
3,8400,5
3,2400,1
3,1901,0
3,1100,0
3,3199,1
3,3901,2
3,2699,1
3,6001,3
3,1401,0
3,1300,0
3,1200,0
3,1199,0
3,1501,0
3,2600,1
3,1199,0
3,2901,1
3,3099,2
3,6001,3
3,2901,1
3,3499,2
3,2499,1
3,3501,1
3,10699,6
3,2901,1
3,4500,2
3,1500,0
3,3299,1
3,4101,2
3,4300,2
3,3400,1
3,1401,0
3,1500,0
3,1800,0
3,5900,3
3,1200,0
3,6001,3
3,8000,4
3,3901,2
3,1600,0
3,8699,5
3,1900,0
3,1700,0
3,1601,0
3,7500,1
3,1400,0
3,1400,0
3,5501,2
3,8100,5
3,9300,7
3,3100,1
3,1399,0
3,1201,0
3,1300,0
3,1400,0
3,2800,1
3,1500,0
3,2699,1
3,1201,0
3,2300,1
3,1499,0
3,2501,1
3,4799,2
3,1100,0
3,5099,2
3,1000,0
3,1500,0
3,2499,1
3,3600,2
3,2799,1
3,1700,0
3,3599,2
3,1199,0
3,1601,0
3,1700,0
3,1200,0
3,5101,3
3,3100,1
3,1200,0
3,1300,0
3,1199,0
3,1701,0
3,3900,2
3,1400,0
3,1500,0
3,1100,0
3,2499,1
3,2700,1
3,1300,0
3,7600,5
3,4101,2
3,1500,0
3,2701,1
3,1200,0
3,2299,1
3,1401,0
3,2000,1
3,2199,1
3,2801,1
3,1600,0
3,1099,0
3,3801,1
3,1200,0
3,1499,0
3,2600,1
3,1300,0
3,1300,0
3,3800,2
3,1499,0
3,1200,0
3,3000,1
3,8200,6
3,1401,0
3,1100,0
3,3499,2
3,4900,3
3,1200,0
3,4200,2
3,1099,0
3,1301,0
3,3800,2
3,1499,0
3,1400,0
3,2300,1
3,3499,1
3,1500,0
3,5900,3
3,3201,1
3,1200,0
3,3900,2
3,1200,0
3,2399,1
3,1301,0
3,3100,1
3,1099,0
3,1101,0
3,3200,1
3,2599,1
3,4600,2
3,1400,0
3,1100,0
3,1500,0
3,8499,5
3,2901,1
3,2500,1
3,6900,4
3,1501,0
3,6500,4
3,2200,1
3,1800,1
3,2001,1
3,3600,3
3,999,0
3,1001,0
3,1000,0
3,900,0
3,900,0
3,2900,2
3,2300,1
3,800,0
3,2400,1
3,5599,4
3,3301,2
3,3999,3
3,2100,1
3,1000,0
3,2799,2
3,1701,1
3,1500,0
3,1100,0
3,799,0
3,900,0
3,2000,1
3,3800,3
3,900,0
3,1900,1
3,2100,1
3,899,0
3,1001,0
3,3500,2
3,900,0
3,800,0
3,1100,0
3,800,0
3,1000,0
3,1599,1
3,5201,4
3,1299,0
3,1601,1
3,4500,3
3,800,0
3,1001,0
3,900,0
3,800,0
3,1999,1
3,901,0
3,2000,1
3,2899,2
3,1000,0
3,7400,6
3,5999,5
3,2601,2
3,1800,1
3,2500,1
3,1000,0
3,3401,2
3,900,0
3,3800,3
3,1100,0
3,1000,0
3,1999,1
3,2601,1
3,2900,2
3,1099,0
3,1801,1
3,1200,0
3,4700,3
3,1000,0
3,1000,0
3,3900,3
3,2400,1
3,2099,1
3,1101,0
3,900,0
3,3500,3
3,1100,0
3,3900,3
3,900,0
3,800,0
3,5500,4
3,900,0
3,1000,0
3,2099,1
3,2101,1
3,1900,1
3,899,0
3,1001,0
3,5100,4
3,1100,0
3,1000,0
3,2700,2
3,1599,1
3,2001,1
3,1200,0
3,1000,0
3,2300,1
3,1000,0
3,2200,1
3,5200,4
3,800,0
3,1999,1
3,2801,2
3,900,0
3,2399,1
3,2801,2
3,1600,0
3,1399,0
3,3000,1
3,1000,0
3,999,0
3,4701,3
3,3500,2
3,2600,1
3,9299,7
3,1000,0
3,2500,1
3,899,0
3,1501,0
3,5399,3
3,6099,3
3,5300,3
3,2501,1
3,1600,0
3,1699,0
3,1100,0
3,5299,4
3,2201,1
3,2900,2
3,1099,0
3,3101,2
3,1000,0
3,5000,1
3,4699,4
3,4401,4
3,8300,8
3,999,0
3,1001,0
3,2800,2
3,2699,2
3,1001,0
3,1000,0
3,3000,2
3,999,0
3,1101,0
3,800,0
3,1700,1
3,1200,0
3,999,0
3,2301,1
3,2000,1
3,1100,0
3,899,0
3,1901,1
3,1800,1
3,1800,1
3,999,0
3,1801,1
3,3200,2
3,2099,1
3,1101,0
3,3600,2
3,1000,0
3,1000,0
3,901,0
3,900,0
3,2300,1
3,1899,1
3,6501,6
3,3101,2
3,3800,3
3,2801,2
3,800,0
3,2600,2
3,999,0
3,3401,3
3,3299,2
3,1001,0
3,900,0
3,1100,0
3,900,0
3,1100,0
3,4300,4
3,2301,1
3,2200,1
3,1999,1
3,1000,0
3,2000,1
3,1800,1
3,1699,1
3,1000,0
3,900,0
3,1000,0
3,1899,1
3,1000,0
3,900,0
3,1000,0
3,1900,1
3,1000,0
3,6901,5
3,2200,1
3,1000,0
3,4299,4
3,2201,1
3,900,0
3,3499,3
3,1801,1
3,2700,2
3,7600,4
3,900,0
3,1799,1
3,2900,2
3,2799,2
3,800,0
3,1000,0
3,1900,1
3,1100,0
3,1599,1
3,3401,2
3,1700,1
3,899,0
3,2701,2
3,1800,1
3,3199,2
3,1101,0
3,1700,1
3,3699,3
3,2601,2
3,3799,3
3,2001,1
3,4200,3
3,4001,3
3,1000,0
3,2499,2
3,1101,0
3,1200,0
3,1199,0
3,1200,0
3,4000,3
3,1599,1
3,3601,3
3,2000,1
3,3700,3
3,1900,1
3,1000,0
3,3200,2
3,1000,0
3,12699,12
3,3400,2
3,1000,0
3,899,0
3,4001,3
3,900,0
3,899,0
3,3101,2
3,1100,0
3,900,0
3,900,0
3,900,0
3,2001,1
3,900,0
3,800,0
3,1799,1
3,3101,2
3,3100,2
3,799,0
3,2701,2
3,900,0
3,3599,3
3,1001,0
3,3900,3
3,3000,2
3,6199,6
3,2001,1
3,1700,1
3,2299,1
3,1701,1
3,900,0
3,5099,1
3,900,0
3,2900,2
3,2599,2
3,2300,1
3,1000,0
3,900,0
3,1199,0
3,901,0
3,1300,0
3,799,0
3,1000,0
3,5500,5
3,900,0
3,901,0
3,2000,1
3,1100,0
3,5400,5
3,5300,5
3,1000,0
3,3799,3
3,900,0
3,1101,0
3,1000,0
3,900,0
3,2000,1
3,900,0
3,6300,6
3,900,0
3,3401,3
3,1700,1
3,999,0
3,1901,1
3,1600,1
3,1899,1
3,801,0
3,4500,2
3,1500,0
3,7700,6
3,1800,1
3,900,0
3,1999,1
3,2601,2
3,800,0
3,2000,1
3,1899,1
3,3601,2
3,1800,1
3,2001,1
3,1100,0
3,3000,2
3,899,0
3,1001,0
3,1000,0
3,1100,0
3,1800,1
3,999,0
3,1701,1
3,900,0
3,1700,1
3,1700,1
3,1000,0
3,2200,0
3,1199,0
3,2201,1
3,4100,3
3,3900,3
3,3699,3
3,1000,0
3,2000,1
3,1600,1
3,1100,0
3,4000,3
3,3899,3
3,2701,2
3,800,0
3,14500,10
3,4700,4
3,1100,0
3,1200,0
3,2999,2
3,1001,0
3,1000,0
3,2600,2
3,1000,0
3,3701,3
3,900,0
3,1700,1
3,2800,2
3,1000,0
3,900,0
3,1100,0
3,799,0
3,900,0
3,1001,0
3,2700,2
3,1700,1
3,3501,3
3,2000,1
3,1200,0
3,1001,0
3,1700,1
3,1700,1
3,2099,1
3,1300,0
3,1000,0
3,1000,0
3,800,0
3,1100,0
3,4201,3
3,1000,0
3,8499,2
3,1001,0
3,1100,0
3,5800,5
3,2099,1
3,1000,0
3,2100,1
3,2700,2
3,1099,0
3,1801,1
3,3700,3
3,2701,2
3,900,0
3,900,0
3,1000,0
3,1899,1
3,901,0
3,2000,1
3,1000,0
3,2899,2
3,900,0
3,900,0
3,3599,3
3,900,0
3,1000,0
3,1600,1
3,900,0
3,1699,1
3,800,0
3,900,0
3,2000,1
3,4100,3
3,900,0
3,2600,2
3,2099,1
3,2301,1
3,2100,1
3,900,0
3,1099,0
3,2801,2
3,800,0
3,900,0
3,800,0
3,2901,2
3,900,0
3,1000,0
3,2699,2
3,1300,0
3,1899,1
3,900,0
3,1700,1
3,4099,3
3,1701,1
3,1000,0
3,2699,2
3,1200,0
3,1900,1
3,999,0
3,1701,1
3,1000,0
3,1000,0
3,1800,1
3,1099,0
3,1901,1
3,800,0
3,1000,0
3,1999,1
3,3501,3
3,1000,0
3,900,0
3,899,0
3,3001,2
3,3500,3
3,2001,1
3,2800,2
3,3900,3
3,800,0
3,1000,0
3,1800,1
3,1999,1
3,901,0
3,1000,0
3,900,0
3,900,0
3,900,0
3,1100,0
3,2701,2
3,900,0
3,900,0
3,5400,4
3,900,0
3,1999,1
3,901,0
3,900,0
3,1700,1
3,3299,2
3,901,0
3,2100,1
3,1000,0
3,1799,1
3,2601,2
3,1700,1
3,4200,3
3,900,0
3,1600,1
3,1899,1
3,1901,1
3,6199,5
3,1000,0
3,1100,0
3,1799,1
3,901,0
3,900,0
3,1000,0
3,2000,1
3,1000,0
3,1901,1
3,1600,1
3,900,0
3,799,0
3,3001,2
3,2100,1
3,4400,4
3,3200,2
3,799,0
3,2701,2
3,1700,1
3,800,0
3,1899,1
3,2001,1
3,1299,0
3,1801,1
3,1100,0
3,800,0
3,1999,1
3,2001,1
3,1900,1
3,3299,2
3,3001,2
3,3599,3
3,901,0
3,800,0
3,3700,3
3,2800,2
3,2000,1
3,900,0
3,900,0
3,1901,1
3,900,0
3,800,0
3,1900,1
3,1699,1
3,901,0
3,3000,2
3,2799,2
3,1101,0
3,2900,2
3,1899,1
3,1000,0
3,2900,2
3,3600,3
3,1899,1
3,1701,1
3,2800,2
3,900,0
3,3700,3
3,1100,0
3,2799,2
3,2301,1
3,900,0
3,3599,3
3,2701,2
3,1900,1
3,900,0
3,2800,2
3,6499,6
3,2700,2
3,2799,2
3,1701,1
3,900,0
3,1000,0
3,1700,1
3,900,0
3,1001,0
3,1000,0
3,1000,0
3,4800,3
3,2700,1
3,2099,1
3,1300,0
3,1100,0
3,2999,1
3,2801,1
3,5200,4
3,1200,0
3,1800,1
3,3700,3
3,3700,3
3,800,0
3,1000,0
3,7400,7
3,1801,1
3,2000,1
3,2099,1
3,2200,1
3,2099,1
3,900,0
3,800,0
3,1100,0
3,10699,10
3,6001,4
3,4400,4
3,1101,0
3,900,0
3,1800,1
3,1799,0
3,900,0
3,2700,2
3,900,0
3,900,0
3,1099,0
3,5401,3
3,3500,2
3,1200,0
3,1800,1
3,1999,1
3,1100,0
3,900,0
3,2699,2
3,1100,0
3,1000,0
3,8600,7
3,1100,0
3,1599,1
3,1000,0
3,3801,2
3,1100,0
3,1199,0
3,1701,1
3,900,0
3,1700,1
3,4400,2
3,1000,0
3,1100,0
3,899,0
3,1901,1
3,1900,1
3,2499,1
3,1901,1
3,2100,1
3,8000,7
3,1799,1
3,801,0
3,4600,4
3,2100,0
3,1100,0
3,800,0
3,2999,2
3,900,0
3,901,0
3,1800,0
3,2999,2
3,1801,1
3,800,0
3,7500,6
3,3400,2
3,5699,5
3,1801,0
3,1100,0
3,800,0
3,6100,5
3,4100,2
3,1800,1
3,1000,0
3,2799,2
3,901,0
3,1900,1
3,2201,1
3,2600,2
3,1200,0
3,1500,0
3,2800,1
3,2599,1
3,1401,0
3,2800,1
3,5600,3
3,1300,0
3,1199,0
3,1701,0
3,1200,0
3,5100,3
3,1100,0
3,2800,1
3,6200,3
3,3800,2
3,8000,5
3,2600,1
3,8599,5
3,4301,2
3,1599,0
3,3800,3
3,2799,2
3,3701,3
3,1000,0
3,1999,1
3,3801,3
3,900,0
3,999,0
3,1301,0
3,3600,3
3,899,0
3,1701,1
3,2100,1
3,1000,0
3,3000,2
3,3100,2
3,1200,0
3,2200,1
3,4200,3
3,4399,2
3,7200,5
3,3701,3
3,1900,1
3,999,0
3,1701,1
3,800,0
3,1900,1
3,1000,0
3,900,0
3,2001,1
3,1000,0
3,1000,0
3,900,0
3,1199,0
3,3501,3
3,2000,1
3,3600,3
3,2800,2
3,799,0
3,1901,1
3,800,0
3,900,0
3,3999,3
3,800,0
3,5799,5
3,1901,1
3,2600,2
3,1799,1
3,6700,2
3,1000,0
3,1000,0
3,900,0
3,3499,2
3,5701,5
3,1099,0
3,1301,0
3,1200,0
3,1500,0
3,2699,1
3,1600,0
3,1400,0
3,5700,3
3,2500,1
3,6900,6
3,2399,1
3,800,0
3,800,0
3,900,0
3,800,0
3,4000,3
3,2700,2
3,5499,4
3,1001,0
3,2800,2
3,1000,0
3,3700,3
3,800,0
3,1200,0
3,1000,0
3,1099,0
3,2601,2
3,900,0
3,900,0
3,1200,0
3,1100,0
3,901,0
3,900,0
3,800,0
3,2000,1
3,5001,4
3,2200,1
3,1000,0
3,2001,1
3,2100,1
3,1699,1
3,1101,0
3,1000,0
3,1800,1
3,1000,0
3,899,0
3,800,0
3,2000,1
3,3699,3
3,900,0
3,801,0
3,1900,1
3,4600,4
3,900,0
3,4999,4
3,901,0
3,2900,2
3,800,0
3,1799,1
3,1901,1
3,800,0
3,900,0
3,3600,3
3,800,0
3,900,0
3,2600,2
3,2001,1
3,900,0
3,2099,1
3,3101,2
3,1200,0
3,900,0
3,1699,1
3,901,0
3,800,0
3,11799,8
3,3001,2
3,1900,1
3,900,0
3,1901,1
3,6299,6
3,3900,3
3,899,0
3,2601,2
3,1700,1
3,1100,0
3,1699,1
3,2800,2
3,3799,3
3,2701,2
3,2000,1
3,2099,1
3,1001,0
3,800,0
3,1800,1
3,4500,4
3,1800,1
3,800,0
3,2699,2
3,1100,0
3,900,0
3,900,0
3,6200,5
3,1800,1
3,999,0
3,1200,0
3,1100,0
3,1900,1
3,2799,2
3,1801,1
3,1000,0
3,2999,2
3,2801,2
3,900,0
3,1000,0
3,1999,1
3,900,0
3,4400,4
3,900,0
3,900,0
3,1000,0
3,900,0
3,1000,0
3,3701,3
3,1700,1
3,2999,2
3,7700,7
3,900,0
3,1800,1
3,800,0
3,999,0
3,1601,0
3,4400,2
3,5501,3
3,3500,2
3,900,0
3,800,0
3,1900,1
3,799,0
3,2001,1
3,5799,5
3,7400,7
3,1701,1
3,900,0
3,800,0
3,1799,1
3,901,0
3,3900,0
3,899,0
3,1801,1
3,1100,0
3,3000,2
3,2800,2
3,1000,0
3,1100,0
3,4000,3
3,2400,2
3,1800,1
3,2600,2
3,1000,0
3,2900,2
3,2800,2
3,900,0
3,3200,2
3,4200,3
3,1300,0
3,2399,1
3,8101,6
3,3100,2
3,1000,0
3,799,0
3,1201,0
3,3000,2
3,1000,0
3,1000,0
3,800,0
3,900,0
3,899,0
3,801,0
3,1000,0
3,2100,1
3,800,0
3,899,0
3,900,0
3,800,0
3,1000,0
3,1200,0
3,800,0
3,2800,2
3,1000,0
3,800,0
3,3499,3
3,2801,2
3,900,0
3,800,0
3,7600,7
3,899,0
3,900,0
3,1900,1
3,900,0
3,2399,2
3,2601,2
3,1000,0
3,1800,1
3,1899,1
3,1001,0
3,900,0
3,1000,0
3,900,0
3,899,0
3,901,0
3,1100,0
3,1900,1
3,800,0
3,3100,2
3,1000,0
3,1900,1
3,2900,2
3,900,0
3,1700,1
3,1000,0
3,899,0
3,1901,1
3,1000,0
3,1900,1
3,800,0
3,3199,2
3,801,0
3,7199,7
3,1000,0
3,5099,1
3,6401,6
3,1000,0
3,1001,0
3,900,0
3,1000,0
3,3699,3
3,1700,1
3,6600,6
3,900,0
3,900,0
3,3900,3
3,2600,2
3,1900,1
3,2700,2
3,1000,0
3,900,0
3,2000,1
3,1000,0
3,1701,1
3,4599,4
3,2001,1
3,1900,1
3,3799,3
3,800,0
3,1000,0
3,1900,1
3,2800,2
3,1900,1
3,900,0
3,2899,2
3,901,0
3,900,0
3,3600,3
3,5000,4
3,5300,5
3,3600,3
3,2800,2
3,900,0
3,900,0
3,2799,2
3,1801,1
3,12899,11
3,2701,2
3,1000,0
3,900,0
3,1799,1
3,1201,0
3,1000,0
3,1499,0
3,1201,0
3,900,0
3,1700,1
3,6900,7
3,900,0
3,3800,3
3,1000,0
3,3199,2
3,901,0
3,1100,0
3,1000,0
3,3899,3
3,1901,1
3,1000,0
3,800,0
3,1799,1
3,3801,3
3,5600,5
3,5799,2
3,901,0
3,1800,1
3,900,0
3,4000,3
3,1100,0
3,2800,2
3,2800,2
3,2100,1
3,900,0
3,1200,0
3,999,0
3,2501,2
3,1800,1
3,5700,5
3,1000,0
3,900,0
3,1199,0
3,801,0
3,2700,2
3,1800,1
3,999,0
3,1101,0
3,800,0
3,900,0
3,900,0
3,3600,3
3,6599,6
3,1801,1
3,2900,2
3,4500,4
3,1000,0
3,1300,0
3,1100,0
3,900,0
3,3099,2
3,1901,1
3,2000,1
3,1000,0
3,1999,1
3,901,0
3,6900,7
3,5599,5
3,5001,5
3,900,0
3,999,0
3,1101,0
3,1700,1
3,3000,2
3,2201,1
3,1000,0
3,1600,1
3,1899,1
3,2601,2
3,1800,1
3,1900,1
3,1700,1
3,900,0
3,1200,0
3,2800,2
3,1200,0
3,1701,1
3,1000,0
3,2000,1
3,799,0
3,1801,1
3,1100,0
3,900,0
3,1800,1
3,3501,3
3,11599,0
3,2001,0
3,900,0
3,1000,0
3,1000,0
3,1700,1
3,1800,1
3,1700,1
3,5001,4
3,900,0
3,1801,1
3,1100,0
3,1000,0
3,3399,3
3,1001,0
3,2299,1
3,1101,0
3,1000,0
3,800,0
3,1200,0
3,3099,2
3,800,0
3,3100,2
3,2900,2
3,1100,0
3,1000,0
3,1000,0
3,900,0
3,2900,2
3,900,0
3,1100,0
3,1800,1
3,1801,1
3,2100,1
3,3099,2
3,1001,0
3,2800,2
3,2799,2
3,1701,1
3,3300,2
3,899,0
3,1001,0
3,2400,1
3,1600,0
3,1999,1
3,1801,1
3,4499,4
3,3101,2
3,2000,1
3,900,0
3,4101,3
3,1800,1
3,999,0
3,1601,1
3,1600,1
3,2000,1
3,1799,1
3,1001,0
3,800,0
3,4299,4
3,3001,2
3,2800,2
3,6100,5
3,6500,6
3,1000,0
3,1899,1
3,3801,3
3,1999,1
3,2800,2
3,1200,0
3,3500,3
3,1000,0
3,800,0
3,1600,1
3,899,0
3,1701,1
3,3300,2
3,900,0
3,2701,2
3,900,0
3,800,0
3,1000,0
3,1899,1
3,901,0
3,2100,1
3,1000,0
3,1800,1
3,900,0
3,1000,0
3,3200,2
3,900,0
3,2700,2
3,800,0
3,1200,0
3,1001,0
3,1000,0
3,1000,0
3,1100,0
3,900,0
3,2001,1
3,2900,2
3,1799,1
3,1001,0
3,2900,2
3,900,0
3,999,0
3,1101,0
3,1700,1
3,1100,0
3,800,0
3,1199,0
3,1801,1
3,800,0
3,2000,1
3,4400,4
3,1300,0
3,1100,0
3,1699,1
3,6001,5
3,2100,1
3,900,0
3,900,0
3,2500,2
3,3000,2
3,2699,2
3,1101,0
3,1000,0
3,1000,0
3,1800,1
3,2700,2
3,1800,1
3,3099,2
3,3101,2
3,3700,3
3,2101,1
3,1200,0
3,900,0
3,1100,0
3,1899,1
3,1101,0
3,1800,1
3,4500,4
3,900,0
3,1600,1
3,900,0
3,900,0
3,1700,1
3,4600,4
3,999,0
3,2101,1
3,900,0
3,2100,1
3,1999,1
3,1701,1
3,800,0
3,1000,0
3,1700,1
3,1000,0
3,3801,3
3,1000,0
3,899,0
3,1101,0
3,5699,5
3,1101,0
3,800,0
3,3600,3
3,799,0
3,3101,2
3,1100,0
3,4900,4
3,1999,1
3,1101,0
3,1100,0
3,1999,1
3,1001,0
3,1700,1
3,800,0
3,900,0
3,799,0
3,1000,0
3,1000,0
3,1000,0
3,900,0
3,1800,1
3,800,0
3,1101,0
3,900,0
3,1900,1
3,3200,2
3,1000,0
3,800,0
3,2100,1
3,6800,6
3,2600,2
3,1100,0
3,2800,2
3,1099,0
3,1801,1
3,7200,7
3,3600,3
3,1999,1
3,2901,2
3,2900,2
3,1801,1
3,1100,0
3,1100,0
3,2899,2
3,1301,0
3,900,0
3,1100,0
3,900,0
3,5400,5
3,1000,0
3,1800,1
3,5200,5
3,800,0
3,1799,1
3,1801,1
3,1700,1
3,1100,0
3,1899,1
3,1201,0
3,900,0
3,2200,1
3,2301,1
3,1200,0
3,2999,2
3,1201,0
3,1000,0
3,900,0
3,1999,1
3,1000,0
3,800,0
3,5699,5
3,1701,1
3,11200,11
3,899,0
3,1001,0
3,900,0
3,2800,2
3,800,0
3,900,0
3,1101,0
3,800,0
3,2900,2
3,899,0
3,5701,2
3,800,0
3,3001,1
3,27599,0
3,3401,1
3,700,0
3,3099,2
3,1800,1
3,3899,2
3,701,0
3,4300,2
3,2301,2
3,600,0
3,2000,1
3,1799,1
3,1801,1
3,2500,2
3,4900,5
3,500,0
3,2799,1
3,701,0
3,1600,1
3,800,0
3,1200,0
3,900,0
3,1800,1
3,2100,2
3,899,1
3,3501,1
3,400,0
3,1100,0
3,700,0
3,1500,1
3,3901,4
3,1700,2
3,700,0
3,2001,3
3,800,0
3,500,0
3,1500,1
3,999,0
3,1501,0
3,2500,3
3,801,0
3,300,0
3,700,0
3,1000,1
3,1200,0
3,1499,1
3,801,0
3,2100,1
3,900,0
3,700,0
3,2501,3
3,1900,1
3,700,0
3,1599,2
3,600,0
3,2200,2
3,600,0
3,800,0
3,1499,1
3,800,0
3,1100,0
3,700,0
3,500,0
3,400,0
3,699,0
3,2201,2
3,1400,1
3,500,0
3,700,0
3,1401,1
3,500,0
3,700,0
3,1900,1
3,1399,1
3,701,0
3,5599,7
3,400,0
3,901,1
3,1900,2
3,300,0
3,1100,1
3,700,0
3,1101,0
3,1400,0
3,1400,0
3,799,0
3,700,0
3,5701,5
3,1000,0
3,600,0
3,2300,3
3,400,0
3,799,0
3,800,0
3,1400,1
3,300,0
3,400,0
3,1100,1
3,400,0
3,1699,1
3,1800,1
3,1300,1
3,3199,2
3,2200,1
3,1899,1
3,401,0
3,700,0
3,1000,1
3,1100,1
3,900,1
3,1400,0
3,900,0
3,500,0
3,1000,1
3,3200,3
3,5300,5
3,1901,1
3,2500,2
3,700,0
3,1699,1
3,3101,3
3,1600,1
3,2300,2
3,700,0
3,900,0
3,1700,2
3,700,0
3,400,0
3,600,0
3,1501,2
3,2600,4
3,600,0
3,3201,3
3,600,0
3,1300,1
3,400,0
3,400,0
3,999,1
3,400,0
3,800,0
3,3000,4
3,700,0
3,800,1
3,401,0
3,500,0
3,2600,1
3,1299,1
3,2301,2
3,1400,1
3,2300,2
3,400,0
3,3701,3
3,400,0
3,5600,8
3,500,0
3,1899,2
3,5101,5
3,3700,3
3,2400,1
3,4100,2
3,1400,1
3,2100,2
3,1400,1
3,3600,4
3,1899,1
3,2501,3
3,1200,1
3,500,0
3,1401,0
3,1700,1
3,400,0
3,1000,1
3,1599,1
3,2301,2
3,500,0
3,1600,2
3,599,0
3,2801,3
3,1800,1
3,1200,1
3,700,0
3,300,0
3,2600,2
3,2699,3
3,500,0
3,901,0
3,400,0
3,600,0
3,700,0
3,1100,0
3,2799,2
3,2101,2
3,1300,1
3,3700,4
3,1300,1
3,600,0
3,1200,1
3,600,0
3,500,0
3,600,0
3,2200,2
3,1100,0
3,1499,1
3,1101,1
3,600,0
3,3000,3
3,6100,6
3,3600,4
3,1000,0
3,900,0
3,300,0
3,300,0
3,2600,2
3,400,0
3,600,0
3,700,0
3,400,0
3,999,1
3,2801,3
3,200,0
3,700,1
3,300,0
3,300,0
3,1799,2
3,200,0
3,601,0
3,300,0
3,300,0
3,1500,2
3,1400,2
3,699,1
3,200,0
3,600,0
3,400,0
3,700,1
3,500,0
3,300,0
3,700,1
3,1199,1
3,300,0
3,901,1
3,1000,1
3,500,0
3,1401,1
3,2400,4
3,500,0
3,300,0
3,499,0
3,500,0
3,1501,2
3,900,1
3,900,2
3,1600,3
3,1399,1
3,500,0
3,400,0
3,1100,1
3,4900,5
3,1000,1
3,500,0
3,800,0
3,400,0
3,1500,1
3,1100,1
3,1000,1
3,300,0
3,700,1
3,9199,4
3,501,0
3,2100,2
3,1300,2
3,1200,2
3,399,0
3,700,1
3,501,0
3,400,0
3,800,1
3,400,0
3,1300,2
3,800,1
3,1499,2
3,200,0
3,2100,2
3,400,0
3,1400,1
3,800,0
3,7100,1
3,601,0
3,2200,3
3,1400,1
3,599,0
3,701,0
3,400,0
3,1300,1
3,1900,1
3,600,0
3,3801,3
3,500,0
3,1200,1
3,500,0
3,3801,4
3,5000,4
3,2200,3
3,300,0
3,500,0
3,3001,3
3,500,0
3,500,0
3,400,0
3,1300,1
3,800,1
3,300,0
3,800,0
3,2000,2
3,900,1
3,300,0
3,2500,2
3,300,0
3,600,0
3,1000,1
3,2499,2
3,300,0
3,400,0
3,3400,5
3,900,0
3,1300,1
3,300,0
3,900,1
3,1000,1
3,900,1
3,3000,3
3,400,0
3,300,0
3,700,1
3,3299,4
3,500,0
3,900,0
3,400,0
3,1000,1
3,1399,1
3,900,1
3,2600,3
3,900,0
3,800,0
3,1099,1
3,601,0
3,2300,2
3,500,0
3,400,0
3,1599,2
3,1001,1
3,1200,1
3,900,1
3,400,0
3,801,0
3,300,0
3,1300,1
3,3099,4
3,500,0
3,600,0
3,1700,3
3,1100,2
3,999,2
3,300,0
3,901,1
3,600,1
3,400,0
3,300,0
3,1300,2
3,500,1
3,1099,3
3,701,1
3,1000,1
3,200,0
3,300,0
3,400,0
3,400,0
3,1200,2
3,299,0
3,300,0
3,200,0
3,601,1
3,2200,3
3,800,0
3,7800,3
3,500,0
3,299,0
3,1100,1
3,2300,4
3,600,1
3,2100,6
3,1100,2
3,301,0
3,1700,4
3,500,0
3,1000,1
3,400,0
3,599,1
3,1100,1
3,400,0
3,700,1
3,500,0
3,200,0
3,200,0
3,300,0
3,300,0
3,1599,2
3,1000,1
3,600,0
3,1299,2
3,300,0
3,900,1
3,400,0
3,300,0
3,800,0
3,200,0
3,500,0
3,600,1
3,1399,1
3,1601,3
3,900,1
3,700,0
3,800,1
3,600,0
3,300,0
3,801,1
3,500,0
3,1000,1
3,500,0
3,800,0
3,1000,1
3,200,0
3,900,1
3,700,0
3,1000,1
3,600,1
3,3499,8
3,1301,2
3,1700,3
3,700,1
3,700,1
3,1499,2
3,1601,3
3,2900,5
3,200,0
3,900,1
3,1000,1
3,400,0
3,1900,2
3,700,1
3,800,0
3,500,0
3,699,0
3,1701,2
3,1300,3
3,300,0
3,1300,3
3,1400,2
3,1901,2
3,400,0
3,500,0
3,2299,2
3,1700,1
3,700,0
3,800,0
3,2099,3
3,1201,2
3,400,0
3,1000,1
3,1400,3
3,2500,3
3,300,0
3,600,0
3,300,0
3,500,0
3,1400,2
3,500,1
3,5600,1
3,1100,0
3,800,0
3,701,0
3,1900,2
3,900,1
3,400,0
3,500,0
3,2401,2
3,2700,2
3,399,0
3,800,0
3,300,0
3,800,0
3,1499,3
3,2201,2
3,500,0
3,700,0
3,1300,2
3,499,0
3,600,0
3,1700,2
3,300,0
3,1100,1
3,1300,1
3,1000,0
3,1200,2
3,400,0
3,1400,2
3,2199,2
3,3201,4
3,2500,3
3,1200,1
3,400,0
3,1300,1
3,2100,2
3,1099,1
3,500,0
3,1100,1
3,900,0
3,600,0
3,400,0
3,400,0
3,1000,0
3,1400,1
3,600,0
3,600,0
3,400,0
3,3301,4
3,800,1
3,2799,2
3,2800,4
3,2899,3
3,2201,2
3,2000,2
3,400,0
3,500,0
3,2201,2
3,500,0
3,2200,2
3,1399,1
3,600,0
3,2800,2
3,1700,2
3,599,0
3,400,0
3,601,0
3,1000,1
3,600,0
3,400,0
3,700,0
3,1799,2
3,1500,1
3,400,0
3,1200,0
3,1199,1
3,1101,1
3,900,0
3,500,0
3,3499,4
3,800,0
3,800,0
3,2699,2
3,600,0
3,600,0
3,1200,1
3,900,0
3,1100,1
3,700,0
3,1001,1
3,600,0
3,700,0
3,800,0
3,700,0
3,899,1
3,3801,4
3,1800,1
3,1299,1
3,801,0
3,400,0
3,6800,0
3,2500,3
3,1699,2
3,5100,9
3,1000,0
3,500,0
3,1400,2
3,2100,2
3,599,0
3,400,0
3,601,0
3,400,0
3,600,0
3,1300,1
3,1000,0
3,1100,1
3,701,1
3,800,1
3,1400,1
3,400,0
3,1299,2
3,1901,2
3,2000,1
3,1000,0
3,2500,3
3,400,0
3,1600,1
3,900,0
3,3100,4
3,700,0
3,900,0
3,400,0
3,1599,1
3,3701,4
3,500,0
3,3299,4
3,5000,6
3,400,0
3,500,0
3,3800,4
3,1299,1
3,601,0
3,500,0
3,400,0
3,1000,1
3,2599,3
3,499,0
3,2501,3
3,800,0
3,500,0
3,1399,2
3,300,0
3,500,0
3,3200,3
3,800,0
3,1801,2
3,700,0
3,600,0
3,1500,1
3,1099,1
3,500,0
3,601,0
3,700,0
3,500,0
3,500,0
3,700,0
3,1599,2
3,2001,1
3,2300,2
3,500,0
3,599,0
3,800,0
3,400,0
3,500,0
3,300,0
3,600,0
3,1500,1
3,1500,1
3,700,0
3,700,0
3,400,0
3,600,0
3,1999,2
3,901,0
3,1400,1
3,3699,5
3,1601,1
3,400,0
3,500,0
3,3999,4
3,400,0
3,400,0
3,3400,4
3,1500,1
3,1400,2
3,6900,2
3,400,0
3,500,0
3,600,0
3,500,0
3,600,0
3,800,0
3,699,0
3,400,0
3,600,0
3,3400,3
3,700,0
3,1201,1
3,5599,7
3,1400,1
3,400,0
3,600,0
3,500,0
3,3500,4
3,1100,1
3,500,0
3,900,0
3,1099,1
3,1200,1
3,2300,3
3,400,0
3,1700,2
3,800,0
3,801,1
3,1000,1
3,1000,1
3,400,0
3,400,0
3,1999,2
3,800,0
3,1000,1
3,1300,2
3,500,0
3,499,0
3,700,1
3,1201,1
3,500,0
3,1500,2
3,600,0
3,1899,3
3,1101,1
3,1800,2
3,400,0
3,400,0
3,1299,1
3,801,0
3,4000,5
3,3600,4
3,1600,1
3,700,0
3,599,0
3,2901,4
3,1000,1
3,900,1
3,1199,1
3,4100,4
3,600,0
3,700,0
3,400,0
3,400,0
3,1300,2
3,1000,0
3,600,0
3,1100,0
3,1100,0
3,1699,2
3,1800,2
3,1000,0
3,1399,1
3,601,0
3,600,0
3,5399,6
3,500,0
3,500,0
3,500,0
3,500,0
3,2299,3
3,1101,2
3,600,1
3,300,0
3,400,0
3,600,1
3,1000,1
3,600,1
3,299,0
3,700,1
3,701,1
3,300,0
3,1500,2
3,1200,1
3,500,0
3,900,1
3,500,0
3,4801,0
3,400,0
3,899,1
3,600,1
3,601,1
3,500,0
3,400,0
3,1000,2
3,300,0
3,1900,2
3,900,2
3,501,0
3,400,0
3,500,0
3,1400,2
3,800,1
3,700,1
3,1600,3
3,700,1
3,1799,3
3,200,0
3,501,1
3,200,0
3,300,0
3,400,0
3,300,0
3,500,0
3,300,0
3,2299,5
3,901,2
3,400,0
3,600,0
3,5200,5
3,1200,1
3,600,0
3,14000,5
3,1100,1
3,800,1
3,601,0
3,1900,2
3,1100,1
3,400,0
3,1599,2
3,1101,1
3,1600,1
3,1200,1
3,800,0
3,400,0
3,601,0
3,1800,2
3,700,0
3,800,0
3,799,0
3,1301,1
3,700,0
3,1400,1
3,1899,2
3,1800,2
3,3299,3
3,300,0
3,401,0
3,300,0
3,600,0
3,800,1
3,500,0
3,3600,5
3,600,0
3,600,0
3,500,0
3,400,0
3,300,0
3,999,1
3,3401,5
3,1300,1
3,300,0
3,700,0
3,1401,1
3,1900,2
3,1500,2
3,399,0
3,500,0
3,601,1
3,200,0
3,400,0
3,700,1
3,500,1
3,2000,3
3,999,2
3,1101,2
3,1500,2
3,700,1
3,400,0
3,400,0
3,600,1
3,300,0
3,1800,3
3,800,1
3,1000,1
3,2199,3
3,2400,2
3,400,0
3,300,0
3,1799,3
3,1000,2
3,501,0
3,200,0
3,2100,3
3,1100,1
3,300,0
3,200,0
3,300,0
3,1599,2
3,501,0
3,300,0
3,800,1
3,3000,7
3,1399,2
3,200,0
3,501,0
3,700,1
3,300,0
3,300,0
3,300,0
3,400,0
3,300,0
3,300,0
3,500,0
3,900,1
3,1000,0
3,1399,1
3,401,0
3,300,0
3,300,0
3,1200,2
3,900,1
3,400,0
3,500,0
3,400,0
3,199,0
3,500,0
3,400,0
3,601,1
3,400,0
3,1400,3
3,1200,2
3,300,0
3,1499,3
3,800,1
3,501,0
3,2400,5
3,1600,2
3,600,0
3,300,0
3,499,0
3,1000,1
3,3401,6
3,2299,2
3,600,0
3,1401,2
3,500,0
3,700,0
3,2000,2
3,1699,2
3,701,0
3,200,0
3,600,1
3,200,0
3,300,0
3,200,0
3,300,0
3,2599,6
3,200,0
3,701,1
3,1500,3
3,400,0
3,800,1
3,1200,1
3,800,1
3,399,0
3,300,0
3,500,0
3,2099,3
3,701,1
3,200,0
3,900,1
3,500,0
3,1000,1
3,1600,3
3,799,1
3,600,0
3,1001,2
3,1500,2
3,6700,5
3,1800,3
3,1000,2
3,300,0
3,799,1
3,700,1
3,1501,3
3,1100,2
3,1100,2
3,200,0
3,300,0
3,300,0
3,500,0
3,399,0
3,400,0
3,300,0
3,1401,2
3,2200,5
3,400,0
3,900,1
3,1499,2
3,400,0
3,800,1
3,400,0
3,200,0
3,700,1
3,1900,2
3,400,0
3,399,0
3,400,0
3,200,0
3,1401,3
3,200,0
3,700,1
3,600,1
3,2000,4
3,699,1
3,500,1
3,400,0
3,1001,2
3,200,0
3,1100,2
3,1300,2
3,601,0
3,200,0
3,600,1
3,500,1
3,300,0
3,500,0
3,1400,2
3,400,0
3,600,1
3,300,0
3,1501,2
3,600,0
3,700,1
3,1600,3
3,600,0
3,1199,2
3,600,0
3,600,1
3,600,1
3,1100,2
3,1400,3
3,700,1
3,400,0
3,500,1
3,800,1
3,600,1
3,300,0
3,1300,2
3,200,0
3,300,0
3,300,0
3,200,0
3,1100,2
3,699,1
3,300,0
3,200,0
3,1001,1
3,1700,3
3,500,0
3,900,1
3,200,0
3,1099,2
3,700,1
3,300,0
3,901,1
3,400,0
3,700,1
3,300,0
3,400,0
3,300,0
3,300,0
3,300,0
3,200,0
3,200,0
3,300,0
3,1500,2
3,1000,1
3,200,0
3,501,0
3,400,0
3,800,1
3,600,0
3,2999,4
3,600,0
3,300,0
3,1200,1
3,1100,1
3,1000,0
3,999,1
3,1100,1
3,900,1
3,2200,4
3,1400,3
3,1599,3
3,300,0
3,1200,2
3,1200,3
3,300,0
3,1100,2
3,300,0
3,3100,5
3,3500,6
3,1100,3
3,699,1
3,400,0
3,801,1
3,200,0
3,1700,3
3,700,1
3,400,0
3,500,0
3,400,0
3,1299,2
3,801,1
3,1100,1
3,500,1
3,200,0
3,600,1
3,200,0
3,400,0
3,800,1
3,799,1
3,900,1
3,2301,6
3,500,0
3,600,1
3,600,1
3,300,0
3,1000,2
3,800,1
3,400,0
3,200,0
3,1000,2
3,600,1
3,499,0
3,400,0
3,1701,3
3,1200,2
3,200,0
3,500,0
3,200,0
3,1999,3
3,600,1
3,200,0
3,401,0
3,900,1
3,200,0
3,400,0
3,300,0
3,300,0
3,700,1
3,400,0
3,700,1
3,399,0
3,700,0
3,700,1
3,300,0
3,2600,6
3,500,0
3,400,0
3,900,1
3,699,1
3,200,0
3,701,1
3,2900,8
3,200,0
3,500,0
3,300,0
3,1899,4
3,300,0
3,200,0
3,1800,3
3,699,1
3,400,0
3,300,0
3,301,0
3,1900,2
3,1100,1
3,700,1
3,200,0
3,500,0
3,799,1
3,1601,2
3,800,2
3,2200,5
3,400,0
3,400,0
3,401,0
3,1100,2
3,900,2
3,400,0
3,400,0
3,2099,4
3,200,0
3,1001,2
3,600,1
3,300,0
3,500,0
3,1700,4
3,300,0
3,600,1
3,600,1
3,200,0
3,2301,4
3,300,0
3,800,1
3,400,0
3,300,0
3,1000,1
3,300,0
3,1499,2
3,901,1
3,1900,3
3,1300,2
3,1000,1
3,900,1
3,500,0
3,1301,2
3,300,0
3,500,0
3,600,1
3,400,0
3,300,0
3,300,0
3,300,0
3,700,1
3,500,1
3,299,0
3,1100,2
3,300,0
3,1000,1
3,400,0
3,1000,1
3,300,0
3,400,0
3,900,1
3,2199,4
3,300,0
3,500,0
3,500,0
3,2700,5
3,2601,5
3,3899,10
3,300,0
3,801,1
3,1300,2
3,200,0
3,400,0
3,400,0
3,300,0
3,600,1
3,400,0
3,200,0
3,299,0
3,500,0
3,700,1
3,300,0
3,300,0
3,900,1
3,400,0
3,1100,2
3,300,0
3,1200,2
3,1200,2
3,601,0
3,400,0
3,4500,2
3,799,1
3,400,0
3,501,1
3,200,0
3,300,0
3,500,0
3,300,0
3,600,1
3,300,0
3,600,1
3,300,0
3,400,0
3,400,0
3,1699,3
3,201,0
3,1600,4
3,200,0
3,500,0
3,600,1
3,300,0
3,300,0
3,1099,3
3,800,1
3,200,0
3,301,0
3,1100,2
3,300,0
3,400,0
3,1500,2
3,900,2
3,1600,3
3,500,0
3,1700,3
3,300,0
3,999,2
3,700,1
3,901,2
3,2000,4
3,400,0
3,600,1
3,600,1
3,300,0
3,200,0
3,1799,4
3,701,1
3,300,0
3,900,2
3,1400,3
3,900,2
3,500,0
3,1899,4
3,2001,4
3,700,1
3,400,0
3,300,0
3,300,0
3,1000,3
3,799,1
3,1801,3
3,300,0
3,800,1
3,200,0
3,500,1
3,1100,2
3,400,0
3,2300,4
3,1700,3
3,200,0
3,2500,5
3,300,0
3,699,1
3,300,0
3,701,1
3,300,0
3,800,2
3,2500,6
3,200,0
3,1099,2
3,800,1
3,601,0
3,300,0
3,800,1
3,400,0
3,400,0
3,1100,2
3,500,0
3,300,0
3,1700,3
3,400,0
3,1699,3
3,500,1
3,400,0
3,500,0
3,1400,3
3,600,0
3,1299,3
3,300,0
3,201,0
3,600,1
3,800,1
3,300,0
3,1100,2
3,800,2
3,200,0
3,300,0
3,900,1
3,300,0
3,1301,2
3,300,0
3,400,0
3,1100,2
3,200,0
3,600,1
3,1199,1
3,900,1
3,300,0
3,1900,3
3,1000,1
3,900,1
3,1399,1
3,601,0
3,400,0
3,400,0
3,1700,1
3,800,0
3,400,0
3,600,0
3,3500,3
3,1499,3
3,401,0
3,300,0
3,200,0
3,500,1
3,800,1
3,1300,3
3,300,0
3,400,0
3,899,1
3,300,0
3,300,0
3,700,0
3,600,0
3,200,0
3,799,1
3,700,1
3,200,0
3,301,0
3,700,1
3,200,0
3,300,0
3,1200,1
3,300,0
3,1999,4
3,400,0
3,1301,2
3,400,0
3,2100,5
3,400,0
3,600,1
3,899,2
3,2201,4
3,300,0
3,300,0
3,300,0
3,200,0
3,600,0
3,1000,2
3,300,0
3,200,0
3,200,0
3,1600,3
3,301,0
3,500,0
3,400,0
3,600,1
3,500,0
3,400,0
3,300,0
3,400,0
3,600,1
3,699,1
3,600,1
3,400,0
3,901,1
3,800,1
3,2100,4
3,1200,2
3,299,0
3,400,0
3,800,1
3,1500,3
3,2300,3
3,3800,1
3,1200,3
3,300,0
3,300,0
3,700,1
3,299,0
3,700,1
3,200,0
3,301,0
3,1500,3
3,300,0
3,1100,3
3,1000,1
3,300,0
3,200,0
3,1099,2
3,500,1
3,200,0
3,300,0
3,2400,5
3,300,0
3,600,1
3,300,0
3,400,0
3,500,0
3,500,0
3,400,0
3,400,0
3,300,0
3,200,0
3,200,0
3,200,0
3,1000,1
3,400,0
3,1000,2
3,300,0
3,499,1
3,600,0
3,300,0
3,601,1
3,1400,3
3,700,1
3,800,1
3,200,0
3,400,0
3,200,0
3,300,0
3,1199,2
3,501,0
3,200,0
3,700,1
3,200,0
3,1000,2
3,1300,3
3,1899,4
3,400,0
3,200,0
3,301,0
3,1000,2
3,500,0
3,300,0
3,600,1
3,400,0
3,1500,3
3,401,0
3,200,0
3,600,1
3,800,2
3,200,0
3,1100,2
3,800,2
3,1299,2
3,200,0
3,200,0
3,300,0
3,600,1
3,1000,1
3,300,0
3,600,1
3,200,0
3,300,0
3,400,0
3,400,0
3,699,1
3,200,0
3,600,1
3,1500,3
3,300,0
3,300,0
3,200,0
3,400,0
3,400,0
3,600,0
3,500,0
3,300,0
3,2101,4
3,800,1
3,1200,2
3,1100,2
3,200,0
3,1599,3
3,1801,4
3,400,0
3,3200,0
3,1099,2
3,800,1
3,300,0
3,800,1
3,300,0
3,700,1
3,300,0
3,600,1
3,1400,3
3,2099,5
3,1700,3
3,200,0
3,300,0
3,900,1
3,200,0
3,600,1
3,300,0
3,201,0
3,1400,3
3,400,0
3,700,1
3,1900,3
3,200,0
3,299,0
3,1501,2
3,200,0
3,800,1
3,300,0
3,300,0
3,1600,4
3,200,0
3,400,0
3,500,0
3,399,0
3,200,0
3,600,1
3,501,0
3,300,0
3,2200,4
3,400,0
3,1200,2
3,200,0
3,1499,3
3,501,0
3,1300,3
3,300,0
3,400,0
3,2300,4
3,400,0
3,399,0
3,300,0
3,300,0
3,400,0
3,2300,5
3,500,0
3,500,0
3,300,0
3,1400,2
3,2201,4
3,200,0
3,300,0
3,400,0
3,800,1
3,1000,1
3,400,0
3,500,0
3,1001,2
3,1100,2
3,700,1
3,500,0
3,1400,4
3,1699,2
3,201,0
3,1200,2
3,300,0
3,900,2
3,600,0
3,300,0
3,900,2
3,499,0
3,600,1
3,801,2
3,200,0
3,300,0
3,2000,3
3,400,0
3,500,0
3,300,0
3,500,0
3,499,0
3,1801,4
3,900,1
3,400,0
3,700,1
3,700,1
3,200,0
3,400,0
3,1400,2
3,200,0
3,600,0
3,200,0
3,900,1
3,700,1
3,1999,5
3,601,1
3,800,1
3,400,0
3,400,0
3,200,0
3,700,1
3,400,0
3,700,1
3,400,0
3,599,1
3,400,0
3,300,0
3,401,0
3,300,0
3,1300,3
3,300,0
3,400,0
3,300,0
3,300,0
3,300,0
3,601,1
3,800,2
3,500,0
3,400,0
3,500,0
3,1200,2
3,700,1
3,599,1
3,500,0
3,701,1
3,400,0
3,300,0
3,300,0
3,1000,2
3,400,0
3,400,0
3,1500,3
3,399,0
3,500,0
3,700,1
3,500,0
3,300,0
3,800,2
3,500,0
3,200,0
3,2900,6
3,900,2
3,200,0
3,301,0
3,600,1
3,300,0
3,300,0
3,200,0
3,700,1
3,400,0
3,300,0
3,900,1
3,400,0
3,2301,5
3,1300,2
3,200,0
3,600,1
3,600,1
3,1000,2
3,899,2
3,300,0
3,300,0
3,200,0
3,1801,5
3,400,0
3,400,0
3,300,0
3,600,1
3,600,1
3,301,0
3,400,0
3,1000,2
3,3200,8
3,300,0
3,299,0
3,300,0
3,600,1
3,401,0
3,200,0
3,1200,2
3,1700,4
3,300,0
3,800,1
3,599,0
3,200,0
3,1001,2
3,700,1
3,500,1
3,200,0
3,4199,2
3,600,1
3,300,0
3,200,0
3,300,0
3,700,1
3,500,0
3,900,1
3,600,1
3,1500,3
3,899,1
3,1101,3
3,200,0
3,1200,3
3,9200,7
3,4000,8
3,200,0
3,1000,1
3,900,1
3,500,0
3,500,1
3,300,0
3,800,1
3,300,0
3,1201,2
3,400,0
3,1200,2
3,800,1
3,300,0
3,300,0
3,400,0
3,400,0
3,300,0
3,500,1
3,1000,2
3,2400,6
3,900,1
3,300,0
3,501,0
3,300,0
3,500,0
3,500,1
3,400,0
3,200,0
3,1100,2
3,500,0
3,1399,3
3,1301,3
3,600,0
3,1200,2
3,600,1
3,400,0
3,700,1
3,400,0
3,699,1
3,3101,7
3,1500,3
3,1100,2
3,600,1
3,699,1
3,200,0
3,901,2
3,300,0
3,900,1
3,700,1
3,300,0
3,1400,3
3,300,0
3,600,0
3,200,0
3,200,0
3,700,1
3,1201,1
3,1400,3
3,3999,10
3,701,1
3,600,1
3,700,1
3,500,0
3,600,1
3,400,0
3,1400,3
3,300,0
3,400,0
3,200,0
3,500,0
3,201,0
3,1400,2
3,300,0
3,4599,2
3,1000,1
3,300,0
3,300,0
3,300,0
3,1599,2
3,400,0
3,600,1
3,300,0
3,600,1
3,300,0
3,400,0
3,300,0
3,800,1
3,300,0
3,300,0
3,500,0
3,200,0
3,300,0
3,1000,2
3,200,0
3,301,0
3,400,0
3,1400,2
3,3399,7
3,600,1
3,600,1
3,300,0
3,400,0
3,300,0
3,300,0
3,300,0
3,1600,3
3,300,0
3,300,0
3,1299,2
3,700,1
3,300,0
3,2200,5
3,1300,2
3,1999,3
3,2001,4
3,1600,4
3,500,0
3,2700,7
3,1499,3
3,901,2
3,1100,2
3,500,1
3,800,1
3,500,0
3,2499,6
3,200,0
3,500,0
3,300,0
3,200,0
3,700,1
3,200,0
3,500,0
3,299,0
3,1400,2
3,601,1
3,200,0
3,200,0
3,200,0
3,200,0
3,600,1
3,600,1
3,700,1
3,400,1
3,200,0
3,300,0
3,400,0
3,200,0
3,200,0
3,500,0
3,200,0
3,500,1
3,200,0
3,200,0
3,400,0
3,900,1
3,400,0
3,1399,2
3,200,0
3,400,0
3,801,1
3,800,1
3,200,0
3,1400,3
3,500,0
3,1899,2
3,200,0
3,1301,3
3,400,0
3,200,0
3,300,0
3,1100,2
3,3899,2
3,901,1
3,1500,3
3,800,1
3,300,0
3,800,2
3,700,1
3,599,0
3,200,0
3,200,0
3,601,1
3,500,0
3,200,0
3,1800,3
3,499,0
3,900,2
3,401,0
3,200,0
3,300,0
3,400,0
3,1800,4
3,700,1
3,300,0
3,300,0
3,499,1
3,700,1
3,401,0
3,1300,2
3,800,1
3,800,2
3,1900,4
3,1099,1
3,801,1
3,500,0
3,400,0
3,1400,2
3,1500,3
3,400,0
3,200,0
3,699,1
3,1100,2
3,501,0
3,300,0
3,400,0
3,1100,2
3,700,1
3,900,1
3,400,0
3,799,1
3,500,0
3,300,0
3,401,0
3,200,0
3,400,0
3,500,0
3,1600,3
3,500,0
3,1200,3
3,600,1
3,300,0
3,501,1
3,500,0
3,1200,2
3,300,0
3,200,0
3,500,0
3,300,0
3,200,0
3,1199,3
3,300,0
3,200,0
3,500,0
3,400,0
3,200,0
3,400,0
3,300,0
3,500,0
3,1099,2
3,500,0
3,300,0
3,1301,2
3,700,1
3,300,0
3,1100,2
3,300,0
3,300,0
3,200,0
3,300,0
3,699,1
3,400,0
3,400,0
3,601,1
3,1000,2
3,400,0
3,1600,3
3,400,0
3,600,1
3,200,0
3,1500,3
3,400,0
3,1400,2
3,1700,3
3,400,0
3,3600,1
3,1500,4
3,800,1
3,700,1
3,300,0
3,700,1
3,499,0
3,400,0
3,500,0
3,1101,2
3,1100,2
3,900,1
3,900,1
3,400,0
3,2199,5
3,901,2
3,500,0
3,700,1
3,400,0
3,300,0
3,1100,2
3,1701,3
3,300,0
3,600,0
3,1100,2
3,800,2
3,400,0
3,699,1
3,1000,1
3,200,0
3,400,0
3,400,0
3,400,1
3,500,1
3,800,1
3,800,1
3,300,0
3,600,0
3,499,0
3,1701,4
3,1100,2
3,200,0
3,400,0
3,600,0
3,900,1
3,800,1
3,199,0
3,300,0
3,500,0
3,501,1
3,300,0
3,300,0
3,300,0
3,1100,2
3,1500,3
3,300,0
3,600,0
3,599,1
3,600,1
3,701,1
3,200,0
3,400,0
3,300,0
3,1300,2
3,800,1
3,400,0
3,1099,2
3,1000,2
3,1101,1
3,500,1
3,300,0
3,700,1
3,1500,3
3,300,0
3,200,0
3,1599,3
3,801,1
3,1300,3
3,300,0
3,999,2
3,500,1
3,400,0
3,1801,4
3,900,1
3,1000,2
3,400,0
3,200,0
3,400,0
3,1899,4
3,901,2
3,700,1
3,800,1
3,900,1
3,400,0
3,200,0
3,300,0
3,1999,4
3,700,0
3,2700,7
3,400,0
3,200,0
3,300,0
3,1901,1
3,800,1
3,1500,3
3,600,1
3,1499,3
3,1501,0
3,1500,3
3,600,1
3,200,0
3,1000,1
3,600,1
3,1599,1
3,1601,3
3,1200,2
3,300,0
3,600,1
3,1700,1
3,1100,2
3,300,0
3,1200,3
3,200,0
3,1200,2
3,600,0
3,800,1
3,1399,3
3,801,1
3,200,0
3,700,1
3,500,0
3,700,1
3,200,0
3,800,2
3,400,0
3,300,0
3,300,0
3,2600,2
3,1199,2
3,300,0
3,200,0
3,1300,2
3,4899,8
3,1301,3
3,300,0
3,700,1
3,300,0
3,1000,2
3,400,0
3,300,0
3,599,1
3,2001,4
3,1300,0
3,700,1
3,1600,3
3,400,0
3,499,0
3,1300,2
3,1200,0
3,900,1
3,300,0
3,500,0
3,200,0
3,200,0
3,700,1
3,200,0
3,2801,4
3,1000,2
3,1700,3
3,200,0
3,500,0
3,400,0
3,200,0
3,400,0
3,600,1
3,900,1
3,600,1
3,200,0
3,1700,0
3,600,0
3,200,0
3,1400,3
3,400,0
3,300,0
3,300,0
3,1700,1
3,1400,3
3,400,0
3,2300,4
3,1199,2
3,1000,2
3,700,1
3,900,1
3,700,1
3,599,1
3,400,0
3,1201,2
3,1200,2
3,600,1
3,1700,3
3,300,0
3,200,0
3,500,1
3,200,0
3,600,1
3,1101,2
3,400,0
3,2800,6
3,600,1
3,1099,2
3,800,1
3,1301,2
3,1000,1
3,1000,1
3,1400,3
3,500,0
3,900,1
3,200,0
3,601,1
3,700,1
3,500,0
3,1500,4
3,1200,2
3,500,0
3,799,1
3,1101,2
3,200,0
3,700,1
3,300,0
3,300,0
3,300,0
3,600,1
3,400,0
3,1200,2
3,599,0
3,800,1
3,2401,4
3,900,2
3,300,0
3,500,1
3,400,0
3,500,0
3,400,0
3,300,0
3,900,1
3,600,1
3,200,0
3,1000,1
3,2501,6
3,1700,4
3,600,1
3,200,0
3,700,1
3,700,1
3,1200,2
3,301,0
3,200,0
3,600,1
3,300,0
3,900,1
3,500,0
3,400,0
3,300,0
3,1199,2
3,200,0
3,800,2
3,500,1
3,300,0
3,1500,3
3,300,0
3,700,1
3,200,0
3,800,1
3,200,0
3,200,0
3,2001,4
3,300,0
3,300,0
3,400,0
3,600,1
3,2600,5
3,1300,2
3,701,1
3,3800,0
3,800,1
3,600,0
3,701,0
3,1400,2
3,900,1
3,400,0
3,600,0
3,2599,3
3,2300,2
3,500,0
3,700,0
3,1299,1
3,1501,2
3,900,1
3,1299,1
3,1101,1
3,500,0
3,700,0
3,2500,3
3,599,0
3,600,1
3,301,0
3,1200,2
3,400,0
3,300,0
3,1200,3
3,1000,2
3,600,1
3,900,2
3,300,0
3,301,0
3,500,0
3,400,0
3,1200,2
3,400,0
3,400,0
3,200,0
3,1499,3
3,400,0
3,600,1
3,701,1
3,200,0
3,300,0
3,2100,3
3,900,2
3,600,0
3,699,1
3,300,0
3,1301,2
3,200,0
3,1500,2
3,700,1
3,300,0
3,200,0
3,900,1
3,699,1
3,400,0
3,500,0
3,1001,1
3,900,1
3,200,0
3,600,1
3,200,0
3,400,0
3,2299,4
3,300,0
3,400,0
3,501,0
3,1200,1
3,300,0
3,299,0
3,700,1
3,1601,3
3,1200,2
3,300,0
3,800,1
3,700,1
3,500,1
3,999,2
3,500,1
3,1300,2
3,1100,2
3,200,0
3,700,1
3,1999,3
3,301,0
3,800,1
3,1600,3
3,600,1
3,800,1
3,1299,3
3,1000,1
3,700,1
3,400,0
3,1200,2
3,300,0
3,400,0
3,400,0
3,300,0
3,600,0
3,200,0
3,300,0
3,600,1
3,500,0
3,3499,7
3,701,1
3,1600,3
3,1400,2
3,200,0
3,700,1
3,200,0
3,999,2
3,1301,3
3,1300,3
3,1200,3
3,200,0
3,400,0
3,400,0
3,200,0
3,300,0
3,1299,3
3,1501,3
3,1000,2
3,901,1
3,800,1
3,600,0
3,1200,2
3,200,0
3,2499,6
3,900,1
3,1601,3
3,900,1
3,1500,3
3,1899,4
3,700,1
3,300,0
3,500,1
3,700,1
3,300,0
3,300,0
3,800,1
3,1800,2
3,499,0
3,2901,6
3,800,1
3,500,0
3,300,0
3,300,0
3,800,1
3,300,0
3,700,1
3,1100,2
3,1201,2
3,1200,2
3,800,2
3,900,2
3,200,0
3,600,1
3,899,2
3,300,0
3,801,1
3,300,0
3,3000,7
3,200,0
3,1099,2
3,1100,2
3,300,0
3,400,0
3,700,1
3,300,0
3,300,0
3,200,0
3,700,1
3,300,0
3,800,1
3,700,1
3,1000,2
3,1001,2
3,1000,1
3,200,0
3,300,0
3,400,0
3,799,1
3,800,1
3,600,1
3,800,1
3,500,0
3,700,1
3,3699,1
3,1101,1
3,800,1
3,600,1
3,300,0
3,600,0
3,2499,2
3,2701,3
3,400,0
3,2300,3
3,799,0
3,400,0
3,901,1
3,800,1
3,1800,3
3,800,1
3,500,0
3,400,0
3,799,1
3,300,0
3,1601,3
3,400,0
3,1000,2
3,300,0
3,400,0
3,200,0
3,900,1
3,300,0
3,299,0
3,500,0
3,600,1
3,1400,3
3,300,0
3,1800,3
3,500,0
3,999,1
3,1801,2
3,2000,2
3,400,0
3,700,0
3,300,0
3,1100,1
3,200,0
3,301,0
3,400,0
3,400,0
3,500,0
3,200,0
3,500,0
3,1299,2
3,500,1
3,400,0
3,1500,3
3,800,1
3,700,1
3,900,2
3,599,0
3,500,1
3,700,1
3,401,0
3,400,0
3,900,1
3,700,1
3,600,1
3,600,1
3,300,0
3,600,1
3,499,1
3,600,1
3,401,0
3,400,0
3,300,0
3,300,0
3,500,1
3,1200,3
3,1300,3
3,699,1
3,800,1
3,1001,2
3,1300,2
3,600,1
3,1300,2
3,300,0
3,300,0
3,700,1
3,1300,3
3,1401,2
3,300,0
3,1100,2
3,500,1
3,200,0
3,700,1
3,999,2
3,1301,3
3,400,0
3,500,0
3,400,0
3,900,2
3,1300,2
3,4000,0
3,600,1
3,1500,3
3,1000,2
3,701,1
3,400,0
3,300,0
3,400,0
3,200,0
3,400,0
3,200,0
3,1200,3
3,600,1
3,299,0
3,300,0
3,200,0
3,300,0
3,301,0
3,500,0
3,300,0
3,400,0
3,2500,4
3,200,0
3,799,1
3,1801,2
3,1800,5
3,1400,3
3,500,0
3,500,0
3,300,0
3,399,0
3,200,0
3,300,0
3,801,1
3,700,1
3,700,1
3,1800,4
3,400,0
3,2499,4
3,401,0
3,500,0
3,700,1
3,400,0
3,900,1
3,1400,3
3,1499,3
3,1401,2
3,500,0
3,600,1
3,300,0
3,1700,4
3,200,0
3,600,1
3,599,1
3,1000,2
3,200,0
3,400,0
3,2900,5
3,700,1
3,400,0
3,1400,3
3,300,0
3,900,1
3,5400,0
3,500,0
3,500,0
3,899,1
3,1701,4
3,400,0
3,5799,3
3,1600,3
3,300,0
3,900,2
3,500,1
3,800,2
3,300,0
3,300,0
3,400,0
3,300,0
3,200,0
3,401,0
3,1000,1
3,3100,5
3,1699,2
3,601,0
3,1100,1
3,1600,1
3,1300,1
3,2200,3
3,1400,3
3,700,1
3,200,0
3,300,0
3,1300,2
3,6000,1
3,400,0
3,4200,5
3,600,0
3,1000,1
3,1299,2
3,300,0
3,300,0
3,1101,1
3,1100,1
3,1300,2
3,2299,4
3,1601,2
3,600,0
3,400,0
3,3699,6
3,400,0
3,2800,4
3,600,0
3,1000,1
3,1100,1
3,700,0
3,800,1
3,500,0
3,500,0
3,1200,1
3,1400,2
3,1200,1
3,1801,3
3,2600,3
3,700,0
3,600,1
3,1899,2
3,1101,1
3,700,0
3,400,0
3,1100,1
3,1200,1
3,2299,3
3,800,1
3,800,1
3,2100,3
3,300,0
3,1199,2
3,300,0
3,1800,2
3,1300,2
3,300,0
3,1699,2
3,300,0
3,1601,2
3,3700,6
3,899,1
3,700,0
3,1301,1
3,400,0
3,2600,4
3,1000,1
3,2201,3
3,3300,5
3,400,0
3,1199,1
3,1101,2
3,2100,3
3,900,0
3,600,0
3,1399,2
3,300,0
3,400,0
3,600,1
3,600,0
3,1500,2
3,500,0
3,500,0
3,1800,2
3,1600,2
3,1099,1
3,300,0
3,601,0
3,300,0
3,1400,2
3,2300,3
3,599,0
3,3301,5
3,300,0
3,500,0
3,1300,2
3,5500,1
3,1100,1
3,300,0
3,499,0
3,500,0
3,1101,2
3,700,1
3,400,0
3,800,0
3,300,0
3,2599,4
3,300,0
3,601,0
3,300,0
3,300,0
3,300,0
3,300,0
3,1000,1
3,1100,1
3,2200,3
3,2200,2
3,800,1
3,1400,1
3,799,1
3,200,0
3,400,0
3,2300,4
3,1200,1
3,1000,1
3,499,0
3,700,0
3,301,0
3,500,0
3,3100,5
3,500,0
3,1199,1
3,1201,1
3,4200,6
3,2300,3
3,500,0
3,300,0
3,1000,1
3,2101,3
3,600,0
3,1900,2
3,300,0
3,2000,2
3,400,0
3,600,0
3,300,0
3,400,0
3,400,0
3,300,0
3,600,0
3,399,0
3,300,0
3,801,0
3,1900,2
3,900,0
3,700,0
3,1399,2
3,400,0
3,701,0
3,400,0
3,400,0
3,2700,5
3,900,0
3,400,0
3,300,0
3,3201,5
3,800,0
3,1599,3
3,300,0
3,1201,1
3,600,0
3,1400,2
3,1200,1
3,2499,3
3,2101,3
3,600,0
3,2100,2
3,399,0
3,5301,8
3,2299,3
3,500,0
3,1600,2
3,300,0
3,2200,3
3,2099,3
3,301,0
3,700,0
3,1100,1
3,300,0
3,1500,2
3,500,0
3,6100,1
3,700,0
3,1100,2
3,300,0
3,700,1
3,999,1
3,300,0
3,401,0
3,800,1
3,700,0
3,700,0
3,1100,1
3,600,0
3,2100,3
3,400,0
3,1400,2
3,1300,1
3,1499,2
3,400,0
3,1201,2
3,1700,2
3,1700,1
3,700,0
3,299,0
3,1100,1
3,900,1
3,1000,1
3,1400,2
3,800,0
3,300,0
3,700,0
3,4101,5
3,1600,2
3,1399,2
3,300,0
3,1400,2
3,1600,1
3,1500,1
3,799,0
3,500,0
3,1101,1
3,1100,1
3,500,0
3,400,0
3,1000,1
3,400,0
3,1100,2
3,2001,2
3,6400,10
3,600,0
3,2800,3
3,700,0
3,1300,1
3,1100,1
3,1899,2
3,401,0
3,1000,1
3,300,0
3,300,0
3,500,0
3,400,0
3,600,0
3,1599,3
3,501,0
3,300,0
3,500,0
3,500,0
3,300,0
3,500,0
3,900,1
3,399,0
3,600,0
3,1401,1
3,400,0
3,1100,1
3,2599,3
3,3401,3
3,700,1
3,1000,1
3,700,1
3,299,0
3,500,0
3,300,0
3,800,1
3,400,0
3,1000,1
3,600,0
3,500,0
3,400,0
3,1099,1
3,901,1
3,1600,1
3,500,0
3,2500,3
3,399,0
3,2201,3
3,1500,2
3,1100,1
3,5100,2
3,1200,1
3,900,1
3,999,1
3,500,0
3,300,0
3,600,0
3,3100,5
3,1600,1
3,500,0
3,1100,1
3,1699,1
3,500,0
3,601,0
3,2700,5
3,400,0
3,1100,1
3,399,0
3,2201,3
3,1500,1
3,3199,4
3,400,0
3,400,0
3,400,0
3,700,1
3,800,0
3,2800,4
3,1199,1
3,701,1
3,1700,2
3,300,0
3,1100,2
3,1100,1
3,4101,5
3,1000,0
3,500,0
3,600,0
3,2300,3
3,1400,1
3,1200,1
3,1500,2
3,899,0
3,1101,1
3,400,0
3,1600,2
3,600,0
3,1699,2
3,1601,2
3,2900,4
3,400,0
3,600,0
3,999,0
3,900,0
3,400,0
3,1300,1
3,1200,1
3,1899,3
3,1301,1
3,500,0
3,3600,5
3,1099,1
3,1701,2
3,1999,2
3,2800,3
3,1100,1
3,300,0
3,400,0
3,900,1
3,801,1
3,1100,1
3,500,0
3,400,0
3,1900,3
3,799,0
3,600,0
3,3700,4
3,1699,1
3,1801,1
3,1200,1
3,4899,6
3,1000,1
3,1700,2
3,300,0
3,2599,3
3,701,0
3,300,0
3,500,0
3,2100,2
3,1999,3
3,700,0
3,1799,2
3,500,0
3,600,0
3,800,0
3,1300,1
3,1700,1
3,800,0
3,2501,3
3,1900,2
3,4500,5
3,900,1
3,400,0
3,2699,4
3,3001,4
3,2100,2
3,400,0
3,2401,3
3,1000,1
3,600,0
3,700,0
3,1699,1
3,600,0
3,1001,1
3,700,0
3,300,0
3,1400,1
3,2099,2
3,700,0
3,1301,1
3,500,0
3,1800,2
3,400,0
3,700,0
3,899,1
3,600,0
3,900,0
3,300,0
3,800,0
3,800,0
3,700,0
3,1199,1
3,1201,1
3,700,0
3,700,0
3,700,0
3,1200,1
3,899,0
3,2001,2
3,400,0
3,2700,3
3,1299,1
3,1801,2
3,600,0
3,400,0
3,1100,1
3,3199,4
3,2000,3
3,300,0
3,1600,2
3,400,0
3,400,0
3,2901,4
3,3300,4
3,600,0
3,500,0
3,1901,3
3,1300,2
3,1100,0
3,1400,2
3,1701,2
3,400,0
3,900,1
3,600,0
3,400,0
3,1500,2
3,1399,2
3,1201,2
3,300,0
3,500,0
3,1000,1
3,700,1
3,2300,3
3,700,0
3,799,0
3,1801,2
3,300,0
3,300,0
3,500,0
3,2899,5
3,400,0
3,401,0
3,300,0
3,600,0
3,400,0
3,1800,2
3,400,0
3,7600,2
3,499,0
3,1501,3
3,500,0
3,1400,2
3,600,0
3,2100,3
3,1000,1
3,2001,3
3,500,0
3,1000,1
3,500,0
3,700,1
3,499,0
3,500,0
3,2001,2
3,300,0
3,500,0
3,400,0
3,500,0
3,1100,2
3,499,0
3,1501,2
3,1600,1
3,1400,2
3,800,1
3,2600,5
3,600,0
3,1000,1
3,2900,3
3,500,0
3,500,0
3,1201,1
3,800,1
3,1900,2
3,1299,1
3,500,0
3,901,0
3,400,0
3,300,0
3,1700,1
3,800,0
3,700,0
3,300,0
3,300,0
3,1699,2
3,1101,1
3,1600,2
3,400,0
3,2700,4
3,900,0
3,599,0
3,700,0
3,2301,3
3,400,0
3,1700,3
3,2800,3
3,800,0
3,500,0
3,500,0
3,900,1
3,1699,2
3,3201,6
3,1000,1
3,700,1
3,2099,2
3,2401,3
3,1300,1
3,1600,2
3,899,1
3,3501,3
3,300,0
3,2299,5
3,3001,6
3,200,0
3,900,1
3,600,0
3,2000,4
3,400,0
3,3201,7
3,700,0
3,300,0
3,1000,1
3,300,0
3,300,0
3,999,2
3,1201,2
3,1200,2
3,1000,1
3,700,1
3,1000,2
3,700,1
3,300,0
3,901,2
3,300,0
3,1400,3
3,400,0
3,700,1
3,300,0
3,700,1
3,899,1
3,600,1
3,301,0
3,500,0
3,500,0
3,800,2
3,400,0
3,300,0
3,900,1
3,200,0
3,900,2
3,900,2
3,200,0
3,201,0
3,2400,4
3,900,2
3,2199,5
3,1300,3
3,1300,2
3,2200,4
3,1999,3
3,500,0
3,500,0
3,301,0
3,800,1
3,800,1
3,200,0
3,1700,3
3,500,1
3,300,0
3,299,0
3,1000,2
3,501,0
3,400,0
3,500,0
3,600,1
3,200,0
3,500,0
3,500,1
3,400,0
3,700,1
3,399,0
3,800,1
3,701,1
3,800,1
3,500,0
3,500,1
3,300,0
3,799,1
3,400,0
3,701,1
3,2500,5
3,200,0
3,1200,2
3,300,0
3,400,0
3,200,0
3,500,1
3,1001,2
3,900,2
3,1600,4
3,700,0
3,400,0
3,499,0
3,2501,3
3,1100,1
3,700,0
3,400,0
3,800,1
3,400,0
3,11201,17
3,1000,1
3,400,0
3,1599,1
3,1701,2
3,700,0
3,1900,1
3,1599,1
3,1801,3
3,300,0
3,400,0
3,699,1
3,300,0
3,300,0
3,2301,4
3,700,1
3,800,1
3,200,0
3,1300,3
3,399,0
3,800,0
3,2101,2
3,600,0
3,1400,1
3,300,0
3,699,0
3,300,0
3,4101,7
3,1300,1
3,1699,2
3,1401,1
3,2600,3
3,600,0
3,1300,1
3,1699,2
3,700,0
3,600,0
3,300,0
3,300,0
3,400,0
3,400,0
3,600,1
3,400,0
3,600,1
3,2500,5
3,2500,6
3,900,1
3,300,0
3,300,0
3,600,1
3,2000,3
3,200,0
3,1900,4
3,2800,7
3,2601,6
3,600,0
3,400,0
3,200,0
3,1200,2
3,1000,2
3,799,1
3,600,0
3,400,0
3,201,0
3,300,0
3,700,1
3,300,0
3,700,1
3,400,0
3,700,1
3,1799,4
3,6801,18
3,699,1
3,1801,4
3,300,0
3,200,0
3,300,0
3,700,1
3,1100,2
3,400,0
3,400,0
3,1499,3
3,1701,3
3,600,0
3,600,1
3,900,1
3,900,2
3,600,0
3,400,0
3,401,0
3,2300,3
3,400,0
3,800,1
3,1200,1
3,5301,2
3,800,0
3,699,0
3,3601,5
3,1700,2
3,1199,1
3,2101,4
3,300,0
3,300,0
3,1400,2
3,600,0
3,600,0
3,599,0
3,600,0
3,1100,1
3,400,0
3,700,0
3,300,0
3,300,0
3,400,0
3,1499,2
3,900,1
3,801,1
3,1000,2
3,200,0
3,2000,4
3,500,0
3,1599,3
3,500,0
3,200,0
3,400,0
3,600,0
3,400,0
3,300,0
3,400,0
3,1200,1
3,4700,9
3,900,1
3,700,1
3,400,0
3,300,0
3,1600,2
3,300,0
3,300,0
3,300,0
3,3600,6
3,299,0
3,300,0
3,1699,2
3,500,0
3,300,0
3,401,0
3,3000,4
3,400,0
3,300,0
3,5100,9
3,400,0
3,1300,2
3,2299,3
3,400,0
3,800,1
3,600,0
3,300,0
3,1000,1
3,300,0
3,400,0
3,400,0
3,2301,3
3,500,0
3,1800,2
3,2399,3
3,500,0
3,1101,2
3,300,0
3,1600,3
3,1100,1
3,400,0
3,1399,2
3,2001,3
3,2300,3
3,900,1
3,899,0
3,2601,4
3,600,0
3,900,1
3,2599,4
3,2101,3
3,500,0
3,400,0
3,2000,2
3,10000,9
3,300,0
3,1100,2
3,800,1
3,4700,8
3,600,0
3,1700,2
3,500,0
3,300,0
3,499,0
3,1300,2
3,1300,2
3,400,0
3,700,0
3,300,0
3,500,0
3,4501,7
3,2699,4
3,1601,3
3,300,0
3,400,0
3,600,0
3,300,0
3,400,0
3,3200,4
3,400,0
3,700,0
3,800,1
3,800,0
3,600,0
3,400,0
3,899,0
3,3401,4
3,200,0
3,1700,2
3,300,0
3,300,0
3,2701,4
3,1000,1
3,700,0
3,700,1
3,1299,2
3,1000,1
3,801,1
3,1200,1
3,600,0
3,500,0
3,400,0
3,400,0
3,600,1
3,599,0
3,900,1
3,1400,2
3,1100,2
3,400,0
3,1200,1
3,1399,2
3,300,0
3,701,1
3,500,0
3,700,1
3,500,0
3,1200,2
3,1400,2
3,1299,1
3,1801,3
3,500,0
3,900,0
3,299,0
3,800,1
3,501,0
3,1500,3
3,1000,1
3,400,0
3,1100,2
3,1199,2
3,900,1
3,700,0
3,800,1
3,300,0
3,300,0
3,300,0
3,600,0
3,2299,4
3,1801,3
3,500,1
3,1600,2
3,1100,2
3,799,0
3,300,0
3,1201,1
3,1200,1
3,700,0
3,6300,1
3,600,1
3,300,0
3,400,0
3,1500,2
3,399,0
3,500,0
3,2901,6
3,1000,2
3,800,1
3,400,0
3,600,1
3,1601,2
3,1600,2
3,1800,2
3,1399,1
3,1901,3
3,200,0
3,600,1
3,500,0
3,600,1
3,300,0
3,1200,1
3,999,1
3,2201,2
3,800,1
3,2200,4
3,899,1
3,500,0
3,700,1
3,1399,2
3,1100,1
3,800,1
3,900,1
3,1100,1
3,900,1
3,1199,1
3,1000,1
3,1101,1
3,600,1
3,3600,5
3,299,0
3,900,1
3,501,0
3,600,0
3,300,0
3,700,1
3,3200,5
3,2001,4
3,200,0
3,500,0
3,600,0
3,600,0
3,200,0
3,500,0
3,500,0
3,1799,2
3,300,0
3,600,1
3,1100,2
3,700,1
3,300,0
3,400,0
3,1200,2
3,700,1
3,600,1
3,700,1
3,700,1
3,1000,1
3,700,1
3,1300,2
3,399,0
3,500,0
3,1101,1
3,1200,1
3,700,0
3,800,1
3,200,0
3,1000,1
3,300,0
3,300,0
3,700,1
3,501,0
3,900,1
3,300,0
3,700,0
3,2401,5
3,1200,2
3,300,0
3,800,1
3,2699,5
3,400,0
3,700,0
3,2300,3
3,5300,1
3,600,0
3,200,0
3,300,0
3,1000,2
3,1299,2
3,400,0
3,1701,3
3,400,0
3,2400,5
3,1399,2
3,400,0
3,1201,1
3,400,0
3,800,1
3,4099,5
3,1800,3
3,400,0
3,300,0
3,400,0
3,600,1
3,300,0
3,599,0
3,2101,3
3,1000,1
3,300,0
3,500,0
3,1500,2
3,400,0
3,400,0
3,801,0
3,1800,2
3,900,1
3,600,0
3,2599,4
3,700,0
3,2300,3
3,1200,1
3,699,1
3,2001,3
3,2100,3
3,300,0
3,700,0
3,500,0
3,400,0
3,300,0
3,1300,3
3,1599,1
3,1801,3
3,1200,2
3,400,0
3,600,0
3,400,0
3,799,1
3,300,0
3,1001,1
3,400,0
3,1800,2
3,700,1
3,3199,4
3,801,1
3,1100,1
3,2000,3
3,500,0
3,799,1
3,400,0
3,2301,4
3,400,0
3,1200,2
3,400,0
3,900,1
3,300,0
3,1400,2
3,1800,3
3,600,0
3,300,0
3,900,1
3,300,0
3,300,0
3,299,0
3,200,0
3,500,0
3,501,0
3,900,1
3,600,0
3,1300,2
3,200,0
3,400,0
3,1199,1
3,700,1
3,1601,2
3,400,0
3,300,0
3,500,0
3,1700,3
3,499,0
3,6901,1
3,800,1
3,1000,0
3,399,0
3,400,0
3,1101,1
3,2300,3
3,300,0
3,2399,2
3,1701,1
3,400,0
3,600,0
3,400,0
3,1400,1
3,500,0
3,599,0
3,1901,1
3,400,0
3,1900,2
3,2000,1
3,600,0
3,500,0
3,2201,3
3,700,0
3,200,0
3,1000,1
3,3300,5
3,400,0
3,1400,1
3,300,0
3,500,0
3,300,0
3,2299,3
3,200,0
3,801,1
3,800,1
3,700,1
3,500,0
3,400,0
3,200,0
3,1499,2
3,1401,2
3,400,0
3,300,0
3,1600,3
3,500,0
3,400,0
3,1300,2
3,200,0
3,700,1
3,601,0
3,300,0
3,1400,2
3,1700,3
3,1799,2
3,300,0
3,700,0
3,600,0
3,300,0
3,700,1
3,999,1
3,1201,1
3,300,0
3,1800,2
3,1000,1
3,1399,3
3,700,1
3,200,0
3,1100,2
3,1100,1
3,400,0
3,1200,1
3,500,0
3,1199,1
3,400,0
3,401,0
3,400,0
3,1700,2
3,2000,3
3,500,0
3,1299,2
3,1301,2
3,1500,2
3,700,1
3,300,0
3,300,0
3,500,0
3,300,0
3,1200,2
3,1201,2
3,1000,2
3,700,0
3,400,0
3,700,1
3,400,0
3,699,0
3,2901,5
3,400,0
3,400,0
3,500,0
3,7000,4
3,1300,2
3,1099,1
3,700,0
3,1301,1
3,700,1
3,400,0
3,800,1
3,500,0
3,1999,2
3,300,0
3,600,0
3,1100,1
3,3500,8
3,400,0
3,1000,0
3,400,0
3,3099,3
3,500,0
3,400,0
3,600,0
3,400,0
3,900,1
3,1600,2
3,600,0
3,1599,2
3,500,0
3,1000,1
3,500,0
3,700,0
3,800,1
3,1100,2
3,2199,3
3,1201,1
3,500,0
3,1800,2
3,1600,2
3,2600,4
3,600,0
3,1300,1
3,300,0
3,600,0
3,300,0
3,400,0
3,1499,2
3,701,0
3,600,0
3,500,0
3,300,0
3,1400,2
3,2799,5
3,501,0
3,1100,2
3,1900,3
3,1200,2
3,300,0
3,200,0
3,1300,2
3,1000,1
3,500,0
3,2200,3
3,500,0
3,300,0
3,499,0
3,700,1
3,301,0
3,1500,2
3,300,0
3,1799,3
3,1601,2
3,800,1
3,300,0
3,1100,1
3,900,1
3,400,0
3,1699,3
3,301,0
3,900,1
3,500,0
3,500,0
3,1000,1
3,300,0
3,2299,3
3,1301,1
3,200,0
3,1600,3
3,200,0
3,1300,2
3,300,0
3,299,0
3,2401,3
3,300,0
3,400,0
3,400,0
3,1600,3
3,500,0
3,15300,3
3,399,0
3,700,1
3,1801,3
3,1400,2
3,900,1
3,400,0
3,1899,2
3,1901,3
3,1600,3
3,900,1
3,1000,1
3,1199,2
3,4401,7
3,500,0
3,2699,5
3,1301,1
3,2500,5
3,600,0
3,800,1
3,300,0
3,2501,5
3,1100,2
3,1200,1
3,1500,1
3,600,0
3,699,0
3,300,0
3,400,0
3,600,0
3,1100,1
3,600,0
3,500,0
3,400,0
3,400,0
3,1099,1
3,1401,1
3,16000,4
3,1100,1
3,2300,5
3,200,0
3,3301,6
3,600,0
3,1000,1
3,7300,9
3,400,0
3,499,0
3,600,0
3,501,0
3,600,0
3,300,0
3,1200,2
3,700,1
3,400,0
3,500,0
3,999,2
3,400,0
3,1001,2
3,200,0
3,500,0
3,1400,3
3,400,0
3,1500,4
3,299,0
3,800,1
3,801,1
3,300,0
3,400,0
3,300,0
3,300,0
3,300,0
3,600,1
3,400,0
3,700,1
3,700,1
3,1499,3
3,200,0
3,1501,3
3,400,0
3,400,0
3,801,1
3,600,0
3,600,1
3,1000,1
3,600,1
3,2599,5
3,200,0
3,2401,3
3,1300,1
3,500,0
3,600,0
3,700,0
3,300,0
3,300,0
3,2301,2
3,400,0
3,600,0
3,300,0
3,1600,2
3,300,0
3,3400,6
3,1500,2
3,700,1
3,700,0
3,800,0
3,2201,3
3,900,2
3,2400,3
3,300,0
3,600,0
3,299,0
3,600,0
3,1701,2
3,500,0
3,1600,2
3,1100,1
3,799,1
3,901,0
3,800,1
3,1400,1
3,1400,1
3,2800,4
3,1400,2
3,900,1
3,900,1
3,500,0
3,599,0
3,1100,2
3,601,0
3,400,0
3,1700,2
3,1500,1
3,300,0
3,1000,1
3,500,0
3,300,0
3,1100,1
3,1001,1
3,800,0
3,1000,1
3,500,0
3,1899,2
3,400,0
3,1101,0
3,1700,2
3,2000,3
3,899,0
3,2201,3
3,300,0
3,500,0
3,1700,2
3,1100,1
3,800,0
3,300,0
3,801,1
3,800,1
3,1000,2
3,400,0
3,300,0
3,600,0
3,1299,2
3,2501,4
3,400,0
3,1500,1
3,600,0
3,1199,1
3,2201,3
3,700,0
3,1200,1
3,1999,2
3,400,0
3,501,0
3,400,0
3,800,0
3,1400,1
3,900,1
3,1399,2
3,901,1
3,500,0
3,1200,1
3,2800,3
3,500,0
3,500,0
3,400,0
3,400,0
3,900,1
3,7200,3
3,1000,0
3,5400,6
3,1500,1
3,1899,2
3,1000,1
3,2901,4
3,1200,1
3,300,0
3,2700,3
3,500,0
3,2500,2
3,2099,1
3,500,0
3,400,0
3,500,0
3,2800,3
3,899,1
3,700,0
3,601,0
3,200,0
3,400,0
3,1100,1
3,1200,1
3,2499,1
3,501,0
3,1200,1
3,1000,1
3,2899,3
3,1601,1
3,400,0
3,300,0
3,900,1
3,2200,2
3,5000,7
3,500,0
3,400,0
3,400,0
3,599,0
3,700,0
3,1101,1
3,3000,3
3,800,0
3,1200,0
3,2900,3
3,3099,3
3,1100,1
3,1300,1
3,800,0
3,700,0
3,1399,1
3,3801,3
3,2699,3
3,4201,5
3,600,0
3,700,1
3,999,2
3,400,0
3,1201,3
3,900,1
3,500,0
3,300,0
3,700,0
3,400,0
3,1599,2
3,301,0
3,1800,2
3,300,0
3,1400,1
3,1299,2
3,500,0
3,300,0
3,301,0
3,600,0
3,1300,1
3,1100,1
3,1200,1
3,400,0
3,700,1
3,1500,2
3,800,1
3,1000,1
3,900,1
3,899,1
3,500,0
3,601,0
3,300,0
3,800,1
3,1900,2
3,1899,2
3,600,0
3,1000,1
3,500,0
3,1200,1
3,1000,1
3,3000,3
3,1499,2
3,3401,5
3,1400,1
3,899,1
3,700,0
3,3200,4
3,1600,2
3,900,0
3,801,0
3,400,0
3,600,0
3,400,0
3,900,0
3,3400,4
3,1399,1
3,2301,3
3,600,0
3,300,0
3,2199,3
3,700,0
3,800,0
3,3400,6
3,200,0
3,7500,4
3,399,0
3,500,0
3,1001,2
3,300,0
3,300,0
3,400,0
3,1000,1
3,1200,1
3,400,0
3,499,0
3,800,0
3,800,1
3,600,0
3,1300,1
3,800,1
3,2599,3
3,300,0
3,2800,3
3,1000,0
3,2099,3
3,200,0
3,200,0
3,1300,3
3,500,0
3,700,1
3,1100,2
3,400,0
3,899,2
3,300,0
3,901,1
3,800,1
3,200,0
3,1000,2
3,700,1
3,1100,2
3,1399,2
3,600,0
3,501,0
3,500,0
3,400,0
3,700,0
3,800,0
3,900,0
3,400,0
3,500,0
3,600,1
3,1400,2
3,1099,2
3,300,0
3,401,0
3,400,0
3,400,0
3,500,0
3,700,0
3,400,0
3,2199,2
3,1000,1
3,300,0
3,200,0
3,900,0
3,1300,2
3,700,0
3,899,0
3,600,0
3,4501,6
3,1200,1
3,1701,2
3,3200,3
3,700,0
3,500,0
3,699,0
3,7400,3
3,500,0
3,800,0
3,1200,1
3,500,0
3,1200,1
3,599,0
3,1200,2
3,700,0
3,400,0
3,3400,6
3,1300,1
3,1001,0
3,1100,1
3,300,0
3,2000,2
3,1099,1
3,600,0
3,1800,2
3,1400,3
3,900,1
3,800,1
3,1599,2
3,900,1
3,2100,3
3,1999,2
3,400,0
3,1600,2
3,300,0
3,1000,1
3,400,0
3,700,0
3,400,0
3,401,0
3,500,0
3,1600,2
3,600,0
3,1000,1
3,899,1
3,400,0
3,400,0
3,401,0
3,700,0
3,1700,3
3,2399,4
3,400,0
3,400,0
3,500,0
3,1800,3
3,1500,1
3,1999,3
3,701,0
3,400,0
3,1000,1
3,1200,1
3,1400,1
3,599,0
3,1301,1
3,1900,2
3,300,0
3,500,0
3,600,0
3,300,0
3,300,0
3,599,1
3,1301,2
3,700,1
3,600,0
3,900,1
3,400,0
3,1899,3
3,400,0
3,5801,8
3,500,0
3,599,0
3,300,0
3,300,0
3,400,0
3,1200,1
3,2100,3
3,500,0
3,899,1
3,800,0
3,1200,1
3,2201,3
3,6800,10
3,800,0
3,500,0
3,2299,2
3,500,0
3,501,0
3,2900,4
3,2399,3
3,7000,3
3,1001,1
3,2100,2
3,400,0
3,600,0
3,1100,1
3,2900,3
3,3000,3
3,1499,1
3,1301,1
3,2600,3
3,600,0
3,1599,1
3,4001,5
3,700,0
3,400,0
3,400,0
3,1099,1
3,400,0
3,1400,2
3,800,0
3,2300,3
3,2201,2
3,2200,2
3,1200,1
3,900,1
3,300,0
3,300,0
3,901,0
3,800,1
3,300,0
3,500,0
3,3099,4
3,601,0
3,1700,1
3,700,0
3,1600,2
3,1499,1
3,901,1
3,700,0
3,800,1
3,700,1
3,600,1
3,1000,1
3,1900,1
3,700,0
3,700,0
3,300,0
3,1100,1
3,700,0
3,899,1
3,1701,2
3,600,0
3,1400,1
3,1599,1
3,4401,6
3,600,0
3,1600,2
3,500,0
3,2801,4
3,1900,2
3,1699,2
3,300,0
3,300,0
3,301,0
3,200,0
3,600,1
3,300,0
3,1100,2
3,300,0
3,1000,2
3,300,0
3,1399,2
3,1001,2
3,200,0
3,1200,1
3,2500,3
3,699,0
3,400,0
3,2001,2
3,700,1
3,1900,3
3,499,0
3,700,0
3,701,0
3,700,0
3,600,0
3,500,0
3,400,0
3,1400,1
3,300,0
3,600,1
3,1001,1
3,600,0
3,300,0
3,1500,1
3,1600,2
3,1401,1
3,1900,3
3,700,1
3,600,0
3,699,0
3,1401,1
3,2300,3
3,4800,7
3,3200,4
3,1000,1
3,300,0
3,900,1
3,601,0
3,300,0
3,4000,5
3,400,0
3,1801,2
3,2000,2
3,1100,1
3,1000,1
3,1400,2
3,500,0
3,600,0
3,2000,2
3,1600,1
3,900,1
3,1001,1
3,500,0
3,900,0
3,2799,3
3,1701,2
3,1000,2
3,1800,3
3,400,0
3,200,0
3,300,0
3,799,1
3,800,2
3,200,0
3,200,0
3,400,1
3,200,0
3,1400,2
3,1600,2
3,900,1
3,700,1
3,300,0
3,1201,2
3,600,0
3,800,2
3,900,2
3,200,0
3,700,1
3,2199,3
3,1401,2
3,499,0
3,700,1
3,200,0
3,501,1
3,2000,3
3,1800,3
3,200,0
3,200,0
3,200,0
3,200,0
3,200,0
3,300,0
3,300,0
3,801,1
3,200,0
3,1300,2
3,300,0
3,400,1
3,1000,2
3,300,0
3,1599,4
3,2201,5
3,200,0
3,300,0
3,12500,1
3,400,0
3,200,0
3,900,1
3,300,0
3,400,0
3,1600,4
3,1499,3
3,300,0
3,1200,1
3,600,0
3,5800,1
3,1000,1
3,300,0
3,1100,1
3,500,0
3,999,0
3,1001,0
3,200,0
3,300,0
3,800,1
3,600,1
3,600,1
3,1700,5
3,1399,3
3,801,1
3,1200,3
3,1100,2
3,900,2
3,900,1
3,600,1
3,700,1
3,300,0
3,300,0
3,400,0
3,200,0
3,300,0
3,400,0
3,1500,2
3,400,0
3,900,1
3,400,0
3,200,0
3,400,0
3,800,1
3,800,2
3,300,0
3,1899,4
3,401,0
3,300,0
3,500,0
3,1700,4
3,300,0
3,600,1
3,2099,5
3,300,0
3,901,2
3,1300,3
3,700,1
3,1500,2
3,700,1
3,399,0
3,400,0
3,1901,4
3,500,0
3,400,0
3,400,0
3,500,0
3,400,0
3,1200,2
3,400,0
3,300,0
3,400,0
3,1301,2
3,1100,1
3,800,1
3,400,0
3,400,0
3,800,1
3,799,1
3,400,0
3,300,0
3,300,0
3,500,1
3,1500,3
3,1000,1
3,300,0
3,801,1
3,400,0
3,600,1
3,500,0
3,500,1
3,400,0
3,700,1
3,500,0
3,300,0
3,699,0
3,700,1
3,2701,6
3,400,0
3,300,0
3,200,0
3,1500,3
3,999,2
3,1701,4
3,500,0
3,600,1
3,400,0
3,300,0
3,300,0
3,3599,0
3,1500,2
3,500,0
3,500,0
3,1500,3
3,200,0
3,600,1
3,1000,2
3,2701,6
3,2000,4
3,300,0
3,1099,2
3,500,0
3,200,0
3,201,0
3,700,1
3,700,2
3,400,0
3,500,0
3,1600,4
3,300,0
3,600,1
3,300,0
3,300,0
3,401,0
3,400,0
3,1800,5
3,400,0
3,1500,4
3,899,1
3,200,0
3,500,0
3,300,0
3,1200,2
3,1099,2
3,1401,3
3,1000,2
3,700,1
3,300,0
3,900,2
3,200,0
3,200,0
3,1999,4
3,300,0
3,1301,2
3,300,0
3,400,0
3,900,1
3,1100,2
3,900,1
3,699,1
3,400,0
3,901,2
3,1300,2
3,1000,2
3,300,0
3,500,1
3,400,0
3,200,0
3,1099,2
3,800,1
3,901,2
3,500,0
3,300,0
3,300,0
3,700,1
3,1500,2
3,300,0
3,1799,4
3,400,0
3,301,0
3,300,0
3,2000,4
3,400,0
3,1800,4
3,200,0
3,200,0
3,400,0
3,700,1
3,400,0
3,600,1
3,300,0
3,200,0
3,400,0
3,1100,2
3,1000,1
3,1600,2
3,1099,2
3,300,0
3,201,0
3,1400,3
3,1100,2
3,300,0
3,300,0
3,3199,0
3,301,0
3,600,0
3,800,1
3,400,0
3,200,0
3,500,0
3,600,1
3,700,1
3,799,1
3,1000,2
3,1101,2
3,400,0
3,2400,6
3,300,0
3,1699,4
3,500,1
3,200,0
3,1000,1
3,200,0
3,500,1
3,200,0
3,400,0
3,700,1
3,600,1
3,1399,3
3,900,1
3,600,1
3,500,1
3,700,1
3,900,0
3,500,0
3,300,0
3,1200,2
3,1500,2
3,200,0
3,300,0
3,400,0
3,700,1
3,300,0
3,1900,4
3,300,0
3,300,0
3,1299,3
3,200,0
3,1600,2
3,600,1
3,400,0
3,400,0
3,1300,2
3,300,0
3,300,0
3,1500,3
3,300,0
3,499,0
3,700,1
3,801,1
3,700,1
3,700,1
3,1400,2
3,300,0
3,400,0
3,1099,2
3,3001,8
3,900,1
3,1300,2
3,700,0
3,500,1
3,800,1
3,2201,5
3,800,1
3,2000,3
3,300,0
3,400,0
3,300,0
3,800,1
3,300,0
3,200,0
3,300,0
3,300,0
3,1100,2
3,900,1
3,200,0
3,1000,2
3,1199,3
3,200,0
3,400,0
3,400,0
3,200,0
3,400,0
3,1200,2
3,300,0
3,1000,2
3,600,1
3,599,1
3,200,0
3,400,0
3,5101,5
3,200,0
3,800,1
3,400,0
3,200,0
3,300,0
3,1000,2
3,400,0
3,300,0
3,600,0
3,999,2
3,300,0
3,701,1
3,900,2
3,400,0
3,1400,3
3,400,0
3,1200,2
3,600,1
3,500,0
3,901,2
3,600,1
3,600,1
3,1100,1
3,1200,2
3,3000,5
3,200,0
3,800,1
3,200,0
3,1100,2
3,200,0
3,500,0
3,400,0
3,200,0
3,200,0
3,300,0
3,300,0
3,1201,2
3,300,0
3,200,0
3,200,0
3,2600,6
3,1300,3
3,900,2
3,801,2
3,400,0
3,200,0
3,900,2
3,600,1
3,600,0
3,300,0
3,700,1
3,1499,2
3,1101,3
3,400,0
3,200,0
3,400,0
3,300,0
3,400,0
3,800,2
3,700,1
3,600,0
3,600,1
3,800,2
3,500,1
3,400,0
3,1000,2
3,599,1
3,1200,2
3,401,0
3,300,0
3,900,1
3,400,0
3,900,1
3,800,2
3,600,1
3,300,0
3,299,0
3,500,0
3,1101,1
3,700,1
3,400,0
3,200,0
3,500,1
3,1000,2
3,1400,2
3,300,0
3,300,0
3,700,1
3,300,0
3,400,0
3,1800,4
3,400,0
3,400,0
3,1300,3
3,400,0
3,300,0
3,400,0
3,201,0
3,4600,2
3,2199,4
3,1601,4
3,1100,2
3,200,0
3,400,0
3,300,0
3,900,1
3,300,0
3,1400,4
3,2701,5
3,500,1
3,700,1
3,700,1
3,400,0
3,1099,2
3,801,2
3,700,1
3,1699,3
3,401,0
3,700,1
3,500,0
3,900,2
3,700,1
3,300,0
3,1999,4
3,300,0
3,701,1
3,200,0
3,1100,2
3,200,0
3,800,1
3,300,0
3,500,1
3,400,0
3,899,1
3,300,0
3,1701,3
3,200,0
3,200,0
3,1500,3
3,1700,3
3,600,1
3,300,0
3,300,0
3,300,0
3,400,0
3,1500,3
3,700,1
3,1000,2
3,900,1
3,200,0
3,500,1
3,400,0
3,201,0
3,500,1
3,900,1
3,600,0
3,1200,2
3,1300,2
3,200,0
3,200,0
3,700,2
3,601,1
3,300,0
3,300,0
3,400,0
3,800,1
3,300,0
3,1000,2
3,300,0
3,800,1
3,400,0
3,300,0
3,300,0
3,400,0
3,1500,3
3,700,1
3,400,0
3,400,0
3,200,0
3,601,0
3,2100,4
3,800,1
3,300,0
3,1000,2
3,1199,3
3,901,2
3,700,1
3,400,0
3,300,0
3,200,0
3,600,0
3,1000,2
3,13400,3
3,800,1
3,800,1
3,300,0
3,1699,3
3,301,0
3,4700,0
3,300,0
3,1300,2
3,501,0
3,500,0
3,500,0
3,1300,3
3,300,0
3,400,0
3,300,0
3,200,0
3,600,1
3,901,1
3,400,0
3,1700,1
3,700,1
3,300,0
3,200,0
3,200,0
3,300,0
3,399,0
3,600,1
3,1201,0
3,800,1
3,300,0
3,1900,4
3,1000,1
3,899,1
3,701,1
3,1399,2
3,200,0
3,1001,2
3,700,1
3,1700,1
3,200,0
3,400,0
3,200,0
3,800,2
3,499,0
3,600,1
3,2001,1
3,500,0
3,2300,5
3,600,1
3,199,0
3,700,1
3,1900,3
3,400,0
3,200,0
3,300,0
3,600,1
3,800,1
3,2400,4
3,600,1
3,300,0
3,1300,2
3,4900,7
3,900,1
3,400,0
3,1200,2
3,400,0
3,500,0
3,1299,0
3,1201,2
3,300,0
3,1300,2
3,1100,2
3,400,0
3,4400,0
3,500,0
3,300,0
3,200,0
3,1400,3
3,1100,2
3,2400,2
3,2200,5
3,1400,3
3,200,0
3,3000,4
3,1200,2
3,1200,2
3,400,0
3,2399,3
3,700,1
3,400,0
3,600,1
3,1000,1
3,699,1
3,400,0
3,4701,2
3,2799,5
3,1401,3
3,1600,3
3,300,0
3,2899,6
3,2001,4
3,2300,5
3,400,0
3,500,0
3,1999,3
3,701,0
3,500,0
3,3000,5
3,3200,4
3,1300,1
3,1600,2
3,800,1
3,799,1
3,300,0
3,400,0
3,1500,1
3,1800,2
3,3700,6
3,1400,2
3,1100,1
3,300,0
3,2299,2
3,500,0
3,401,0
3,2000,2
3,400,0
3,2100,2
3,300,0
3,1201,1
3,600,0
3,1200,3
3,400,0
3,700,1
3,2799,6
3,601,1
3,500,0
3,300,0
3,600,1
3,600,1
3,200,0
3,500,1
3,300,0
3,500,0
3,900,2
3,200,0
3,1200,2
3,1099,2
3,200,0
3,1101,2
3,200,0
3,1000,2
3,400,0
3,500,1
3,1200,2
3,500,0
3,400,0
3,2800,6
3,300,0
3,400,0
3,1500,3
3,900,1
3,600,0
3,899,2
3,1001,1
3,600,1
3,1400,3
3,200,0
3,600,1
3,2200,4
3,500,0
3,900,1
3,500,1
3,300,0
3,1100,2
3,500,1
3,1100,2
3,200,0
3,200,0
3,300,0
3,400,0
3,600,1
3,300,0
3,400,0
3,800,1
3,1199,2
3,300,0
3,300,0
3,801,1
3,300,0
3,600,1
3,400,0
3,1700,3
3,300,0
3,500,0
3,1199,2
3,400,0
3,500,1
3,300,0
3,399,0
3,600,1
3,1401,2
3,300,0
3,300,0
3,500,1
3,800,1
3,1100,1
3,400,0
3,300,0
3,299,0
3,1200,2
3,501,1
3,400,0
3,900,2
3,200,0
3,800,1
3,400,0
3,2499,5
3,700,1
3,300,0
3,300,0
3,400,0
3,400,0
3,200,0
3,1300,3
3,600,1
3,900,2
3,299,0
3,800,1
3,701,1
3,1600,3
3,300,0
3,600,1
3,400,0
3,800,1
3,1399,2
3,2601,6
3,200,0
3,200,0
3,800,1
3,400,0
3,400,0
3,1799,3
3,200,0
3,200,0
3,401,0
3,600,1
3,200,0
3,200,0
3,300,0
3,1000,1
3,500,1
3,600,1
3,599,1
3,800,1
3,400,1
3,300,0
3,700,1
3,1000,2
3,999,2
3,200,0
3,400,0
3,901,1
3,300,0
3,300,0
3,300,0
3,2100,5
3,300,0
3,1599,2
3,2601,5
3,900,1
3,900,2
3,200,0
3,200,0
3,700,1
3,299,0
3,300,0
3,600,1
3,901,1
3,500,1
3,300,0
3,400,0
3,699,0
3,300,0
3,400,0
3,401,0
3,400,0
3,400,0
3,400,0
3,300,0
3,1600,3
3,400,0
3,900,2
3,399,0
3,400,0
3,500,0
3,501,1
3,300,0
3,1600,4
3,200,0
3,1800,3
3,1399,2
3,300,0
3,300,0
3,901,1
3,200,0
3,1600,4
3,600,1
3,300,0
3,800,1
3,1600,3
3,800,1
3,900,1
3,900,1
3,899,1
3,400,0
3,901,1
3,900,1
3,500,0
3,300,0
3,600,1
3,800,2
3,700,1
3,699,1
3,300,0
3,300,0
3,400,0
3,300,0
3,300,0
3,400,0
3,300,0
3,1600,3
3,500,0
3,1000,2
3,300,0
3,500,0
3,400,0
3,300,0
3,900,1
3,200,0
3,200,0
3,700,1
3,901,1
3,1400,3
3,700,1
3,700,1
3,1600,2
3,399,0
3,200,0
3,500,0
3,300,0
3,1400,2
3,300,0
3,300,0
3,600,1
3,800,1
3,800,1
3,699,1
3,600,1
3,200,0
3,401,0
3,400,0
3,1100,2
3,300,0
3,400,0
3,400,0
3,800,1
3,700,1
3,2100,3
3,200,0
3,600,1
3,1200,2
3,599,1
3,400,0
3,1001,1
3,200,0
3,300,0
3,800,2
3,400,0
3,200,0
3,500,1
3,400,0
3,600,1
3,699,1
3,700,1
3,300,0
3,400,0
3,3600,0
3,500,0
3,599,1
3,300,0
3,300,0
3,600,1
3,600,1
3,1100,3
3,2300,5
3,700,1
3,199,0
3,1601,3
3,500,0
3,1000,1
3,1100,2
3,200,0
3,300,0
3,200,0
3,200,0
3,300,0
3,999,2
3,900,1
3,800,1
3,1000,1
3,1300,2
3,900,1
3,1299,2
3,500,0
3,1001,1
3,1300,3
3,2900,7
3,300,0
3,499,0
3,400,0
3,1300,2
3,1100,2
3,399,0
3,400,0
3,1201,2
3,200,0
3,300,0
3,400,0
3,300,0
3,900,1
3,1900,4
3,499,0
3,300,0
3,600,1
3,901,1
3,900,1
3,1200,2
3,500,1
3,200,0
3,900,1
3,399,1
3,1200,2
3,301,0
3,800,2
3,400,0
3,1000,1
3,400,0
3,400,0
3,1000,3
3,799,1
3,400,0
3,801,2
3,1000,1
3,700,1
3,1300,3
3,400,0
3,1100,2
3,599,1
3,200,0
3,1401,3
3,200,0
3,200,0
3,300,0
3,1100,2
3,1400,3
3,1199,2
3,200,0
3,300,0
3,300,0
3,300,0
3,200,0
3,800,1
3,300,0
3,1100,2
3,800,1
3,801,1
3,400,0
3,1000,2
3,1300,2
3,500,0
3,1100,2
3,4001,2
3,900,2
3,1200,2
3,1000,1
3,1000,1
3,701,1
3,200,0
3,1100,2
3,1499,1
3,300,0
3,2201,3
3,1200,1
3,1900,2
3,400,0
3,200,0
3,200,0
3,1101,1
3,400,0
3,300,0
3,400,0
3,400,0
3,1700,3
3,400,0
3,2199,5
3,1000,2
3,300,0
3,300,0
3,2100,4
3,1699,3
3,700,1
3,901,2
3,400,0
3,800,1
3,400,0
3,300,0
3,400,1
3,400,0
3,1100,2
3,200,0
3,500,0
3,900,1
3,400,0
3,300,0
3,300,0
3,1100,1
3,1200,2
3,700,1
3,500,0
3,199,0
3,1400,2
3,200,0
3,200,0
3,200,0
3,1299,2
3,1201,1
3,500,1
3,300,0
3,300,0
3,200,0
3,200,0
3,1100,2
3,300,0
3,800,1
3,4700,2
3,900,1
3,900,1
3,300,0
3,1399,3
3,1701,0
3,500,0
3,400,0
3,400,0
3,500,1
3,1200,2
3,799,1
3,8700,3
3,300,0
3,600,1
3,600,0
3,2299,2
3,1200,3
3,201,0
3,1000,3
3,200,0
3,600,1
3,900,2
3,400,0
3,700,1
3,500,1
3,800,1
3,600,1
3,601,0
3,300,0
3,400,0
3,900,2
3,1900,3
3,900,1
3,1300,2
3,8701,2
3,1100,2
3,700,1
3,1600,3
3,300,0
3,200,0
3,1900,4
3,299,0
3,1100,2
3,501,0
3,1400,2
3,900,2
3,500,0
3,1200,1
3,300,0
3,300,0
3,700,1
3,400,0
3,301,0
3,400,0
3,2000,4
3,300,0
3,200,0
3,300,0
3,500,0
3,500,0
3,399,0
3,500,1
3,200,0
3,1501,3
3,800,1
3,1700,4
3,300,0
3,300,0
3,300,0
3,999,1
3,300,0
3,1301,2
3,400,0
3,800,1
3,500,1
3,400,0
3,600,1
3,400,0
3,600,1
3,799,1
3,300,0
3,701,1
3,600,1
3,1000,1
3,400,0
3,600,1
3,200,0
3,1000,2
3,1099,2
3,1901,4
3,1300,2
3,1100,2
3,3799,8
3,301,0
3,400,0
3,500,0
3,300,0
3,699,1
3,1200,1
3,1100,1
3,2500,4
3,700,1
3,499,0
3,1801,2
3,2000,2
3,300,0
3,500,0
3,1200,1
3,5001,5
3,1500,1
3,699,1
3,800,0
3,1000,1
3,400,0
3,600,0
3,1500,1
3,1399,1
3,1000,1
3,1300,2
3,300,0
3,1000,1
3,500,0
3,400,0
3,300,0
3,1199,2
3,1601,2
3,900,1
3,2500,3
3,300,0
3,1000,0
3,400,0
3,1099,1
3,600,1
3,200,0
3,1901,4
3,1400,3
3,600,1
3,500,0
3,300,0
3,1799,4
3,400,0
3,400,0
3,500,1
3,700,1
3,200,0
3,300,0
3,200,0
3,900,2
3,700,1
3,1100,2
3,2001,5
3,300,0
3,900,1
3,600,1
3,400,0
3,1100,2
3,599,0
3,300,0
3,400,0
3,3101,8
3,700,1
3,1300,3
3,500,1
3,300,0
3,300,0
3,400,0
3,1501,3
3,200,0
3,200,0
3,600,1
3,1900,4
3,300,0
3,899,1
3,600,1
3,401,0
3,900,1
3,1000,1
3,1100,1
3,1300,2
3,300,0
3,499,0
3,600,1
3,601,1
3,200,0
3,200,0
3,500,1
3,300,0
3,600,0
3,600,0
3,200,0
3,500,0
3,400,0
3,300,0
3,299,0
3,600,0
3,300,0
3,701,1
3,600,0
3,400,0
3,300,0
3,1700,4
3,1699,4
3,1100,2
3,501,0
3,600,1
3,400,0
3,1399,3
3,400,0
3,300,0
3,301,0
3,900,2
3,900,2
3,1400,2
3,600,1
3,1000,2
3,1801,5
3,500,0
3,400,0
3,2500,6
3,400,0
3,800,1
3,299,0
3,700,1
3,4601,3
3,400,0
3,200,0
3,500,1
3,300,0
3,500,0
3,500,0
3,1100,2
3,1500,3
3,200,0
3,1200,2
3,900,2
3,400,0
3,300,0
3,1101,2
3,200,0
3,900,1
3,3800,5
3,1000,1
3,1101,1
3,1700,2
3,600,0
3,500,0
3,600,0
3,500,0
3,400,0
3,801,0
3,1800,3
3,2400,5
3,1299,3
3,500,0
3,200,0
3,1600,3
3,300,0
3,300,0
3,1000,1
3,300,0
3,1900,3
3,300,0
3,400,0
3,200,0
3,500,0
3,3800,9
3,600,1
3,200,0
3,400,0
3,400,0
3,1500,3
3,300,0
3,200,0
3,599,0
3,600,1
3,200,0
3,501,0
3,800,0
3,1100,2
3,800,2
3,300,0
3,900,2
3,1099,3
3,2501,5
3,4400,10
3,1100,3
3,400,0
3,400,0
3,700,1
3,600,1
3,400,0
3,400,0
3,1200,2
3,400,0
3,400,0
3,799,1
3,400,0
3,701,1
3,700,1
3,300,0
3,1300,3
3,900,1
3,300,0
3,300,0
3,1499,2
3,501,1
3,800,1
3,500,1
3,300,0
3,300,0
3,400,0
3,600,1
3,200,0
3,900,2
3,200,0
3,700,1
3,200,0
3,3699,0
3,700,1
3,601,0
3,900,1
3,400,0
3,300,0
3,500,0
3,1300,2
3,700,1
3,199,0
3,900,1
3,601,1
3,1500,3
3,200,0
3,200,0
3,300,0
3,300,0
3,300,0
3,200,0
3,700,1
3,399,0
3,500,1
3,1001,3
3,400,0
3,600,0
3,600,0
3,800,1
3,2000,4
3,599,1
3,1000,2
3,701,1
3,900,1
3,1200,2
3,400,0
3,600,1
3,300,0
3,1499,4
3,1901,3
3,300,0
3,600,1
3,300,0
3,300,0
3,1200,2
3,700,1
3,1099,1
3,400,0
3,500,0
3,1100,2
3,300,0
3,1000,1
3,500,0
3,1600,3
3,699,1
3,300,0
3,1000,1
3,300,0
3,700,1
3,500,0
3,200,0
3,599,1
3,400,0
3,1401,3
3,1000,2
3,900,1
3,800,2
3,400,1
3,1199,2
3,700,1
3,2701,0
3,3899,1
3,300,0
3,400,0
3,1500,3
3,500,0
3,1400,3
3,200,0
3,799,1
3,700,1
3,3601,6
3,1300,3
3,1599,3
3,400,0
3,801,1
3,800,1
3,400,0
3,1000,2
3,700,1
3,1400,2
3,399,0
3,500,0
3,5701,2
3,400,0
3,899,2
3,500,0
3,501,0
3,1400,3
3,4899,2
3,400,0
3,600,1
3,700,1
3,8800,7
3,3000,0
3,800,1
3,400,0
3,400,0
3,200,0
3,500,0
3,2099,5
3,3200,8
3,899,2
3,500,0
3,701,1
3,400,0
3,1200,2
3,700,1
3,300,0
3,1400,3
3,500,0
3,299,0
3,1701,3
3,600,0
3,1000,1
3,400,0
3,400,0
3,1000,1
3,500,0
3,1099,2
3,500,0
3,901,2
3,2900,0
3,4600,0
3,300,0
3,700,1
3,1300,3
3,300,0
3,1000,2
3,600,1
3,800,1
3,300,0
3,200,0
3,200,0
3,300,0
3,200,0
3,3200,1
3,1100,0
3,200,0
3,1900,4
3,300,0
3,600,1
3,499,1
3,900,1
3,1501,2
3,400,0
3,1700,3
3,300,0
3,500,0
3,200,0
3,1699,3
3,301,0
3,1000,1
3,1900,4
3,900,1
3,800,1
3,700,1
3,300,0
3,300,0
3,999,1
3,400,0
3,200,0
3,401,0
3,600,0
3,300,0
3,2100,4
3,700,1
3,200,0
3,300,0
3,899,1
3,500,1
3,201,0
3,200,0
3,300,0
3,600,0
3,300,0
3,400,0
3,2100,4
3,300,0
3,200,0
3,999,1
3,300,0
3,301,0
3,1000,1
3,1000,2
3,300,0
3,500,0
3,700,0
3,4500,0
3,300,0
3,1600,1
3,899,0
3,1801,1
3,800,0
3,1200,1
3,2599,4
3,700,1
3,400,0
3,400,0
3,1500,2
3,300,0
3,300,0
3,500,0
3,1599,2
3,1201,1
3,1400,2
3,400,0
3,300,0
3,500,0
3,300,0
3,600,0
3,1299,2
3,1500,2
3,300,0
3,200,0
3,901,1
3,400,0
3,700,0
3,300,0
3,400,0
3,700,0
3,400,0
3,300,0
3,300,0
3,299,0
3,900,1
3,200,0
3,1500,2
3,1000,1
3,2000,2
3,299,0
3,800,0
3,501,0
3,500,0
3,900,1
3,5800,7
3,1000,0
3,500,0
3,700,1
3,400,0
3,500,0
3,2200,3
3,300,0
3,500,0
3,600,0
3,1400,1
3,400,0
3,600,0
3,600,0
3,1101,1
3,600,0
3,800,0
3,400,0
3,1800,2
3,400,0
3,1099,1
3,1001,1
3,700,0
3,1800,2
3,1500,2
3,1399,1
3,2801,3
3,500,0
3,400,0
3,300,0
3,1000,1
3,599,0
3,700,0
3,400,0
3,300,0
3,1599,2
3,300,0
3,3601,6
3,900,1
3,400,0
3,1399,2
3,1901,3
3,1100,2
3,1100,1
3,1000,1
3,999,2
3,700,0
3,401,0
3,400,0
3,900,1
3,300,0
3,2600,5
3,499,0
3,700,1
3,901,1
3,600,1
3,6700,3
3,1500,1
3,700,0
3,1100,1
3,1199,1
3,300,0
3,2401,3
3,1000,1
3,500,0
3,300,0
3,300,0
3,999,1
3,2401,3
3,2100,4
3,2399,5
3,700,0
3,401,0
3,600,0
3,1000,2
3,600,0
3,2400,4
3,300,0
3,1200,2
3,500,0
3,400,0
3,600,1
3,1500,3
3,400,0
3,300,0
3,600,0
3,400,0
3,300,0
3,1500,2
3,600,0
3,599,1
3,500,0
3,1701,2
3,300,0
3,1200,2
3,1400,2
3,500,0
3,699,1
3,200,0
3,300,0
3,1800,3
3,1100,1
3,1300,1
3,300,0
3,1699,3
3,400,0
3,400,0
3,500,0
3,300,0
3,1100,2
3,2500,4
3,1200,1
3,601,1
3,800,1
3,2900,5
3,900,1
3,1299,2
3,200,0
3,900,1
3,1200,2
3,1900,3
3,800,1
3,499,0
3,300,0
3,400,0
3,301,0
3,600,0
3,600,0
3,600,1
3,1100,1
3,2699,4
3,300,0
3,1701,3
3,900,0
3,1100,1
3,400,0
3,1599,3
3,2601,2
3,1600,1
3,500,0
3,800,1
3,700,0
3,1800,2
3,400,0
3,1300,0
3,700,0
3,999,1
3,301,0
3,1700,1
3,700,1
3,400,0
3,31700,0
3,1100,1
3,901,1
3,400,0
3,500,0
3,500,0
3,1799,2
3,6600,7
3,700,0
3,2001,4
3,2000,1
3,2399,2
3,1801,1
3,5699,7
3,400,0
3,3400,0
3,800,1
3,1600,2
3,1100,1
3,2699,2
3,2901,3
3,300,0
3,400,0
3,1899,1
3,300,0
3,1200,1
3,400,0
3,2000,1
3,1199,1
3,500,0
3,1501,2
3,300,0
3,600,0
3,700,0
3,300,0
3,500,0
3,1600,2
3,1000,1
3,1300,1
3,3000,3
3,700,0
3,600,0
3,400,0
3,500,0
3,900,0
3,2200,3
3,600,0
3,499,0
3,700,0
3,1301,2
3,700,0
3,3300,4
3,1100,1
3,1701,1
3,2300,5
3,300,0
3,300,0
3,300,0
3,399,0
3,3101,5
3,900,1
3,2300,2
3,1400,1
3,600,0
3,1100,1
3,1100,1
3,2299,4
3,2801,5
4,400,0
4,2701,8
4,500,1
4,900,2
4,1700,5
4,600,1
4,1000,3
4,901,2
4,900,2
4,2100,7
4,700,2
4,1499,4
4,900,3
4,1201,3
4,1300,4
4,700,2
4,2399,7
4,800,2
4,1801,6
4,300,0
4,500,1
4,900,2
4,300,0
4,600,1
4,1099,3
4,4001,2
4,400,0
4,900,2
4,600,1
4,500,1
4,2500,5
4,400,0
4,1299,2
4,1701,3
4,400,0
4,1000,1
4,2000,3
4,1100,1
4,501,0
4,700,1
4,300,0
4,1900,5
4,1900,5
4,1100,2
4,400,0
4,501,1
4,400,0
4,800,1
4,1500,4
4,300,0
4,1999,6
4,1001,2
4,400,0
4,800,1
4,1300,3
4,1200,3
4,700,0
4,400,0
4,800,1
4,1999,4
4,1501,4
4,800,1
4,1600,4
4,400,0
4,400,0
4,1699,3
4,400,0
4,400,0
4,3100,6
4,4000,9
4,600,1
4,1500,4
4,600,1
4,200,0
4,2299,8
4,1701,5
4,1500,5
4,300,0
4,2299,7
4,400,0
4,1201,3
4,1000,3
4,300,0
4,2300,7
4,300,0
4,3000,8
4,300,0
4,1200,3
4,4201,10
4,400,0
4,999,1
4,1501,3
4,1500,3
4,1200,2
4,400,0
4,1599,3
4,500,0
4,401,0
4,2600,5
4,4100,2
4,900,1
4,2800,5
4,600,0
4,1601,1
4,800,1
4,1100,2
4,1100,3
4,2100,2
4,600,1
4,900,2
4,5800,9
4,2900,6
4,1400,0
4,499,0
4,2201,5
4,600,1
4,400,0
4,2000,1
4,400,0
4,999,2
4,400,0
4,901,2
4,2400,2
4,300,0
4,300,0
4,900,2
4,499,0
4,3501,5
4,1000,2
4,900,1
4,4400,8
4,1400,2
4,600,0
4,800,1
4,3000,3
4,1100,2
4,1000,1
4,900,1
4,3201,4
4,900,1
4,11400,10
4,1100,2
4,900,1
4,2399,3
4,300,0
4,1801,5
4,400,0
4,400,0
4,1900,0
4,800,1
4,399,0
4,2301,4
4,700,1
4,1500,2
4,2100,4
4,3900,6
4,400,0
4,400,0
4,1500,2
4,1400,2
4,6800,3
4,900,2
4,1800,5
4,200,0
4,900,2
4,600,1
4,200,0
4,400,0
4,2301,7
4,800,2
4,2699,7
4,3401,6
4,600,0
4,400,0
4,500,0
4,999,1
4,700,1
4,601,1
4,1600,4
4,600,1
4,800,1
4,7200,20
4,2899,7
4,701,1
4,2100,5
4,1100,2
4,1500,4
4,1099,2
4,1701,5
4,900,1
4,1100,3
4,1900,4
4,4101,11
4,3399,7
4,1501,1
4,2600,5
4,500,0
4,1000,1
4,1799,3
4,500,0
4,500,0
4,900,1
4,400,0
4,900,1
4,1099,1
4,1401,3
4,2200,4
4,500,0
4,900,1
4,11000,11
4,4000,8
4,400,0
4,1001,1
4,2100,3
4,1900,3
4,3100,6
4,2800,7
4,700,2
4,300,0
4,4100,13
4,7100,25
4,300,0
4,400,0
4,700,2
4,500,1
4,300,0
4,300,0
4,2500,8
4,900,2
4,2300,8
4,400,1
4,300,0
4,300,0
4,2600,8
4,300,0
4,900,2
4,300,0
4,1100,3
4,700,1
4,1799,6
4,1901,6
4,300,0
4,300,0
4,3800,12
4,1400,4
4,500,1
4,900,2
4,499,1
4,1000,3
4,701,1
4,1100,3
4,1800,5
4,2299,8
4,5101,2
4,500,1
4,1000,3
4,2200,7
4,200,0
4,2300,8
4,1600,5
4,500,1
4,2401,7
4,1400,3
4,2500,8
4,500,1
4,499,1
4,300,0
4,1201,3
4,200,0
4,2300,7
4,300,0
4,700,1
4,300,0
4,300,0
4,600,1
4,1401,4
4,1000,3
4,1400,5
4,2200,7
4,2100,6
4,200,0
4,600,1
4,600,2
4,800,2
4,1600,4
4,300,0
4,1799,6
4,601,1
4,800,2
4,1800,5
4,500,1
4,400,0
4,1000,3
4,599,1
4,3701,13
4,2100,7
4,1699,6
4,1401,4
4,1100,3
4,300,0
4,400,0
4,799,2
4,5001,3
4,600,1
4,1099,3
4,300,0
4,1601,5
4,1600,5
4,1200,4
4,1600,5
4,999,2
4,500,1
4,1301,3
4,300,0
4,200,0
4,300,0
4,1300,3
4,1300,4
4,200,0
4,1300,4
4,301,0
4,1300,4
4,600,1
4,800,2
4,1900,7
4,299,0
4,1100,3
4,1601,5
4,1900,5
4,300,0
4,400,0
4,1599,5
4,1501,5
4,1800,5
4,400,0
4,6000,14
4,900,1
4,4700,14
4,1500,4
4,700,2
4,2800,9
4,300,0
4,3401,11
4,2200,7
4,400,0
4,200,0
4,599,1
4,1101,3
4,200,0
4,4800,0
4,2900,11
4,2599,5
4,400,0
4,400,0
4,600,0
4,2600,6
4,900,1
4,1799,4
4,700,0
4,1300,2
4,400,0
4,1900,3
4,2501,4
4,900,1
4,1100,2
4,500,0
4,2899,5
4,201,0
4,1600,5
4,1100,3
4,600,1
4,500,1
4,300,0
4,2300,7
4,3200,10
4,900,2
4,200,0
4,300,0
4,999,3
4,1401,4
4,1600,5
4,800,2
4,400,0
4,500,1
4,300,0
4,700,1
4,1299,3
4,300,0
4,401,0
4,700,2
4,300,0
4,2400,7
4,2499,8
4,200,0
4,3201,11
4,1000,2
4,1300,4
4,1299,4
4,901,2
4,500,1
4,300,0
4,1200,4
4,500,1
4,5500,0
4,800,2
4,700,1
4,501,1
4,1600,5
4,700,1
4,1400,4
4,300,0
4,999,3
4,1300,4
4,300,0
4,600,2
4,700,1
4,1100,3
4,1800,5
4,300,0
4,299,0
4,800,2
4,701,2
4,600,1
4,500,1
4,300,0
4,200,0
4,500,1
4,1300,4
4,1299,4
4,600,1
4,2201,7
4,2300,7
4,900,2
4,799,2
4,300,0
4,500,1
4,600,1
4,2100,6
4,1500,4
4,500,1
4,999,3
4,900,2
4,301,0
4,2300,7
4,1900,6
4,1499,4
4,800,2
4,701,1
4,400,1
4,600,1
4,2100,7
4,300,0
4,600,2
4,799,1
4,1101,3
4,10800,24
4,2299,7
4,400,0
4,901,3
4,2600,8
4,499,0
4,400,0
4,600,1
4,301,0
4,1400,4
4,700,2
4,200,0
4,300,0
4,300,0
4,1799,6
4,1300,3
4,1601,5
4,1900,5
4,1600,4
4,899,2
4,300,0
4,1101,3
4,300,0
4,300,0
4,1600,5
4,300,0
4,4100,14
4,600,1
4,500,1
4,1600,5
4,300,0
4,300,0
4,400,0
4,300,0
4,200,0
4,300,0
4,1901,6
4,400,0
4,3200,10
4,1899,6
4,200,0
4,401,0
4,700,1
4,600,1
4,500,1
4,2300,6
4,2199,7
4,501,1
4,1300,3
4,1800,6
4,300,0
4,10199,21
4,300,0
4,1300,3
4,300,0
4,1200,3
4,800,1
4,300,0
4,200,0
4,300,0
4,300,0
4,899,2
4,300,0
4,2401,8
4,3200,10
4,899,2
4,500,1
4,800,2
4,301,0
4,300,0
4,300,0
4,2800,9
4,400,1
4,2800,9
4,300,0
4,900,2
4,600,1
4,2600,8
4,300,0
4,3301,7
4,3000,5
4,799,1
4,1200,2
4,1000,2
4,1100,2
4,3199,8
4,400,0
4,500,0
4,401,0
4,3100,8
4,4700,6
4,1000,1
4,1899,4
4,1601,3
4,3300,8
4,600,0
4,1299,2
4,1701,3
4,700,1
4,500,0
4,1300,2
4,800,1
4,1400,3
4,1100,2
4,7900,2
4,2000,3
4,2399,6
4,3601,8
4,3799,10
4,600,1
4,700,1
4,1800,4
4,400,0
4,500,0
4,1900,5
4,799,1
4,1801,3
4,3100,7
4,1100,2
4,399,0
4,1801,3
4,2600,7
4,800,1
4,700,1
4,2101,4
4,4200,9
4,799,1
4,3601,6
4,400,0
4,1800,3
4,599,0
4,4401,8
4,2500,5
4,400,0
4,1801,4
4,1700,3
4,1000,1
4,2399,5
4,501,0
4,800,1
4,2100,3
4,900,1
4,500,0
4,1199,3
4,1001,2
4,1600,4
4,2100,6
4,899,1
4,800,1
4,400,0
4,800,1
4,11000,14
4,2399,6
4,501,0
4,2700,7
4,300,0
4,1800,4
4,1901,5
4,2100,6
4,600,1
4,2000,5
4,399,0
4,1200,2
4,1100,2
4,1700,4
4,6800,20
4,500,0
4,1100,2
4,1600,4
4,1399,3
4,1000,2
4,1600,4
4,700,1
4,3399,9
4,600,1
4,3901,12
4,700,1
4,600,1
4,1499,2
4,1401,3
4,1300,2
4,2200,4
4,999,1
4,3801,8
4,1700,3
4,1299,2
4,2201,4
4,2200,5
4,4700,5
4,400,0
4,6600,10
4,1000,2
4,2200,5
4,9399,2
4,3200,5
4,799,1
4,300,0
4,8300,11
4,7600,5
4,1000,2
4,2600,7
4,499,0
4,2501,5
4,400,0
4,800,1
4,1600,3
4,2700,5
4,600,0
4,400,0
4,2400,5
4,1899,3
4,701,1
4,1200,2
4,3100,6
4,3900,8
4,3999,9
4,4501,8
4,800,1
4,3199,8
4,300,0
4,501,0
4,1900,4
4,300,0
4,1300,3
4,500,0
4,1799,4
4,801,1
4,300,0
4,400,0
4,2100,5
4,600,1
4,600,1
4,1899,5
4,400,0
4,700,1
4,300,0
4,300,0
4,400,0
4,1500,3
4,799,2
4,800,1
4,1001,2
4,1100,3
4,1100,2
4,2500,6
4,7500,3
4,1901,5
4,1000,1
4,300,0
4,700,1
4,1800,5
4,3400,8
4,2500,5
4,3199,7
4,300,0
4,900,1
4,300,0
4,2900,8
4,4900,13
4,300,0
4,1600,4
4,399,0
4,800,1
4,601,1
4,300,0
4,1300,3
4,300,0
4,1200,3
4,400,0
4,799,1
4,2101,5
4,300,0
4,900,1
4,1601,4
4,2600,7
4,300,0
4,12100,16
4,700,1
4,400,0
4,800,1
4,1699,4
4,1301,3
4,2600,5
4,2200,4
4,2200,6
4,1700,3
4,300,0
4,2800,6
4,800,1
4,2001,4
4,800,1
4,400,0
4,700,1
4,700,1
4,300,0
4,11400,15
4,300,0
4,800,1
4,4700,11
4,3800,9
4,300,0
4,699,1
4,400,0
4,801,1
4,800,1
4,600,1
4,500,0
4,1100,2
4,800,1
4,799,1
4,600,1
4,10501,8
4,1700,4
4,2199,5
4,2401,5
4,1400,3
4,1900,4
4,300,0
4,2101,5
4,2200,6
4,2199,4
4,1701,3
4,500,0
4,300,0
4,1300,3
4,3599,8
4,800,1
4,1399,3
4,300,0
4,1300,3
4,400,0
4,3500,8
4,1300,3
4,1701,4
4,1700,3
4,600,1
4,2799,7
4,501,0
4,900,2
4,800,1
4,500,0
4,300,0
4,2199,5
4,2701,7
4,700,1
4,1601,4
4,2200,5
4,300,0
4,800,1
4,300,0
4,3099,7
4,1800,4
4,300,0
4,2200,5
4,2399,6
4,501,0
4,300,0
4,1200,2
4,2000,4
4,1399,3
4,1301,3
4,600,1
4,2000,4
4,500,0
4,400,0
4,600,1
4,1399,3
4,2001,4
4,1400,3
4,600,1
4,400,0
4,1799,5
4,300,0
4,1801,4
4,1400,3
4,2899,6
4,1701,5
4,400,0
4,1400,3
4,1100,2
4,400,0
4,1000,2
4,400,0
4,1600,3
4,400,0
4,700,1
4,2901,7
4,300,0
4,700,1
4,700,1
4,600,1
4,1399,3
4,800,1
4,601,1
4,800,1
4,700,1
4,2700,6
4,1499,4
4,701,1
4,1500,3
4,1700,3
4,1000,2
4,900,1
4,300,0
4,300,0
4,699,1
4,400,0
4,1401,3
4,2400,5
4,1900,4
4,299,0
4,1300,3
4,1400,3
4,1900,4
4,400,0
4,2800,7
4,300,0
4,1500,3
4,300,0
4,3099,7
4,800,1
4,4401,12
4,1399,3
4,700,1
4,801,1
4,1800,4
4,400,0
4,1800,4
4,699,0
4,600,1
4,1401,3
4,300,0
4,900,2
4,600,0
4,401,0
4,1000,2
4,500,0
4,2100,5
4,300,0
4,1799,4
4,1801,4
4,500,0
4,800,1
4,400,0
4,7400,21
4,800,1
4,1999,5
4,1101,2
4,800,1
4,500,0
4,1000,1
4,400,0
4,1999,4
4,4401,9
4,8700,3
4,999,1
4,1801,4
4,1600,3
4,600,0
4,2899,5
4,2101,3
4,1600,2
4,2999,6
4,400,0
4,400,0
4,2100,4
4,1700,5
4,299,0
4,200,0
4,1801,6
4,2100,6
4,200,0
4,1600,4
4,300,0
4,2101,7
4,1500,4
4,600,1
4,2899,10
4,2401,7
4,1500,4
4,1100,3
4,300,0
4,1200,4
4,1200,4
4,301,0
4,1000,2
4,300,0
4,999,2
4,700,1
4,1901,5
4,1000,3
4,1000,2
4,800,2
4,200,0
4,999,3
4,1001,3
4,700,1
4,1700,5
4,500,1
4,700,2
4,300,0
4,1599,5
4,1401,4
4,500,1
4,1200,3
4,800,2
4,300,0
4,5500,5
4,300,0
4,700,1
4,1000,2
4,1199,3
4,3001,9
4,200,0
4,700,1
4,900,2
4,300,0
4,300,0
4,3400,12
4,1600,5
4,1300,3
4,500,1
4,300,0
4,1999,6
4,601,1
4,300,0
4,900,2
4,300,0
4,1700,5
4,1000,3
4,1299,4
4,1501,4
4,600,1
4,800,1
4,300,0
4,1100,3
4,200,0
4,2599,8
4,1000,3
4,1600,5
4,500,1
4,1000,2
4,600,1
4,2299,8
4,300,0
4,501,1
4,500,1
4,700,1
4,300,0
4,1000,3
4,800,2
4,1300,3
4,1801,5
4,1300,3
4,300,0
4,700,1
4,1400,4
4,600,1
4,1699,5
4,1301,3
4,8200,7
4,2400,7
4,500,0
4,599,1
4,600,1
4,600,1
4,300,0
4,300,0
4,800,2
4,500,1
4,600,1
4,400,0
4,900,3
4,800,2
4,1599,4
4,500,1
4,1200,4
4,4699,17
4,1401,4
4,1100,3
4,200,0
4,600,1
4,800,2
4,700,2
4,200,0
4,599,1
4,300,0
4,4101,15
4,400,0
4,1000,3
4,300,0
4,700,1
4,1001,2
4,1500,5
4,2400,9
4,400,0
4,1400,4
4,200,0
4,799,2
4,300,0
4,2101,7
4,1700,5
4,900,2
4,400,0
4,600,1
4,599,1
4,600,1
4,1001,3
4,300,0
4,1600,5
4,600,1
4,300,0
4,1400,3
4,599,1
4,700,2
4,601,1
4,700,1
4,1200,3
4,2201,6
4,900,2
4,200,0
4,3600,12
4,500,1
4,1101,3
4,300,0
4,3400,11
4,2400,8
4,700,1
4,700,2
4,1399,4
4,1901,5
4,1200,3
4,500,1
4,3899,10
4,1301,2
4,1900,3
4,2499,5
4,3601,7
4,6200,13
4,300,0
4,3200,11
4,700,2
4,300,0
4,501,1
4,200,0
4,300,0
4,1900,6
4,300,0
4,1500,5
4,2600,8
4,1299,4
4,400,0
4,300,0
4,301,0
4,600,1
4,700,1
4,200,0
4,3400,8
4,10701,10
4,1000,2
4,400,0
4,500,0
4,3700,8
4,4400,10
4,1801,3
4,500,0
4,7600,17
4,500,0
4,500,0
4,800,1
4,900,2
4,300,0
4,399,0
4,300,0
4,500,1
4,801,2
4,600,1
4,1500,4
4,300,0
4,300,0
4,1000,3
4,399,0
4,600,1
4,400,0
4,301,0
4,1800,3
4,1500,2
4,3500,8
4,800,1
4,800,1
4,400,0
4,1100,2
4,300,0
4,1899,4
4,301,0
4,800,1
4,900,1
4,300,0
4,3899,11
4,300,0
4,1501,4
4,1700,5
4,300,0
4,1700,3
4,1300,2
4,400,0
4,800,1
4,1001,1
4,400,0
4,1800,4
4,2000,4
4,399,0
4,2001,3
4,500,0
4,6500,6
4,1900,2
4,800,1
4,499,0
4,10001,2
4,700,1
4,500,0
4,800,1
4,5901,7
4,5700,10
4,399,0
4,600,1
4,5100,8
4,800,1
4,900,2
4,2100,4
4,300,0
4,1099,1
4,400,0
4,1001,1
4,3700,4
4,3200,6
4,1200,2
4,4099,6
4,700,1
4,800,1
4,400,0
4,2399,4
4,1701,3
4,900,1
4,400,0
4,2799,2
4,3501,3
4,700,1
4,1299,0
4,5301,9
4,500,0
4,400,0
4,3901,8
4,1300,2
4,800,1
4,800,1
4,2100,2
4,900,1
4,1999,4
4,2101,3
4,500,0
4,1000,1
4,2499,5
4,1000,1
4,500,0
4,2100,4
4,900,1
4,1000,1
4,999,1
4,4001,9
4,800,1
4,2399,4
4,400,0
4,500,0
4,8500,8
4,1900,4
4,5400,11
4,2200,5
4,1299,2
4,601,0
4,1400,2
4,3100,7
4,1499,3
4,501,0
4,3000,5
4,600,1
4,1899,4
4,1401,2
4,5299,11
4,1101,3
4,1600,5
4,1000,2
4,2699,9
4,2101,6
4,2500,8
4,1000,2
4,800,2
4,400,0
4,900,2
4,601,1
4,800,2
4,2700,8
4,300,0
4,1999,6
4,701,2
4,300,0
4,800,2
4,500,1
4,1400,5
4,1899,6
4,600,1
4,200,0
4,1499,4
4,700,2
4,301,0
4,2600,9
4,600,1
4,1400,4
4,300,0
4,1100,2
4,2499,8
4,500,1
4,901,2
4,2300,7
4,1000,3
4,800,2
4,1499,5
4,1201,3
4,900,3
4,500,1
4,2100,7
4,800,2
4,300,0
4,4400,14
4,400,0
4,300,0
4,700,2
4,2899,9
4,801,2
4,1600,4
4,300,0
4,2699,9
4,1501,4
4,800,2
4,900,2
4,2200,7
4,500,1
4,799,2
4,1200,3
4,1600,5
4,500,1
4,300,0
4,1000,3
4,700,1
4,799,2
4,300,0
4,700,1
4,301,0
4,1300,4
4,300,0
4,700,1
4,800,2
4,3199,11
4,701,1
4,700,1
4,1999,8
4,401,0
4,3600,0
4,1500,5
4,4101,14
4,200,0
4,900,2
4,400,0
4,1200,3
4,500,1
4,2801,8
4,1400,5
4,900,2
4,300,0
4,999,3
4,300,0
4,1000,3
4,2900,11
4,1300,4
4,600,1
4,400,0
4,1901,6
4,1200,4
4,2400,7
4,600,1
4,200,0
4,1899,6
4,1201,3
4,200,0
4,600,1
4,900,3
4,200,0
4,1899,6
4,700,2
4,200,0
4,1001,3
4,200,0
4,500,1
4,600,1
4,300,0
4,200,0
4,900,2
4,1599,5
4,500,1
4,1800,6
4,2700,9
4,2800,8
4,800,2
4,500,1
4,1800,5
4,200,0
4,300,0
4,4000,0
4,1499,4
4,2001,7
4,300,0
4,1700,5
4,900,2
4,1499,4
4,1200,3
4,1600,5
4,400,0
4,400,0
4,600,1
4,200,0
4,6500,24
4,200,0
4,1600,5
4,699,1
4,3101,10
4,200,0
4,2700,9
4,600,1
4,2100,6
4,600,1
4,900,2
4,500,1
4,900,2
4,600,1
4,700,2
4,300,0
4,900,2
4,701,1
4,600,1
4,700,1
4,300,0
4,800,2
4,500,1
4,200,0
4,1300,4
4,799,2
4,300,0
4,1401,4
4,1200,4
4,300,0
4,1000,3
4,400,0
4,500,1
4,499,1
4,1400,4
4,300,0
4,800,2
4,300,0
4,1300,4
4,1500,5
4,300,0
4,4800,1
4,1100,3
4,1300,3
4,700,1
4,1100,3
4,799,2
4,2001,6
4,800,2
4,800,2
4,2700,10
4,1801,6
4,400,0
4,600,1
4,500,1
4,1800,6
4,1999,7
4,1201,3
4,1300,4
4,400,1
4,1400,4
4,300,0
4,600,1
4,1999,6
4,300,0
4,300,0
4,700,1
4,1800,5
4,300,0
4,2599,7
4,801,2
4,700,2
4,500,1
4,600,1
4,1300,3
4,200,0
4,300,0
4,2399,7
4,300,0
4,300,0
4,1700,5
4,1600,5
4,1100,2
4,1100,2
4,500,1
4,300,0
4,300,0
4,2200,6
4,1000,2
4,2899,11
4,300,0
4,300,0
4,600,1
4,200,0
4,7400,9
4,1200,4
4,1001,2
4,900,2
4,300,0
4,300,0
4,200,0
4,300,0
4,700,2
4,400,0
4,200,0
4,1699,6
4,200,0
4,1401,4
4,600,1
4,500,1
4,600,1
4,2899,8
4,500,1
4,501,1
4,2700,9
4,300,0
4,2199,8
4,1200,3
4,601,1
4,200,0
4,900,3
4,1200,4
4,1300,4
4,1399,5
4,5701,20
4,1099,3
4,300,0
4,300,0
4,3201,10
4,600,1
4,600,1
4,700,1
4,1199,4
4,200,0
4,801,2
4,300,0
4,300,0
4,1200,3
4,900,2
4,2000,5
4,300,0
4,300,0
4,1701,5
4,1400,4
4,300,0
4,1300,4
4,4300,0
4,1100,3
4,1400,4
4,1299,4
4,1501,4
4,1400,4
4,500,1
4,2200,7
4,2700,9
4,2300,9
4,499,1
4,500,1
4,901,3
4,2100,7
4,600,1
4,2200,6
4,1100,3
4,801,2
4,2200,7
4,900,2
4,300,0
4,3300,11
4,200,0
4,600,2
4,3000,10
4,400,0
4,200,0
4,300,0
4,500,1
4,500,1
4,200,0
4,600,1
4,400,0
4,300,0
4,1400,5
4,1500,4
4,300,0
4,499,1
4,2001,6
4,500,1
4,200,0
4,1500,4
4,1800,6
4,900,2
4,1901,6
4,400,0
4,1000,2
4,1900,6
4,400,0
4,5900,4
4,2299,9
4,1101,4
4,700,2
4,400,1
4,600,1
4,1300,3
4,1000,3
4,899,2
4,300,0
4,1300,3
4,600,1
4,800,2
4,300,0
4,300,0
4,1701,5
4,1300,3
4,200,0
4,700,2
4,1100,3
4,899,2
4,1401,5
4,700,2
4,6300,5
4,2400,8
4,300,0
4,1600,5
4,300,0
4,499,1
4,1300,4
4,1700,5
4,700,2
4,1000,3
4,300,0
4,1499,4
4,2601,8
4,300,0
4,1800,5
4,1300,4
4,2299,8
4,800,2
4,1300,3
4,1100,3
4,500,1
4,300,0
4,899,2
4,2001,7
4,600,1
4,200,0
4,700,2
4,600,1
4,5700,6
4,600,1
4,700,2
4,400,0
4,1000,3
4,1499,5
4,700,2
4,601,1
4,500,1
4,2400,8
4,600,1
4,200,0
4,300,0
4,700,1
4,300,0
4,300,0
4,1400,4
4,600,1
4,999,3
4,1401,4
4,300,0
4,600,1
4,600,1
4,900,2
4,600,1
4,400,1
4,500,1
4,1699,5
4,300,0
4,3200,11
4,1100,3
4,400,0
4,500,1
4,700,1
4,1101,3
4,300,0
4,2600,9
4,300,0
4,700,1
4,1199,4
4,500,1
4,901,2
4,2200,7
4,2300,7
4,499,1
4,300,0
4,600,1
4,301,0
4,2000,6
4,1400,4
4,800,2
4,300,0
4,500,1
4,1700,5
4,800,2
4,1300,3
4,200,0
4,5900,7
4,1400,4
4,2300,7
4,2200,7
4,4200,14
4,1399,4
4,300,0
4,400,1
4,601,1
4,300,0
4,600,1
4,999,3
4,1200,3
4,2301,8
4,500,1
4,600,1
4,600,1
4,2399,7
4,1801,6
4,400,1
4,1400,4
4,2799,9
4,1201,3
4,1400,4
4,2000,6
4,1000,3
4,300,0
4,599,1
4,2201,7
4,1300,4
4,1100,3
4,800,1
4,1199,3
4,1901,6
4,2000,6
4,1400,4
4,500,1
4,899,2
4,1200,3
4,300,0
4,400,1
4,1400,4
4,700,1
4,400,0
4,4900,10
4,800,2
4,1500,4
4,500,0
4,500,1
4,300,0
4,1201,4
4,1500,1
4,2200,8
4,3400,7
4,300,0
4,3500,9
4,1599,5
4,901,2
4,200,0
4,1000,2
4,500,1
4,300,0
4,600,2
4,200,0
4,1301,0
4,1800,6
4,300,0
4,2199,4
4,1901,6
4,2300,4
4,600,1
4,300,0
4,4300,11
4,1400,4
4,300,0
4,2499,4
4,400,0
4,800,2
4,500,1
4,4800,13
4,2600,6
4,600,1
4,1100,3
4,2000,3
4,200,0
4,5700,17
4,500,1
4,300,0
4,2199,4
4,600,1
4,800,1
4,600,1
4,400,0
4,300,0
4,400,0
4,300,0
4,800,2
4,800,2
4,800,2
4,900,3
4,3600,12
4,1400,4
4,300,0
4,600,2
4,400,0
4,1300,4
4,299,0
4,800,2
4,601,1
4,300,0
4,400,0
4,800,2
4,600,1
4,2700,9
4,299,0
4,300,0
4,1301,4
4,600,1
4,700,2
4,699,2
4,500,1
4,200,0
4,300,0
4,1500,5
4,1200,3
4,2000,7
4,599,1
4,600,1
4,300,0
4,1201,3
4,200,0
4,1400,4
4,500,1
4,200,0
4,300,0
4,1100,3
4,2201,7
4,700,2
4,1900,6
4,1600,5
4,300,0
4,1500,6
4,600,1
4,1500,5
4,1500,5
4,300,0
4,600,1
4,400,0
4,800,2
4,801,2
4,200,0
4,500,1
4,600,1
4,300,0
4,500,1
4,400,1
4,601,1
4,600,1
4,300,0
4,800,2
4,200,0
4,1400,4
4,500,1
4,1299,4
4,1801,5
4,3000,9
4,1400,5
4,1100,3
4,200,0
4,501,1
4,500,1
4,300,0
4,1300,3
4,601,1
4,400,1
4,1100,3
4,1400,4
4,300,0
4,500,1
4,500,1
4,500,1
4,400,0
4,801,3
4,300,0
4,600,1
4,800,2
4,300,0
4,2899,10
4,2101,7
4,700,2
4,3999,14
4,1601,6
4,500,1
4,200,0
4,300,0
4,600,1
4,400,0
4,1300,4
4,300,0
4,1799,5
4,500,1
4,2000,6
4,1000,3
4,1000,3
4,1899,6
4,400,0
4,301,0
4,5799,8
4,500,1
4,600,1
4,800,2
4,3000,10
4,500,1
4,300,0
4,1199,3
4,1901,7
4,300,0
4,2700,11
4,1000,3
4,3201,11
4,900,2
4,1400,4
4,1400,4
4,500,1
4,700,2
4,301,0
4,400,1
4,300,0
4,1199,4
4,1801,7
4,300,0
4,500,1
4,300,0
4,1100,3
4,1100,3
4,899,2
4,1200,3
4,601,2
4,600,1
4,500,1
4,1000,2
4,300,0
4,600,1
4,1100,3
4,399,1
4,500,1
4,600,1
4,600,1
4,600,1
4,1100,3
4,1200,3
4,500,1
4,300,0
4,999,3
4,2001,7
4,2800,9
4,700,1
4,600,1
4,2301,7
4,5699,7
4,300,0
4,901,2
4,400,1
4,600,1
4,1500,5
4,5800,20
4,1900,6
4,2299,8
4,300,0
4,1501,4
4,200,0
4,1700,5
4,300,0
4,2799,10
4,2601,8
4,6800,5
4,400,0
4,300,0
4,3799,7
4,1601,5
4,300,0
4,4200,14
4,1799,5
4,901,2
4,400,0
4,600,1
4,2000,6
4,500,1
4,600,1
4,599,1
4,2401,9
4,1100,3
4,500,1
4,200,0
4,200,0
4,1000,3
4,999,2
4,300,0
4,500,1
4,1601,5
4,800,2
4,1400,5
4,600,1
4,6400,7
4,300,0
4,900,3
4,799,2
4,700,1
4,2901,11
4,1200,2
4,4900,10
4,3799,8
4,1100,2
4,1201,1
4,300,0
4,400,0
4,5600,13
4,1700,3
4,400,0
4,1200,2
4,1299,2
4,1801,3
4,400,0
4,3599,7
4,1901,4
4,1100,1
4,600,0
4,1700,3
4,500,0
4,1699,3
4,400,0
4,1100,1
4,1100,1
4,7100,15
4,1400,2
4,5400,11
4,2400,5
4,500,0
4,1599,4
4,1100,2
4,1200,2
4,500,0
4,1499,4
4,700,1
4,401,0
4,400,0
4,1000,2
4,2200,6
4,800,1
4,3300,8
4,6100,4
4,3600,9
4,400,0
4,3800,11
4,3400,9
4,1399,3
4,1601,3
4,600,1
4,300,0
4,1200,2
4,2399,5
4,2501,5
4,1500,4
4,2599,5
4,1401,2
4,500,0
4,7500,17
4,4100,7
4,1300,1
4,2301,3
4,5600,10
4,1700,3
4,1400,3
4,500,0
4,2401,5
4,400,0
4,8500,12
4,3600,5
4,1500,3
4,2200,4
4,600,1
4,1900,4
4,900,1
4,900,1
4,400,0
4,7200,6
4,3499,5
4,7500,13
4,7100,3
4,1499,2
4,4101,10
4,3299,8
4,600,0
4,500,0
4,1200,2
4,1500,2
4,800,1
4,4300,8
4,400,0
4,500,0
4,500,0
4,400,0
4,1499,2
4,3301,6
4,2200,4
4,900,1
4,801,1
4,700,0
4,400,0
4,200,0
4,500,0
4,300,0
4,1100,3
4,1199,3
4,600,1
4,801,2
4,900,1
4,599,0
4,500,0
4,801,1
4,1700,3
4,4199,11
4,2101,4
4,900,1
4,1000,1
4,1099,2
4,700,1
4,5201,11
4,2700,5
4,1500,2
4,800,1
4,2300,5
4,1000,2
4,300,0
4,700,1
4,600,1
4,900,2
4,1000,2
4,300,0
4,2599,7
4,700,1
4,999,2
4,2301,6
4,600,1
4,9200,8
4,800,1
4,799,1
4,700,1
4,2801,6
4,4599,9
4,2800,5
4,1100,2
4,700,1
4,1299,4
4,1201,3
4,400,0
4,1600,5
4,5500,20
4,300,0
4,600,1
4,500,1
4,200,0
4,700,1
4,300,0
4,1499,5
4,200,0
4,2801,8
4,2900,5
4,2000,4
4,1900,4
4,800,1
4,1700,3
4,2201,4
4,700,0
4,500,0
4,4299,10
4,900,1
4,700,1
4,400,0
4,4700,13
4,400,1
4,2000,6
4,300,0
4,400,1
4,300,0
4,900,2
4,399,0
4,800,2
4,1901,7
4,1800,5
4,1000,3
4,700,1
4,900,2
4,900,2
4,5199,17
4,3001,9
4,800,2
4,1200,3
4,400,0
4,899,2
4,600,1
4,1401,4
4,800,1
4,1600,5
4,1800,6
4,200,0
4,500,1
4,300,0
4,1301,3
4,800,2
4,300,0
4,200,0
4,500,1
4,1400,4
4,400,0
4,499,1
4,1000,3
4,3201,10
4,3599,12
4,300,0
4,301,0
4,400,0
4,1400,5
4,1200,4
4,2099,6
4,4501,10
4,500,1
4,500,1
4,700,2
4,300,0
4,699,1
4,500,1
4,1101,3
4,600,1
4,1500,4
4,500,1
4,1600,5
4,900,3
4,701,2
4,200,0
4,300,0
4,5499,5
4,1001,3
4,500,1
4,500,1
4,300,0
4,600,1
4,300,0
4,3101,11
4,600,1
4,300,0
4,300,0
4,300,0
4,500,1
4,899,2
4,2101,6
4,1100,3
4,1400,5
4,500,1
4,300,0
4,200,0
4,500,1
4,1701,6
4,3500,9
4,800,1
4,500,0
4,1000,1
4,3401,7
4,2699,5
4,1401,2
4,1400,2
4,900,1
4,900,1
4,1799,3
4,401,0
4,2500,5
4,400,0
4,1200,2
4,1599,4
4,701,1
4,1600,3
4,4299,9
4,2301,4
4,1900,3
4,1200,2
4,1199,2
4,501,0
4,1900,4
4,900,1
4,600,0
4,400,0
4,299,0
4,400,0
4,600,1
4,501,1
4,700,2
4,300,0
4,7000,12
4,700,2
4,400,0
4,1100,3
4,2999,11
4,500,0
4,1001,1
4,300,0
4,800,1
4,1600,4
4,1999,4
4,600,1
4,1401,2
4,1200,3
4,1500,3
4,2599,5
4,1600,3
4,3400,7
4,3201,6
4,400,0
4,400,0
4,3599,12
4,1701,5
4,400,0
4,2300,8
4,300,0
4,4300,9
4,900,1
4,400,0
4,900,1
4,1599,3
4,601,0
4,2500,4
4,800,1
4,899,0
4,400,0
4,3001,6
4,2200,3
4,600,1
4,499,1
4,2301,6
4,1700,2
4,1100,1
4,2700,7
4,4700,11
4,400,0
4,14901,19
4,1501,2
4,1100,1
4,800,0
4,500,0
4,1800,3
4,400,0
4,800,1
4,700,1
4,1600,2
4,900,1
4,400,0
4,899,1
4,3101,4
4,1300,2
4,1699,2
4,1301,2
4,1300,3
4,700,2
4,800,2
4,700,2
4,700,2
4,900,2
4,3101,6
4,900,1
4,400,0
4,1099,2
4,400,0
4,1601,3
4,1600,4
4,1900,5
4,1199,1
4,1901,2
4,1900,5
4,400,0
4,400,0
4,1100,2
4,1901,5
4,2000,5
4,1700,4
4,800,1
4,1399,3
4,1101,3
4,1800,4
4,600,1
4,2499,6
4,8300,1
4,5500,11
4,4101,10
4,1900,3
4,999,1
4,1601,3
4,1200,2
4,1000,2
4,6700,2
4,1100,1
4,1499,3
4,900,1
4,701,1
4,400,0
4,1000,1
4,500,0
4,1000,1
4,1999,4
4,2601,4
4,900,1
4,2300,5
4,2799,6
4,4700,9
4,799,1
4,400,0
4,500,0
4,3700,8
4,800,1
4,2400,4
4,1800,3
4,6200,14
4,1400,2
4,800,1
4,2099,3
4,400,0
4,1101,1
4,3100,6
4,5200,10
4,500,0
4,2400,5
4,3101,6
4,1500,2
4,3499,7
4,401,0
4,500,0
4,500,0
4,2700,4
4,1699,3
4,400,0
4,800,1
4,1600,3
4,1300,2
4,1899,3
4,601,1
4,400,0
4,1400,2
4,400,0
4,4400,10
4,7800,7
4,1700,3
4,3399,6
4,400,0
4,1200,2
4,4599,10
4,1001,2
4,700,1
4,900,1
4,1000,1
4,1300,2
4,399,0
4,500,0
4,3001,6
4,1401,3
4,1800,3
4,1000,1
4,500,0
4,1199,2
4,700,1
4,7901,17
4,900,1
4,3300,6
4,499,0
4,400,0
4,1901,3
4,2300,4
4,2199,3
4,900,1
4,400,0
4,2300,5
4,3099,7
4,2301,5
4,800,1
4,400,0
4,600,0
4,1399,2
4,900,1
4,400,0
4,4800,10
4,500,0
4,400,0
4,4801,11
4,1299,2
4,2901,5
4,1100,2
4,500,0
4,2099,3
4,3501,7
4,13200,6
4,2100,4
4,4400,10
4,500,0
4,1100,1
4,3399,7
4,2001,3
4,2100,4
4,400,0
4,600,0
4,1100,1
4,1601,3
4,500,0
4,700,1
4,5400,11
4,800,1
4,1600,2
4,1699,3
4,3400,6
4,1701,3
4,400,0
4,400,0
4,500,0
4,4399,10
4,2401,5
4,1000,1
4,500,0
4,4400,9
4,400,0
4,7400,16
4,1100,2
4,400,0
4,600,0
4,1499,2
4,4001,8
4,500,0
4,1499,2
4,2201,5
4,1200,2
4,4300,8
4,1400,2
4,500,0
4,5100,10
4,4000,8
4,1499,2
4,5301,0
4,1199,2
4,3001,6
4,500,0
4,500,0
4,400,0
4,2700,6
4,1900,3
4,500,0
4,500,0
4,1400,2
4,400,0
4,800,1
4,2000,3
4,500,0
4,1700,3
4,5700,10
4,4700,9
4,2200,3
4,3799,7
4,601,0
4,600,0
4,5599,11
4,2800,6
4,400,0
4,3299,6
4,1400,2
4,800,1
4,1601,2
4,500,0
4,2300,4
4,1899,3
4,1001,1
4,3700,6
4,2199,4
4,1701,4
4,3300,7
4,2399,6
4,2300,5
4,3999,8
4,1101,1
4,1700,3
4,1500,3
4,3700,8
4,1300,2
4,400,0
4,700,1
4,6900,8
4,400,0
4,300,0
4,600,1
4,1100,3
4,1201,3
4,400,0
4,3300,10
4,300,0
4,699,2
4,1200,3
4,900,2
4,300,0
4,3400,9
4,3400,7
4,500,0
4,400,0
4,400,0
4,2499,4
4,2201,4
4,1500,3
4,500,0
4,1600,3
4,500,0
4,6601,14
4,1901,4
4,1000,3
4,300,0
4,2200,8
4,500,1
4,1499,4
4,1701,5
4,1799,5
4,801,2
4,1500,4
4,1200,3
4,500,1
4,1199,3
4,600,2
4,500,1
4,2200,7
4,400,0
4,1200,3
4,2699,9
4,2601,8
4,700,2
4,400,0
4,600,1
4,2300,7
4,300,0
4,700,2
4,700,2
4,1300,4
4,1001,2
4,500,0
4,500,0
4,400,0
4,800,2
4,3099,10
4,300,0
4,1201,3
4,300,0
4,2100,7
4,500,1
4,500,1
4,1199,3
4,1101,4
4,2500,7
4,200,0
4,1800,5
4,999,3
4,800,2
4,1600,5
4,300,0
4,400,0
4,300,0
4,200,0
4,1000,3
4,800,2
4,599,1
4,400,0
4,501,1
4,1500,4
4,200,0
4,2100,6
4,200,0
4,800,1
4,400,0
4,200,0
4,1100,3
4,300,0
4,1900,6
4,900,2
4,1701,5
4,900,2
4,400,0
4,2000,6
4,1499,5
4,4501,9
4,900,2
4,300,0
4,1199,2
4,500,0
4,1000,1
4,1100,1
4,2401,3
4,1500,3
4,500,0
4,1299,2
4,900,1
4,801,1
4,1500,3
4,1400,2
4,4800,10
4,3000,7
4,600,1
4,1100,3
4,300,0
4,300,0
4,1700,4
4,1200,3
4,2100,7
4,199,0
4,500,1
4,2201,8
4,1700,4
4,1000,3
4,900,3
4,4800,16
4,1000,3
4,500,1
4,500,1
4,299,0
4,700,1
4,300,0
4,1701,2
4,4099,9
4,2801,6
4,1000,1
4,1000,1
4,2601,5
4,1300,2
4,500,1
4,2700,9
4,300,0
4,2100,7
4,2200,7
4,1099,2
4,600,0
4,1600,3
4,1200,2
4,9999,9
4,1801,3
4,3600,9
4,200,0
4,300,0
4,399,0
4,900,2
4,801,2
4,500,1
4,900,2
4,1200,3
4,600,1
4,1399,4
4,300,0
4,1101,3
4,2800,9
4,800,2
4,2199,8
4,1001,2
4,2300,7
4,900,3
4,800,2
4,2199,5
4,6600,14
4,2601,5
4,4599,10
4,2301,4
4,900,1
4,2699,5
4,3101,7
4,300,0
4,300,0
4,600,1
4,1600,4
4,200,0
4,1599,4
4,301,0
4,3100,7
4,4600,9
4,400,0
4,2200,4
4,600,0
4,600,1
4,300,0
4,700,1
4,5099,4
4,2001,6
4,200,0
4,400,0
4,800,1
4,600,0
4,2999,6
4,1601,3
4,600,0
4,1900,4
4,400,0
4,1299,3
4,500,0
4,1601,4
4,500,1
4,800,1
4,1000,1
4,400,0
4,400,0
4,1801,3
4,4100,10
4,1299,3
4,300,0
4,4701,10
4,2599,5
4,1300,2
4,1000,2
4,400,0
4,6100,14
4,300,0
4,600,1
4,500,1
4,400,0
4,1399,4
4,2701,10
4,300,0
4,1700,6
4,300,0
4,1699,5
4,1100,3
4,801,2
4,1700,5
4,600,1
4,600,1
4,500,1
4,2199,7
4,1501,5
4,700,2
4,300,0
4,500,1
4,800,1
4,800,1
4,900,2
4,5300,2
4,1700,3
4,10099,21
4,2201,7
4,1600,4
4,2300,8
4,1199,3
4,1201,3
4,500,1
4,700,2
4,300,0
4,2400,4
4,1499,2
4,801,1
4,1000,2
4,7200,6
4,3099,7
4,2401,4
4,2900,5
4,1699,5
4,800,2
4,11600,12
4,300,0
4,1699,4
4,1201,2
4,700,1
4,700,0
4,800,1
4,800,1
4,1599,2
4,3401,8
4,8300,4
4,1899,3
4,3301,7
4,2400,5
4,999,1
4,1400,2
4,1800,3
4,400,0
4,400,0
4,900,1
4,7000,0
4,1000,2
4,2401,2
4,12699,8
4,500,0
4,2801,6
4,2200,4
4,1499,3
4,401,0
4,4301,9
4,1499,2
4,2101,3
4,1200,2
4,1600,3
4,2099,4
4,2101,3
4,4000,8
4,3001,5
4,3600,8
4,1200,2
4,2100,3
4,4199,9
4,2201,5
4,1300,2
4,2899,5
4,700,1
4,1200,2
4,600,0
4,1800,3
4,3100,6
4,2400,5
4,1100,2
4,800,1
4,599,0
4,1401,2
4,2200,4
4,500,0
4,500,0
4,899,1
4,1501,3
4,1200,2
4,800,1
4,3199,7
4,400,0
4,1001,2
4,1300,3
4,1400,2
4,2299,5
4,15000,20
4,1501,3
4,1500,2
4,2300,5
4,1199,1
4,901,1
4,2900,6
4,1100,2
4,1899,4
4,501,0
4,1100,1
4,1100,2
4,800,1
4,1899,3
4,1000,1
4,400,0
4,1300,2
4,1100,2
4,600,0
4,600,0
4,1300,1
4,1200,1
4,1600,3
4,800,2
4,1200,4
4,299,0
4,300,0
4,300,0
4,2401,8
4,500,1
4,800,2
4,600,1
4,300,0
4,1499,5
4,2301,7
4,500,1
4,500,1
4,200,0
4,2599,9
4,800,2
4,300,0
4,1601,4
4,500,1
4,300,0
4,2000,7
4,799,2
4,400,0
4,2201,7
4,200,0
4,400,0
4,300,0
4,600,1
4,800,2
4,300,0
4,1599,5
4,600,1
4,200,0
4,800,2
4,700,1
4,7400,11
4,1400,4
4,2499,8
4,500,1
4,600,1
4,900,2
4,1700,5
4,500,1
4,1100,3
4,1100,2
4,1900,3
4,400,0
4,999,2
4,5101,12
4,3800,7
4,1400,2
4,2600,4
4,1699,3
4,1100,2
4,900,2
4,300,0
4,1900,6
4,500,1
4,599,1
4,200,0
4,801,2
4,500,1
4,500,1
4,1300,3
4,1800,6
4,400,0
4,199,0
4,400,0
4,300,0
4,1401,4
4,1300,4
4,3300,12
4,800,2
4,601,0
4,1200,2
4,21300,8
4,5001,4
4,3901,4
4,600,0
4,1200,1
4,5601,8
4,1399,1
4,600,0
4,501,0
4,2200,2
4,11799,6
4,2500,3
4,500,0
4,3399,5
4,14600,3
4,900,0
4,3300,4
4,500,0
4,5501,8
4,5700,9
4,3699,5
4,4499,7
4,800,0
4,3000,4
4,2200,3
4,500,0
4,2701,3
4,700,0
4,2999,5
4,1100,1
4,700,1
4,1400,2
4,900,1
4,1400,2
4,400,0
4,2401,3
4,1500,2
4,3099,4
4,1501,3
4,300,0
4,300,0
4,400,0
4,400,0
4,1100,2
4,4600,8
4,700,0
4,4299,5
4,2101,3
4,900,1
4,600,0
4,3700,6
4,2100,3
4,800,1
4,600,0
4,3200,4
4,5299,9
4,600,1
4,7100,2
4,601,0
4,2900,6
4,1899,3
4,1901,3
4,600,0
4,8600,4
4,2899,5
4,3301,6
4,400,0
4,1000,1
4,800,1
4,1499,2
4,2300,3
4,800,0
4,500,0
4,1601,3
4,3200,5
4,400,0
4,700,1
4,9399,17
4,2001,2
4,1200,1
4,700,0
4,1200,2
4,3100,5
4,300,0
4,600,0
4,1100,1
4,1400,2
4,4100,7
4,2400,3
4,1899,2
4,6400,10
4,1000,1
4,400,0
4,1700,2
4,2200,3
4,5000,8
4,400,0
4,400,0
4,2899,7
4,2001,3
4,7900,15
4,1600,3
4,2299,4
4,1101,2
4,500,0
4,3400,6
4,1799,3
4,2700,6
4,700,1
4,600,1
4,700,1
4,12201,8
4,2899,6
4,400,0
4,1801,3
4,2101,3
4,3799,8
4,3300,8
4,800,1
4,2200,4
4,1599,3
4,1200,2
4,1600,3
4,1800,4
4,700,1
4,500,0
4,599,0
4,1300,2
4,300,0
4,300,0
4,300,0
4,1200,2
4,2900,5
4,1800,3
4,2500,6
4,1599,3
4,1901,3
4,800,1
4,600,0
4,4000,9
4,1200,2
4,1200,2
4,600,1
4,1699,3
4,800,1
4,4301,9
4,1100,2
4,1399,2
4,4701,10
4,1100,2
4,5301,13
4,500,0
4,2299,4
4,901,1
4,300,0
4,500,0
4,1500,3
4,300,0
4,900,1
4,699,1
4,9001,8
4,800,1
4,1700,3
4,4800,11
4,2500,4
4,2699,5
4,1101,2
4,3000,5
4,500,0
4,1699,2
4,2801,3
4,600,0
4,400,0
4,6700,7
4,2100,4
4,499,0
4,400,0
4,901,1
4,1200,2
4,800,1
4,2700,5
4,2499,4
4,1801,3
4,700,1
4,6500,7
4,400,0
4,1000,2
4,1100,0
4,699,0
4,3301,6
4,300,0
4,7400,15
4,2600,4
4,499,0
4,3801,6
4,6900,3
4,1300,0
4,8500,8
4,9199,9
4,3800,7
4,400,0
4,500,0
4,699,0
4,2701,4
4,1600,2
4,5000,9
4,14300,0
4,400,0
4,1700,3
4,800,1
4,2299,4
4,1601,3
4,1600,3
4,1100,1
4,5800,12
4,1900,3
4,1900,4
4,1300,3
4,2200,5
4,300,0
4,3600,8
4,400,0
4,400,0
4,5200,11
4,2200,5
4,400,0
4,500,0
4,1300,2
4,2401,4
4,300,0
4,600,0
4,1700,3
4,5000,11
4,1599,3
4,701,1
4,800,1
4,1800,3
4,1400,3
4,400,0
4,2101,4
4,1300,2
4,900,1
4,1300,2
4,1099,1
4,4801,10
4,4600,11
4,1700,3
4,2100,3
4,1901,4
4,5000,11
4,3101,6
4,6300,2
4,1500,3
4,3099,5
4,400,0
4,3201,8
4,1700,4
4,400,0
4,899,2
4,500,0
4,1801,4
4,400,0
4,400,0
4,300,0
4,700,0
4,500,0
4,600,0
4,1600,2
4,9200,21
4,900,1
4,2500,5
4,600,0
4,801,1
4,500,0
4,900,1
4,1100,2
4,1600,3
4,999,1
4,901,1
4,6999,14
4,500,0
4,800,1
4,500,0
4,1300,2
4,400,0
4,900,1
4,2699,6
4,1001,2
4,500,0
4,400,0
4,600,1
4,400,0
4,4600,12
4,700,1
4,2200,5
4,700,1
4,700,1
4,299,0
4,1100,2
4,3101,8
4,1000,2
4,5300,13
4,4299,5
4,901,2
4,2100,6
4,5200,9
4,500,0
4,2300,3
4,300,0
4,999,2
4,900,1
4,401,0
4,2900,4
4,800,1
4,1799,4
4,400,0
4,2501,2
4,300,0
4,1000,2
4,1100,2
4,2700,3
4,1300,3
4,900,2
4,3099,4
4,1001,2
4,1600,3
4,400,0
4,300,0
4,3299,5
4,8101,17
4,6799,10
4,2600,5
4,2799,3
4,400,0
4,3301,7
4,2600,2
4,1400,3
4,1300,2
4,500,0
4,2301,2
4,700,1
4,2000,4
4,400,0
4,3600,5
4,2400,4
4,4600,7
4,3200,6
4,2199,1
4,500,0
4,1700,3
4,1000,2
4,400,0
4,9999,6
4,2300,4
4,1400,2
4,500,0
4,8999,20
4,2301,4
4,2300,5
4,500,0
4,1699,3
4,401,0
4,1000,1
4,700,1
4,500,0
4,3599,8
4,4101,10
4,600,1
4,1799,4
4,501,0
4,1500,3
4,900,1
4,3099,8
4,400,0
4,901,1
4,700,1
4,1600,3
4,1900,4
4,2201,5
4,1300,2
4,400,0
4,400,0
4,4400,9
4,300,0
4,400,0
4,1600,3
4,800,1
4,4200,11
4,2600,4
4,1699,4
4,2901,6
4,2000,4
4,5999,15
4,300,0
4,800,1
4,1200,2
4,4900,0
4,700,0
4,1400,3
4,1200,2
4,400,0
4,2099,4
4,500,1
4,1600,3
4,2500,5
4,1799,4
4,901,1
4,500,0
4,800,1
4,900,1
4,1600,3
4,1299,2
4,601,1
4,300,0
4,2600,6
4,800,1
4,1199,2
4,400,0
4,2001,5
4,400,0
4,500,0
4,800,1
4,2599,4
4,1201,1
4,1000,1
4,700,0
4,500,0
4,500,0
4,900,1
4,13101,1
4,3300,3
4,1100,1
4,501,0
4,1300,1
4,2000,3
4,2599,4
4,701,1
4,5099,7
4,5601,7
4,1999,2
4,500,0
4,1501,2
4,3100,4
4,400,0
4,7201,10
4,699,0
4,400,0
4,501,0
4,4400,7
4,1899,2
4,801,0
4,3700,7
4,400,0
4,1199,1
4,1901,3
4,2400,3
4,1799,3
4,10401,4
4,3700,4
4,1500,1
4,400,0
4,700,0
4,1600,2
4,3699,6
4,1800,3
4,6800,11
4,700,0
4,3499,6
4,1401,1
4,1900,3
4,2300,2
4,3900,7
4,300,0
4,400,0
4,700,1
4,4000,6
4,2600,4
4,2000,2
4,400,0
4,3501,6
4,1500,2
4,1499,2
4,2301,4
4,900,1
4,2400,3
4,399,0
4,500,0
4,400,0
4,1301,1
4,1100,1
4,500,0
4,1000,1
4,1799,3
4,3701,6
4,500,0
4,600,0
4,1699,2
4,1401,2
4,3301,4
4,700,0
4,400,0
4,400,0
4,4600,7
4,1000,1
4,2899,4
4,1901,3
4,900,2
4,1500,3
4,1399,2
4,1701,3
4,700,0
4,500,0
4,2100,2
4,1299,2
4,15700,18
4,2701,6
4,700,0
4,400,0
4,400,0
4,2099,4
4,300,0
4,1400,1
4,400,0
4,800,1
4,2100,5
4,2800,7
4,8200,20
4,400,0
4,300,0
4,500,0
4,500,0
4,800,1
4,399,0
4,400,0
4,400,0
4,1101,1
4,1700,3
4,500,0
4,2499,4
4,1100,1
4,2900,6
4,1100,2
4,400,0
4,2099,3
4,3700,7
4,1100,1
4,6500,15
4,14400,33
4,3099,6
4,2701,5
4,800,1
4,1600,2
4,900,1
4,1501,4
4,1900,4
4,7500,6
4,300,0
4,300,0
4,1699,3
4,3901,9
4,800,1
4,2999,6
4,400,0
4,1400,3
4,1200,1
4,300,0
4,300,0
4,1000,1
4,1600,2
4,1600,2
4,1400,2
4,400,0
4,300,0
4,1799,4
4,3701,8
4,4399,8
4,2900,6
4,400,0
4,4700,11
4,400,0
4,1600,3
4,1900,4
4,1199,1
4,3501,6
4,800,1
4,700,1
4,1899,4
4,1301,2
4,1800,3
4,400,0
4,1300,1
4,299,0
4,6801,17
4,5600,13
4,3399,6
4,901,1
4,600,0
4,2100,3
4,3600,6
4,2600,4
4,900,1
4,999,1
4,5201,2
4,9000,16
4,2199,4
4,401,0
4,1300,3
4,300,0
4,1900,3
4,2699,5
4,2800,5
4,500,0
4,1600,3
4,3600,8
4,2100,4
4,1499,3
4,3401,6
4,500,0
4,5700,12
4,1000,1
4,3699,7
4,500,0
4,2900,6
4,1600,2
4,899,1
4,1701,3
4,800,1
4,400,0
4,2300,4
4,2800,6
4,1000,1
4,400,0
4,1100,2
4,1700,4
4,499,0
4,1000,1
4,1901,4
4,1400,2
4,1800,3
4,499,0
4,500,0
4,501,0
4,1400,2
4,800,1
4,400,0
4,1500,2
4,1799,3
4,1700,2
4,3799,8
4,400,0
4,2401,5
4,11300,12
4,3601,8
4,3499,7
4,500,0
4,1801,3
4,500,0
4,2801,4
4,1900,4
4,300,0
4,1400,2
4,600,0
4,2101,4
4,1200,2
4,4099,7
4,1600,2
4,400,0
4,3499,8
4,1200,2
4,3400,7
4,2299,5
4,2301,5
4,2200,4
4,1699,2
4,300,0
4,1001,2
4,1000,2
4,6700,14
4,400,0
4,1500,2
4,300,0
4,1500,2
4,399,0
4,3801,8
4,1400,2
4,1299,2
4,400,0
4,2601,5
4,1000,1
4,500,0
4,1000,1
4,500,0
4,1701,3
4,2200,3
4,6000,10
4,400,0
4,3400,8
4,500,0
4,6501,2
4,1100,2
4,501,0
4,4100,8
4,400,0
4,1399,3
4,401,0
4,2200,5
4,300,0
4,300,0
4,3299,8
4,2199,4
4,1100,2
4,500,0
4,500,0
4,700,1
4,1700,3
4,3199,7
4,300,0
4,500,0
4,300,0
4,1100,2
4,1000,2
4,3900,9
4,1600,4
4,2400,5
4,400,0
4,6801,18
4,300,0
4,400,0
4,400,0
4,701,1
4,500,0
4,1800,4
4,800,1
4,300,0
4,999,1
4,800,1
4,2501,6
4,600,1
4,3499,9
4,400,0
4,3100,7
4,300,0
4,700,1
4,2800,7
4,1500,3
4,3899,10
4,1000,1
4,601,1
4,800,1
4,300,0
4,300,0
4,4699,1
4,1100,2
4,300,0
4,400,0
4,2300,4
4,1799,3
4,401,0
4,400,0
4,1200,2
4,2500,6
4,999,2
4,400,0
4,400,0
4,1700,3
4,2300,6
4,900,1
4,5999,15
4,3700,9
4,500,0
4,600,0
4,1099,2
4,4101,10
4,3499,8
4,801,1
4,2900,6
4,1899,3
4,6401,13
4,499,0
4,3801,7
4,300,0
4,10299,9
4,1301,2
4,300,0
4,400,0
4,800,1
4,900,1
4,1500,2
4,1599,3
4,1701,2
4,1700,3
4,400,0
4,700,1
4,299,0
4,400,0
4,7900,0
4,1600,2
4,1900,3
4,899,1
4,4301,10
4,800,1
4,34300,3
4,2200,5
4,1200,2
4,700,1
4,1100,2
4,301,0
4,2600,6
4,2600,4
4,399,0
4,2301,5
4,1400,3
4,1400,2
4,1499,2
4,2701,7
4,600,1
4,3400,7
4,1999,4
4,900,1
4,2000,4
4,700,1
4,400,0
4,1299,3
4,400,0
4,1101,2
4,300,0
4,3800,10
4,3300,6
4,500,0
4,1500,3
4,1899,4
4,400,0
4,401,0
4,2100,3
4,1900,3
4,3100,6
4,2700,5
4,400,0
4,700,1
4,799,1
4,300,0
4,601,1
4,700,1
4,600,1
4,1300,2
4,800,2
4,400,0
4,1699,3
4,1100,1
4,900,1
4,600,1
4,1000,2
4,3400,7
4,900,1
4,2600,5
4,999,1
4,5601,2
4,300,0
4,400,0
4,2800,6
4,2000,3
4,500,0
4,600,1
4,600,0
4,500,0
4,1501,2
4,2400,5
4,1200,2
4,2099,4
4,401,0
4,500,0
4,2700,6
4,1000,2
4,1600,3
4,5500,11
4,1800,4
4,400,0
4,3400,7
4,1200,2
4,1100,2
4,800,1
4,600,0
4,1100,2
4,401,0
4,1600,3
4,13500,6
4,2900,4
4,1600,2
4,1801,3
4,1100,2
4,1200,2
4,2899,5
4,3701,8
4,700,1
4,500,0
4,1699,3
4,400,0
4,800,1
4,3100,6
4,600,1
4,1099,1
4,2101,4
4,10900,23
4,2099,3
4,500,0
4,600,0
4,10100,13
4,1599,4
4,1501,3
4,900,1
4,2700,7
4,300,0
4,299,0
4,500,0
4,1601,2
4,1600,3
4,400,0
4,7300,17
4,3900,9
4,3200,8
4,400,0
4,1400,3
4,2400,5
4,399,0
4,400,0
4,4801,10
4,4100,7
4,2600,5
4,1400,2
4,2301,4
4,700,0
4,1100,2
4,900,1
4,700,1
4,399,0
4,500,0
4,2301,6
4,400,0
4,400,0
4,2600,7
4,700,1
4,5001,13
4,500,0
4,899,1
4,7800,19
4,2001,4
4,300,0
4,300,0
4,1600,2
4,9099,6
4,1801,3
4,2700,5
4,700,1
4,1099,2
4,600,0
4,600,1
4,300,0
4,300,0
4,900,1
4,900,1
4,1199,2
4,2701,6
4,1200,1
4,1900,5
4,300,0
4,1801,4
4,3800,9
4,4100,10
4,1500,2
4,900,1
4,1000,1
4,500,0
4,1801,3
4,4499,8
4,3701,6
4,1300,2
4,300,0
4,400,0
4,1400,2
4,2000,4
4,1100,2
4,800,1
4,700,1
4,800,1
4,399,0
4,2001,5
4,1300,2
4,1700,3
4,800,1
4,1200,2
4,5501,10
4,1299,2
4,1001,1
4,600,1
4,1100,2
4,1400,3
4,1000,2
4,3901,12
4,900,2
4,1100,2
4,7400,2
4,1100,2
4,2001,4
4,1100,2
4,1000,1
4,2299,3
4,600,1
4,3100,6
4,800,1
4,5500,12
4,400,0
4,2100,5
4,1100,2
4,701,1
4,800,1
4,5499,13
4,401,0
4,400,0
4,6499,15
4,800,1
4,3100,8
4,2499,5
4,400,0
4,9900,26
4,600,1
4,1000,2
4,900,2
4,300,0
4,1900,4
4,1900,3
4,1300,2
4,500,0
4,2001,5
4,1500,3
4,2600,6
4,800,1
4,2301,6
4,3500,10
4,799,1
4,1401,2
4,1100,2
4,700,1
4,5800,2
4,900,1
4,800,1
4,1100,2
4,700,1
4,699,1
4,2201,6
4,1200,2
4,1500,3
4,900,1
4,2300,6
4,700,1
4,1200,2
4,3699,8
4,1401,2
4,1200,2
4,800,1
4,2699,4
4,1601,2
4,2300,4
4,2299,4
4,1401,2
4,2600,5
4,2300,4
4,500,0
4,8200,18
4,1501,2
4,400,0
4,400,0
4,2300,3
4,4800,10
4,1500,3
4,799,1
4,3501,6
4,900,1
4,1100,1
4,399,0
4,1100,2
4,1301,2
4,500,0
4,900,1
4,1301,2
4,800,1
4,500,0
4,8300,21
4,1799,3
4,1300,2
4,700,1
4,7700,8
4,900,1
4,600,0
4,3499,8
4,300,0
4,2800,6
4,500,0
4,600,0
4,2500,5
4,1200,2
4,2500,6
4,2600,5
4,2900,6
4,2000,4
4,600,0
4,800,1
4,1300,2
4,600,0
4,2200,4
4,4900,10
4,1800,3
4,500,0
4,1299,2
4,801,1
4,700,1
4,3200,7
4,500,0
4,3201,7
4,2100,4
4,800,1
4,400,0
4,3101,6
4,600,0
4,400,0
4,3799,9
4,6600,6
4,1601,3
4,1200,2
4,800,1
4,500,0
4,1400,2
4,3101,8
4,500,0
4,1700,4
4,2800,6
4,500,0
4,1699,4
4,400,0
4,700,1
4,7500,3
4,1600,4
4,700,1
4,400,0
4,2301,5
4,1000,2
4,1300,1
4,600,0
4,1000,1
4,400,0
4,800,1
4,1000,1
4,300,0
4,400,0
4,1000,1
4,1400,2
4,599,0
4,3301,7
4,800,1
4,6700,18
4,1500,5
4,900,3
4,299,0
4,300,0
4,300,0
4,2601,7
4,300,0
4,300,0
4,2799,5
4,17601,2
4,2499,4
4,2001,3
4,9600,21
4,2499,6
4,500,0
4,2201,5
4,300,0
4,1000,1
4,300,0
4,1499,3
4,2101,6
4,4700,11
4,700,1
4,2501,5
4,1300,2
4,400,0
4,500,0
4,5600,12
4,600,0
4,6599,0
4,1801,3
4,400,0
4,1500,2
4,400,0
4,499,0
4,5001,11
4,600,0
4,1499,2
4,500,0
4,401,0
4,1600,2
4,2300,3
4,3100,6
4,900,1
4,700,1
4,4099,11
4,2800,5
4,500,0
4,2499,6
4,1301,2
4,1300,2
4,1900,3
4,1099,1
4,400,0
4,801,1
4,900,1
4,600,1
4,2000,7
4,1799,5
4,1301,3
4,400,0
4,1100,3
4,300,0
4,300,0
4,1300,4
4,400,0
4,2099,6
4,1500,4
4,400,0
4,1600,5
4,300,0
4,1000,3
4,300,0
4,1100,3
4,201,0
4,300,0
4,1000,3
4,300,0
4,300,0
4,500,1
4,500,1
4,600,1
4,1200,4
4,799,2
4,800,2
4,901,2
4,300,0
4,1200,4
4,5700,5
4,400,1
4,600,1
4,200,0
4,300,0
4,600,1
4,900,2
4,899,3
4,400,1
4,4801,18
4,300,0
4,300,0
4,699,1
4,600,1
4,600,1
4,601,1
4,400,0
4,1700,5
4,500,1
4,300,0
4,300,0
4,500,1
4,1499,4
4,400,0
4,1601,5
4,800,2
4,300,0
4,800,2
4,2199,5
4,300,0
4,901,2
4,2000,6
4,3200,10
4,2000,7
4,700,1
4,1400,4
4,500,0
4,1500,4
4,899,2
4,1901,6
4,300,0
4,2700,8
4,500,1
4,1599,5
4,300,0
4,500,1
4,300,0
4,1500,4
4,500,1
4,1299,3
4,601,1
4,500,1
4,500,1
4,200,0
4,700,2
4,1100,3
4,300,0
4,500,0
4,300,0
4,700,1
4,1000,2
4,1200,3
4,499,1
4,600,1
4,1401,4
4,500,1
4,1000,3
4,1900,6
4,1000,1
4,1099,1
4,1301,2
4,500,0
4,2000,5
4,1400,3
4,500,0
4,700,1
4,600,1
4,300,0
4,800,1
4,2000,4
4,1299,2
4,700,1
4,901,1
4,900,1
4,700,1
4,2200,5
4,499,0
4,1201,1
4,1300,1
4,2300,5
4,4200,8
4,900,1
4,800,1
4,1100,1
4,899,1
4,1201,1
4,600,0
4,2200,5
4,500,1
4,1199,2
4,300,0
4,1401,3
4,3000,6
4,400,0
4,500,0
4,400,0
4,2100,5
4,999,2
4,1401,3
4,2800,5
4,1600,3
4,899,1
4,1701,3
4,700,0
4,1100,2
4,500,0
4,300,0
4,1299,2
4,3401,7
4,6600,3
4,2800,5
4,2900,6
4,2000,5
4,600,0
4,1300,2
4,2401,4
4,300,0
4,900,1
4,2999,6
4,1000,1
4,2300,4
4,2800,6
4,4801,10
4,800,1
4,2199,5
4,1501,4
4,1600,5
4,300,0
4,300,0
4,1600,4
4,3100,6
4,500,0
4,400,0
4,5700,13
4,1900,3
4,1400,2
4,499,0
4,2401,5
4,800,1
4,1300,3
4,700,1
4,1999,4
4,1600,3
4,2100,4
4,1300,2
4,400,0
4,1500,3
4,400,0
4,6400,12
4,15900,4
4,2899,2
4,500,0
4,2901,6
4,2800,6
4,700,1
4,9401,5
4,2100,4
4,1400,3
4,1999,5
4,400,0
4,500,0
4,2900,6
4,900,1
4,400,0
4,1299,3
4,2601,6
4,700,1
4,3799,10
4,1801,4
4,1900,3
4,800,1
4,300,0
4,2399,5
4,1301,2
4,1000,2
4,4599,13
4,2901,7
4,1900,4
4,1899,5
4,2201,6
4,2100,5
4,3199,7
4,801,1
4,500,0
4,300,0
4,200,0
4,900,2
4,900,1
4,2999,8
4,300,0
4,300,0
4,300,0
4,2500,7
4,1900,6
4,1300,3
4,1001,2
4,1400,3
4,300,0
4,1100,3
4,800,1
4,799,1
4,600,1
4,301,0
4,500,0
4,7000,6
4,700,1
4,300,0
4,1000,2
4,700,2
4,300,0
4,300,0
4,400,0
4,200,0
4,699,1
4,901,2
4,400,0
4,3200,7
4,1100,2
4,899,1
4,2101,5
4,1800,4
4,400,0
4,1600,4
4,1399,2
4,1101,2
4,1100,2
4,1800,5
4,1600,5
4,799,2
4,1501,3
4,1100,2
4,1400,3
4,300,0
4,3499,8
4,4101,11
4,500,1
4,1200,3
4,899,1
4,2701,8
4,300,0
4,500,1
4,1000,2
4,3800,12
4,600,1
4,1100,3
4,600,1
4,600,1
4,2799,7
4,4401,12
4,700,1
4,1199,3
4,1501,4
4,1900,5
4,1300,2
4,3100,8
4,1000,2
4,300,0
4,300,0
4,700,1
4,700,1
4,500,0
4,4200,11
4,700,1
4,1800,5
4,699,1
4,2301,6
4,1000,2
4,300,0
4,2000,5
4,300,0
4,899,2
4,4001,13
4,4399,12
4,701,2
4,1500,4
4,1500,3
4,700,1
4,1299,2
4,1401,2
4,4000,11
4,900,2
4,2700,7
4,500,0
4,1200,2
4,2400,6
4,300,0
4,699,1
4,500,0
4,300,0
4,2800,7
4,600,1
4,800,2
4,1399,3
4,1400,3
4,2700,5
4,1200,3
4,200,0
4,500,1
4,499,0
4,900,2
4,2001,4
4,7000,2
4,400,0
4,300,0
4,400,0
4,400,0
4,1100,2
4,1100,2
4,1000,2
4,400,0
4,800,1
4,3499,10
4,1401,3
4,1600,4
4,1500,4
4,300,0
4,4800,16
4,300,0
4,1400,3
4,1399,4
4,900,1
4,2601,6
4,700,1
4,300,0
4,1200,2
4,1699,4
4,300,0
4,1100,2
4,1000,2
4,1800,5
4,3100,9
4,700,1
4,600,1
4,600,1
4,900,2
4,4400,13
4,300,0
4,1100,3
4,600,1
4,6900,21
4,300,0
4,300,0
4,700,1
4,200,0
4,1799,5
4,901,2
4,400,0
4,800,2
4,400,0
4,1500,4
4,300,0
4,400,0
4,5600,3
4,200,0
4,300,0
4,700,1
4,200,0
4,300,0
4,499,1
4,200,0
4,400,0
4,500,1
4,10600,33
4,299,0
4,1501,4
4,400,0
4,1300,4
4,5900,18
4,400,0
4,2200,6
4,1000,3
4,300,0
4,899,2
4,300,0
4,1201,3
4,400,0
4,4699,15
4,900,2
4,201,0
4,4100,12
4,800,2
4,899,2
4,1201,3
4,5200,14
4,3100,10
4,1300,3
4,1900,5
4,38900,2
4,1000,2
4,300,0
4,700,1
4,1000,2
4,500,0
4,1800,5
4,600,1
4,2000,5
4,600,1
4,400,0
4,399,0
4,900,2
4,701,1
4,1400,3
4,300,0
4,10300,2
4,1299,3
4,400,0
4,300,0
4,1400,4
4,500,1
4,900,2
4,500,1
4,700,1
4,2600,8
4,1600,4
4,300,0
4,300,0
4,2300,7
4,1499,4
4,1701,5
4,1100,3
4,2400,8
4,1399,3
4,3001,10
4,1800,4
4,2699,8
4,1501,3
4,1900,5
4,700,1
4,600,1
4,2499,6
4,1001,2
4,2700,9
4,300,0
4,300,0
4,1000,2
4,1100,2
4,801,1
4,700,1
4,400,0
4,400,0
4,900,2
4,1400,4
4,300,0
4,200,0
4,600,1
4,300,0
4,401,0
4,3500,9
4,1500,3
4,1500,4
4,2199,6
4,1100,3
4,601,1
4,300,0
4,1000,2
4,1800,5
4,700,1
4,700,1
4,499,1
4,1301,3
4,500,1
4,1000,2
4,200,0
4,1000,2
4,700,1
4,2499,8
4,1000,2
4,500,1
4,1699,4
4,1401,4
4,500,0
4,300,0
4,600,1
4,300,0
4,300,0
4,1300,3
4,3900,13
4,900,2
4,400,0
4,2100,6
4,300,0
4,200,0
4,800,2
4,1901,5
4,700,2
4,1900,6
4,1300,3
4,199,0
4,300,0
4,1201,3
4,300,0
4,1200,3
4,300,0
4,400,0
4,1800,6
4,400,0
4,999,3
4,1601,5
4,500,1
4,300,0
4,300,0
4,1600,5
4,2399,8
4,5001,3
4,2399,4
4,4301,11
4,400,0
4,2399,6
4,301,0
4,2600,7
4,300,0
4,3899,12
4,2200,6
4,3000,7
4,799,1
4,1301,3
4,300,0
4,2000,4
4,2799,7
4,700,1
4,3400,9
4,300,0
4,1600,4
4,1100,2
4,400,0
4,4999,15
4,901,2
4,300,0
4,400,0
4,1400,4
4,2600,7
4,299,0
4,1200,3
4,1400,3
4,1300,3
4,1000,3
4,400,0
4,900,2
4,300,0
4,1301,4
4,600,1
4,400,0
4,700,1
4,500,1
4,400,0
4,200,0
4,500,1
4,200,0
4,1499,4
4,400,1
4,1501,4
4,900,2
4,300,0
4,4700,0
4,2100,6
4,1800,5
4,699,1
4,1601,5
4,2300,6
4,300,0
4,1700,5
4,700,1
4,1200,3
4,901,2
4,7100,14
4,300,0
4,1800,3
4,3599,10
4,400,0
4,301,0
4,2400,8
4,400,0
4,1100,3
4,700,1
4,1000,2
4,300,0
4,4400,6
4,500,1
4,300,0
4,300,0
4,300,0
4,900,2
4,300,0
4,2299,7
4,2001,6
4,300,0
4,3300,11
4,8500,11
4,599,1
4,2001,6
4,300,0
4,400,0
4,500,1
4,1300,3
4,400,0
4,600,1
4,899,2
4,2701,8
4,300,0
4,10100,12
4,700,1
4,200,0
4,700,1
4,800,1
4,400,0
4,1100,3
4,899,2
4,800,2
4,1201,3
4,300,0
4,1200,3
4,1800,4
4,900,2
4,999,2
4,300,0
4,2801,6
4,300,0
4,2400,6
4,1300,4
4,301,0
4,300,0
4,1200,3
4,1100,2
4,1400,4
4,900,2
4,1499,4
4,1001,2
4,800,2
4,899,2
4,900,2
4,1101,2
4,700,1
4,800,2
4,400,1
4,200,0
4,800,2
4,400,0
4,300,0
4,600,1
4,600,1
4,1701,4
4,1300,3
4,2100,5
4,499,1
4,300,0
4,900,2
4,301,0
4,300,0
4,500,1
4,700,1
4,900,2
4,300,0
4,300,0
4,1000,2
4,499,1
4,1901,5
4,1500,5
4,1900,5
4,900,2
4,499,1
4,400,0
4,300,0
4,301,0
4,600,1
4,4045400,2
4,4600,3
4,700,0
4,3799,5
4,2401,2
4,5700,7
4,2400,3
4,3199,4
4,3601,5
4,18499,2
4,1400,1
4,6500,10
4,7100,11
4,1500,1
4,1500,1
4,4700,5
4,400,0
4,400,0
4,5100,3
4,699,0
4,1301,1
4,5199,6
4,2001,2
4,4500,5
4,2101,2
4,2100,3
4,2100,2
4,16499,5
4,601,0
4,12000,9
4,1999,1
4,800,0
4,1300,1
4,3599,3
4,4401,6
4,900,1
4,1199,1
4,7300,12
4,401,0
4,1400,2
4,900,1
4,1500,2
4,1399,1
4,2401,3
4,500,0
4,1800,2
4,3600,5
4,3600,5
4,499,0
4,1000,1
4,4401,6
4,600,0
4,2200,3
4,500,0
4,1300,1
4,500,0
4,700,0
4,2799,5
4,400,0
4,1000,1
4,700,0
4,1500,1
4,1599,2
4,1901,2
4,3700,6
4,3601,6
4,1900,3
4,1300,1
4,600,0
4,2801,4
4,1700,2
4,1700,2
4,1399,2
4,2201,3
4,900,1
4,2399,4
4,2001,3
4,1000,1
4,900,1
4,1200,1
4,3800,6
4,500,0
4,2300,3
4,1299,1
4,600,0
4,500,0
4,3000,4
4,700,1
4,2600,3
4,2300,3
4,500,0
4,1000,1
4,399,0
4,600,0
4,501,0
4,14699,5
4,1700,1
4,900,0
4,1101,0
4,1800,1
4,3999,4
4,2901,4
4,2100,2
4,2200,2
4,1700,2
4,1200,1
4,500,0
4,500,0
4,1299,1
4,701,0
4,2500,3
4,2799,4
4,601,0
4,2000,2
4,400,0
4,1700,1
4,8199,12
4,600,0
4,1501,1
4,4599,6
4,3401,6
4,1200,1
4,1200,1
4,2900,4
4,400,0
4,600,0
4,1700,3
4,900,1
4,3699,6
4,4201,6
4,2399,3
4,601,0
4,3200,4
4,2799,5
4,1301,2
4,4100,5
4,499,0
4,1000,0
4,501,0
4,1600,2
4,2600,4
4,899,1
4,2901,4
4,2500,3
4,5400,10
4,1400,2
4,799,0
4,900,1
4,2001,4
4,2800,4
4,1699,2
4,2601,4
4,2300,3
4,1699,3
4,2301,2
4,4899,9
4,2700,4
4,2200,3
4,799,1
4,2701,3
4,700,0
4,1100,1
4,2099,4
4,2201,3
4,700,0
4,1900,3
4,1100,1
4,700,0
4,2601,3
4,1500,2
4,1400,1
4,900,1
4,4301,6
4,700,0
4,4600,6
4,1500,2
4,1600,2
4,600,0
4,6301,9
4,4401,7
4,2000,2
4,899,1
4,1101,1
4,6599,10
4,500,0
4,900,1
4,600,0
4,2600,5
4,1399,1
4,3201,6
4,1400,1
4,4800,7
4,2200,4
4,899,0
4,3101,4
4,1500,2
4,1200,1
4,1699,3
4,2901,5
4,1100,1
4,4000,8
4,2900,5
4,2399,3
4,1001,1
4,500,0
4,600,0
4,1200,1
4,600,1
4,400,0
4,799,1
4,2101,3
4,1200,1
4,900,1
4,1700,2
4,2200,4
4,1400,3
4,700,0
4,400,0
4,4600,9
4,3100,4
4,3900,8
4,900,0
4,500,0
4,700,0
4,3700,2
4,500,0
4,1200,1
4,600,0
4,700,0
4,700,0
4,400,0
4,999,1
4,3501,5
4,1000,1
4,500,0
4,2800,5
4,1100,1
4,2800,5
4,999,1
4,3501,6
4,400,0
4,600,1
4,999,2
4,3001,8
4,1400,2
4,1699,2
4,400,0
4,401,0
4,1600,2
4,1800,1
4,2299,3
4,1601,2
4,400,0
4,2300,4
4,1399,3
4,3001,8
4,2000,6
4,900,2
4,799,2
4,4201,7
4,4900,8
4,900,1
4,1900,4
4,2299,4
4,1801,4
4,600,1
4,3500,7
4,300,0
4,200,0
4,700,1
4,1600,3
4,1300,2
4,300,0
4,1800,4
4,700,1
4,1101,1
4,400,0
4,2600,4
4,1100,1
4,600,0
4,2601,5
4,2300,4
4,2700,5
4,2199,4
4,501,0
4,700,0
4,1100,1
4,1000,1
4,1700,3
4,1400,2
4,1000,1
4,1500,3
4,500,0
4,1699,2
4,500,0
4,501,0
4,4700,8
4,499,0
4,4101,7
4,1800,3
4,999,1
4,300,0
4,1601,4
4,1200,3
4,1200,2
4,4900,9
4,2800,4
4,3000,4
4,3000,5
4,600,0
4,1399,2
4,500,0
4,4401,10
4,300,0
4,3400,6
4,900,1
4,2700,5
4,1099,1
4,4301,7
4,900,2
4,200,0
4,1399,2
4,901,1
4,1100,1
4,1000,1
4,1600,2
4,1999,4
4,3400,6
4,600,0
4,2800,6
4,1700,3
4,500,0
4,1500,2
4,3300,6
4,1200,1
4,500,0
4,501,0
4,600,0
4,1700,2
4,1600,3
4,599,1
4,500,0
4,501,0
4,4200,8
4,500,0
4,1700,2
4,2600,3
4,1100,1
4,500,0
4,799,1
4,3501,8
4,1300,2
4,400,0
4,1299,2
4,600,0
4,1301,1
4,4799,9
4,1401,2
4,1000,1
4,1700,4
4,1000,2
4,1499,2
4,801,1
4,400,0
4,1400,2
4,500,0
4,2599,6
4,600,0
4,1100,1
4,1500,3
4,1000,2
4,700,1
4,4000,7
4,2200,4
4,800,1
4,1699,3
4,1101,1
4,1000,1
4,800,1
4,1300,2
4,400,0
4,600,1
4,400,0
4,1901,3
4,1700,3
4,700,1
4,1200,2
4,1899,4
4,1400,2
4,1800,4
4,1300,2
4,1000,2
4,3200,6
4,1400,2
4,1800,4
4,1499,3
4,600,1
4,400,0
4,401,0
4,1000,1
4,1700,4
4,900,1
4,1299,3
4,2601,6
4,400,0
4,1100,2
4,1700,4
4,1399,4
4,400,0
4,900,1
4,1500,3
4,300,0
4,2599,6
4,1301,2
4,400,0
4,400,0
4,10600,21
4,500,0
4,7001,13
4,700,0
4,1001,2
4,700,1
4,400,0
4,700,1
4,1000,2
4,1100,3
4,400,0
4,1499,3
4,2501,5
4,1400,2
4,1600,3
4,1699,2
4,1301,1
4,2500,4
4,1599,1
4,4401,8
4,500,0
4,1200,1
4,600,0
4,500,0
4,700,0
4,2700,5
4,1000,1
4,1600,2
4,500,0
4,3000,5
4,3300,5
4,10499,17
4,9300,17
4,3800,6
4,700,0
4,1201,3
4,2500,3
4,2199,5
4,1100,1
4,2100,3
4,400,0
4,500,0
4,400,0
4,1299,1
4,7800,12
4,801,1
4,1800,4
4,1000,2
4,300,0
4,3299,7
4,3400,7
4,700,0
4,500,0
4,699,1
4,3901,7
4,2999,5
4,1801,2
4,1700,2
4,400,0
4,1699,2
4,800,0
4,501,0
4,2200,3
4,1200,1
4,1100,1
4,799,0
4,600,0
4,1000,1
4,400,0
4,3200,9
4,1799,4
4,2900,4
4,4300,8
4,7199,15
4,700,1
4,1400,3
4,400,0
4,2401,3
4,3100,5
4,1601,2
4,1000,1
4,400,0
4,2200,3
4,1099,3
4,1300,2
4,1801,3
4,800,1
4,3199,5
4,4201,6
4,500,0
4,1799,2
4,1501,3
4,400,0
4,3500,8
4,1499,3
4,500,0
4,1200,2
4,3500,6
4,1299,2
4,701,1
4,600,1
4,500,0
4,1600,3
4,400,0
4,500,0
4,1499,3
4,9401,2
4,600,0
4,400,0
4,300,0
4,3499,8
4,2801,6
4,900,1
4,700,1
4,400,0
4,400,0
4,799,1
4,3301,8
4,400,0
4,900,1
4,8200,21
4,500,0
4,399,0
4,600,1
4,1401,2
4,3200,8
4,1000,2
4,2100,4
4,1100,2
4,900,1
4,1500,2
4,500,0
4,1800,2
4,1200,2
4,1999,4
4,1900,4
4,500,0
4,400,0
4,5600,15
4,600,1
4,1300,2
4,800,1
4,2400,6
4,500,0
4,400,0
4,4399,9
4,1701,4
4,1200,2
4,3699,9
4,700,1
4,400,0
4,400,0
4,2600,5
4,1700,3
4,399,0
4,1500,2
4,400,0
4,2000,5
4,1800,4
4,6000,14
4,800,1
4,400,0
4,399,0
4,400,0
4,2500,5
4,400,0
4,499,0
4,6301,14
4,499,0
4,900,1
4,900,1
4,700,0
4,2100,3
4,1000,1
4,599,0
4,900,1
4,400,0
4,1900,5
4,300,0
4,1300,3
4,4600,3
4,2000,3
4,2799,5
4,901,1
4,1200,2
4,1500,2
4,2700,3
4,1600,1
4,899,1
4,500,0
4,6200,7
4,1901,3
4,2400,5
4,1700,2
4,599,0
4,1301,2
4,300,0
4,1600,2
4,400,0
4,500,0
4,700,1
4,1499,2
4,1301,2
4,2900,5
4,2399,4
4,1601,2
4,800,1
4,2300,7
4,5800,13
4,1000,1
4,1199,2
4,1401,2
4,500,0
4,400,0
4,1100,2
4,300,0
4,200,0
4,200,0
4,3300,7
4,700,1
4,800,1
4,500,0
4,1600,2
4,6701,19
4,699,1
4,400,0
4,500,1
4,301,0
4,1200,3
4,900,2
4,500,0
4,3399,6
4,2301,4
4,8100,18
4,2999,2
4,600,0
4,1701,2
4,300,0
4,500,0
4,2700,5
4,700,0
4,1000,1
4,899,1
4,3201,8
4,3499,8
4,700,0
4,501,0
4,2100,4
4,900,1
4,1400,2
4,4200,8
4,800,1
4,3900,7
4,500,0
4,2400,4
4,600,0
4,1499,2
4,500,0
4,701,1
4,2900,6
4,1600,4
4,699,1
4,3001,7
4,1700,3
4,1799,4
4,2201,3
4,300,0
4,700,1
4,1200,3
4,400,0
4,1499,4
4,600,1
4,801,1
4,300,0
4,900,1
4,2800,7
4,1199,2
4,1501,3
4,300,0
4,2000,6
4,300,0
4,600,1
4,300,0
4,1299,2
4,1801,4
4,1300,3
4,1600,4
4,2099,5
4,2501,6
4,600,1
4,1700,3
4,1000,1
4,600,0
4,700,1
4,3700,7
4,700,1
4,4999,13
4,3901,7
4,3099,6
4,3301,7
4,3899,8
4,1201,2
4,500,0
4,2500,4
4,900,1
4,2200,4
4,400,0
4,400,0
4,500,0
4,2900,4
4,1999,4
4,800,1
4,800,1
4,600,0
4,1100,1
4,2099,4
4,400,0
4,700,1
4,1600,3
4,1800,4
4,400,0
4,1299,3
4,1201,3
4,1300,3
4,300,0
4,700,1
4,1200,2
4,400,0
4,299,0
4,500,0
4,300,0
4,3101,9
4,1400,3
4,1499,3
4,1301,3
4,1500,4
4,400,0
4,1600,3
4,1300,2
4,1499,3
4,2001,4
4,4399,12
4,700,1
4,2700,6
4,700,1
4,500,0
4,1799,3
4,1701,3
4,2100,4
4,800,1
4,800,2
4,599,1
4,800,2
4,2500,5
4,400,0
4,500,0
4,1000,1
4,399,0
4,800,1
4,2101,5
4,400,0
4,2700,5
4,400,0
4,800,1
4,4001,7
4,500,0
4,800,1
4,1300,3
4,700,0
4,400,0
4,9700,21
4,400,0
4,1199,2
4,500,0
4,1701,2
4,1800,3
4,400,0
4,2799,6
4,1500,2
4,300,0
4,3799,13
4,300,0
4,300,0
4,701,1
4,900,2
4,300,0
4,1000,2
4,3099,9
4,500,1
4,501,1
4,1900,4
4,500,0
4,3899,9
4,5101,10
4,2200,4
4,500,0
4,500,0
4,600,1
4,600,1
4,1600,4
4,900,3
4,900,2
4,1399,3
4,900,1
4,800,0
4,1800,3
4,10499,5
4,1401,2
4,2300,1
4,800,1
4,300,0
4,500,0
4,3901,8
4,800,2
4,300,0
4,200,0
4,1000,2
4,1299,0
4,300,0
4,301,0
4,1200,4
4,700,1
4,2400,4
4,599,1
4,2101,5
4,1900,0
4,5100,12
4,1800,3
4,500,0
4,2300,5
4,3500,5
4,4100,8
4,500,0
4,900,1
4,1299,2
4,500,0
4,2301,3
4,300,0
4,1000,3
4,600,1
4,600,1
4,2199,3
4,2400,7
4,2200,3
4,1499,3
4,5101,8
4,2199,4
4,1301,2
4,400,0
4,500,0
4,4500,8
4,600,0
4,5801,5
4,1801,2
4,400,0
4,4899,6
4,800,1
4,1100,1
4,5299,9
4,501,0
4,1600,3
4,500,0
4,10899,7
4,3001,6
4,3899,8
4,701,1
4,2700,5
4,600,0
4,2999,7
4,3000,6
4,700,1
4,400,0
4,1399,3
4,3501,8
4,1500,2
4,1999,4
4,400,0
4,2201,3
4,400,0
4,600,1
4,500,1
4,200,0
4,600,1
4,299,0
4,1401,3
4,1400,2
4,1000,1
4,800,1
4,500,0
4,2500,5
4,1200,1
4,400,0
4,800,2
4,2199,6
4,800,1
4,600,1
4,1100,3
4,1100,3
4,1700,5
4,500,1
4,1999,5
4,1601,2
4,1900,3
4,1300,2
4,400,0
4,1101,1
4,1099,1
4,1701,4
4,3200,9
4,1299,2
4,800,1
4,401,0
4,1400,3
4,4899,10
4,6600,2
4,1201,2
4,3000,6
4,1400,2
4,800,1
4,501,0
4,1300,2
4,500,0
4,1400,3
4,1300,2
4,2201,4
4,9100,20
4,1200,2
4,900,1
4,799,1
4,1501,2
4,600,0
4,800,1
4,3999,10
4,1801,3
4,900,1
4,1200,1
4,3300,6
4,600,1
4,1000,2
4,300,0
4,1600,4
4,600,1
4,1099,3
4,300,0
4,1301,3
4,500,1
4,500,1
4,300,0
4,200,0
4,4199,6
4,1300,4
4,1900,2
4,700,2
4,1100,3
4,699,1
4,2301,6
4,3500,8
4,1899,3
4,600,1
4,500,0
4,501,0
4,700,2
4,1200,4
4,400,0
4,500,1
4,400,0
4,500,1
4,300,0
4,8099,6
4,500,0
4,601,0
4,400,0
4,700,1
4,2200,6
4,400,0
4,1099,3
4,2801,7
4,3300,7
4,399,0
4,1401,2
4,400,0
4,400,0
4,1400,2
4,600,1
4,4600,15
4,2200,4
4,1000,1
4,1801,3
4,1400,2
4,3500,7
4,700,2
4,3601,9
4,2200,4
4,500,0
4,3501,6
4,1200,3
4,300,0
4,400,0
4,1499,4
4,300,0
4,401,0
4,1000,3
4,1400,4
4,500,1
4,200,0
4,400,1
4,200,0
4,1899,7
4,1101,1
4,2200,4
4,400,0
4,2199,5
4,1301,2
4,3400,6
4,1300,2
4,600,0
4,600,0
4,1199,2
4,400,0
4,500,1
4,1201,4
4,500,1
4,300,0
4,6900,4
4,2900,8
4,3200,8
4,300,0
4,2300,6
4,900,1
4,1799,4
4,1000,1
4,2200,5
4,3699,9
4,1700,3
4,600,1
4,300,0
4,400,0
4,2199,5
4,1601,3
4,900,1
4,2600,4
4,400,0
4,1599,4
4,800,1
4,2200,4
4,2699,2
4,2701,5
4,400,0
4,300,0
4,300,0
4,2899,6
4,300,0
4,801,2
4,1500,4
4,1700,5
4,300,0
4,1299,3
4,800,2
4,2001,3
4,200,0
4,600,1
4,400,1
4,300,0
4,300,0
4,500,1
4,3300,10
4,600,0
4,501,0
4,600,0
4,1000,1
4,2400,5
4,399,0
4,1701,3
4,2300,5
4,900,1
4,400,0
4,599,0
4,4501,9
4,1900,6
4,2500,10
4,300,0
4,700,1
4,300,0
4,1800,6
4,400,0
4,1499,4
4,5501,4
4,2299,8
4,2501,4
4,1700,5
4,600,1
4,399,0
4,1100,2
4,401,0
4,700,2
4,500,1
4,1800,1
4,2899,10
4,3801,9
4,600,1
4,2599,4
4,300,0
4,401,0
4,2500,3
4,400,0
4,500,0
4,599,1
4,2401,8
4,4999,5
4,300,0
4,300,0
4,3201,7
4,500,1
4,600,1
4,600,1
4,2600,5
4,1400,4
4,800,2
4,2000,1
4,1499,2
4,900,1
4,900,1
4,5201,7
4,400,0
4,4000,6
4,600,0
4,1000,1
4,1900,4
4,6201,3
4,1199,2
4,6401,13
4,1399,3
4,501,0
4,3200,6
4,3700,9
4,900,1
4,3999,8
4,2301,5
4,2000,6
4,2999,5
4,400,0
4,801,1
4,1800,4
4,900,1
4,400,0
4,1799,4
4,1401,2
4,2100,4
4,3499,7
4,1801,4
4,700,1
4,2600,5
4,1700,3
4,4700,9
4,999,1
4,1301,2
4,400,0
4,700,1
4,900,1
4,5300,12
4,1500,2
4,800,1
4,899,1
4,1401,2
4,1000,1
4,900,2
4,2200,4
4,3101,4
4,400,0
4,3799,8
4,1301,3
4,800,1
4,1900,4
4,999,1
4,900,1
4,399,0
4,400,0
4,400,0
4,1000,1
4,1700,3
4,600,1
4,300,0
4,600,1
4,1499,4
4,300,0
4,2200,4
4,500,0
4,1500,3
4,5100,10
4,1900,3
4,5500,12
4,900,1
4,3700,7
4,1100,1
4,400,0
4,1000,1
4,2399,4
4,401,0
4,3500,7
4,1200,2
4,1901,3
4,3500,7
4,1199,3
4,800,2
4,1201,2
4,1800,3
4,1300,2
4,1200,2
4,400,0
4,800,1
4,400,0
4,400,0
4,500,1
4,1900,4
4,2999,7
4,3801,9
4,500,0
4,2199,4
4,401,0
4,3000,5
4,2699,5
4,501,0
4,400,0
4,1000,1
4,2200,5
4,500,0
4,1199,2
4,1901,3
4,800,0
4,900,2
4,1000,3
4,600,1
4,700,2
4,1000,3
4,500,1
4,600,1
4,700,1
4,301,0
4,500,1
4,3300,11
4,500,1
4,599,2
4,3001,9
4,200,0
4,1000,3
4,3099,11
4,700,1
4,401,0
4,300,0
4,300,0
4,300,0
4,600,1
4,400,1
4,400,0
4,399,0
4,2001,7
4,4200,13
4,200,0
4,1599,5
4,3901,12
4,1000,3
4,500,1
4,999,3
4,700,1
4,200,0
4,2100,6
4,400,0
4,600,1
4,1000,3
4,1099,3
4,1201,4
4,400,0
4,300,0
4,500,1
4,1200,3
4,800,2
4,1000,2
4,799,1
4,5401,11
4,400,0
4,10200,6
4,1799,4
4,2601,5
4,400,0
4,1600,3
4,400,0
4,500,0
4,8700,7
4,2701,2
4,400,0
4,4700,2
4,5599,1
4,2001,4
4,300,0
4,400,0
4,1800,4
4,500,0
4,3100,7
4,2800,7
4,300,0
4,500,1
4,1199,4
4,300,0
4,401,0
4,1300,4
4,400,0
4,1700,6
4,1000,3
4,599,1
4,1300,4
4,600,1
4,1700,5
4,1100,2
4,300,0
4,900,2
4,400,0
4,2901,6
4,500,0
4,1100,2
4,800,1
4,400,0
4,599,0
4,1200,2
4,1600,3
4,3000,7
4,499,0
4,1501,2
4,1000,1
4,1200,2
4,1400,2
4,2199,4
4,4101,8
4,400,0
4,899,1
4,600,0
4,2601,5
4,1000,1
4,7200,3
4,1200,1
4,2299,4
4,1701,3
4,2800,6
4,600,0
4,1099,1
4,1501,2
4,1700,2
4,900,2
4,300,0
4,300,0
4,300,0
4,300,0
4,1500,4
4,1101,3
4,800,2
4,1300,1
4,600,1
4,1799,5
4,1901,6
4,500,1
4,600,1
4,500,1
4,1600,4
4,500,0
4,1300,2
4,300,0
4,4000,8
4,1899,3
4,2501,5
4,800,1
4,1600,2
4,899,2
4,500,0
4,901,2
4,300,0
4,800,2
4,400,0
4,900,2
4,600,1
4,301,0
4,400,0
4,1400,4
4,1700,4
4,2499,4
4,1501,2
4,1100,2
4,1700,3
4,1399,2
4,900,1
4,400,0
4,600,1
4,400,0
4,600,1
4,1101,3
4,700,2
4,600,1
4,400,0
4,400,0
4,1300,1
4,1399,2
4,1401,2
4,1400,2
4,8100,4
4,800,2
4,1300,4
4,599,1
4,200,0
4,2101,6
4,300,0
4,300,0
4,1000,2
4,900,2
4,1199,4
4,900,2
4,1201,2
4,1400,2
4,1100,1
4,1899,3
4,2401,4
4,2400,4
4,1500,2
4,400,0
4,1601,4
4,600,1
4,900,2
4,500,1
4,300,0
4,1300,4
4,999,3
4,900,2
4,1300,3
4,2000,4
4,1000,1
4,1299,2
4,8300,19
4,3700,9
4,300,0
4,900,2
4,1600,4
4,301,0
4,500,1
4,900,2
4,1000,3
4,901,2
4,600,1
4,900,2
4,1600,5
4,700,1
4,900,2
4,600,1
4,1101,3
4,700,1
4,300,0
4,500,0
4,1000,3
4,700,2
4,6400,3
4,4400,8
4,1400,3
4,600,1
4,500,1
4,1300,3
4,1999,5
4,300,0
4,2501,8
4,1300,3
4,1300,3
4,599,1
4,500,1
4,400,0
4,1801,5
4,500,1
4,1100,2
4,1500,5
4,799,2
4,500,1
4,901,2
4,300,0
4,600,1
4,800,2
4,300,0
4,300,0
4,1200,4
4,1999,7
4,600,1
4,1600,4
4,1600,5
4,300,0
4,1600,5
4,500,1
4,300,0
4,300,0
4,1701,5
4,600,1
4,300,0
4,2100,6
4,300,0
4,2500,8
4,200,0
4,3399,11
4,1200,4
4,200,0
4,2000,6
4,2399,7
4,3301,11
4,500,1
4,4500,0
4,300,0
4,600,1
4,500,1
4,400,0
4,300,0
4,1700,5
4,1399,4
4,600,1
4,901,2
4,300,0
4,1500,5
4,400,0
4,1100,3
4,1100,3
4,200,0
4,5501,20
4,500,1
4,1299,4
4,900,2
4,1301,4
4,800,2
4,3999,13
4,300,0
4,1401,5
4,2200,8
4,300,0
4,1100,3
4,4800,16
4,200,0
4,2600,8
4,499,1
4,300,0
4,1501,4
4,1000,2
4,1900,6
4,1700,5
4,1799,6
4,400,1
4,600,1
4,900,2
4,200,0
4,300,0
4,600,2
4,900,2
4,300,0
4,200,0
4,10400,12
4,200,0
4,2099,7
4,300,0
4,801,2
4,1300,4
4,700,2
4,200,0
4,1200,4
4,1099,3
4,400,0
4,1201,3
4,300,0
4,1800,6
4,300,0
4,1600,6
4,300,0
4,299,0
4,6301,21
4,4000,11
4,300,0
4,1300,4
4,1100,3
4,300,0
4,1999,5
4,1301,3
4,800,2
4,2400,6
4,2499,7
4,1200,3
4,400,0
4,300,0
4,800,1
4,4299,12
4,300,0
4,200,0
4,600,1
4,900,1
4,1300,4
4,300,0
4,999,2
4,1000,2
4,901,2
4,9900,8
4,3699,11
4,701,2
4,5000,2
4,300,0
4,600,1
4,901,2
4,1600,4
4,700,1
4,2001,6
4,2100,6
4,1700,5
4,599,1
4,700,1
4,1301,3
4,400,1
4,1800,4
4,600,1
4,800,2
4,1099,3
4,200,0
4,300,0
4,701,1
4,1400,3
4,300,0
4,1000,2
4,800,2
4,300,0
4,799,1
4,6201,21
4,3000,8
4,900,2
4,400,0
4,200,0
4,3300,10
4,399,0
4,1601,4
4,1400,4
4,2800,8
4,600,1
4,299,0
4,700,1
4,500,1
4,401,0
4,400,1
4,900,2
4,300,0
4,1600,5
4,800,2
4,1599,4
4,300,0
4,1701,5
4,900,2
4,1800,5
4,300,0
4,5500,5
4,700,1
4,1400,3
4,599,1
4,900,2
4,700,2
4,300,0
4,1500,4
4,600,1
4,400,0
4,1501,5
4,2000,7
4,1500,5
4,200,0
4,299,0
4,800,2
4,2101,6
4,900,2
4,300,0
4,2000,6
4,1499,4
4,300,0
4,2401,7
4,1200,3
4,900,2
4,1199,4
4,1200,4
4,401,0
4,300,0
4,400,0
4,400,0
4,2100,6
4,600,1
4,600,1
4,1400,4
4,301,0
4,800,2
4,1400,4
4,600,1
4,900,2
4,200,0
4,200,0
4,300,0
4,2501,8
4,300,0
4,500,1
4,1000,2
4,1300,3
4,300,0
4,999,3
4,600,1
4,901,2
4,600,1
4,600,1
4,300,0
4,400,0
4,600,1
4,1200,3
4,300,0
4,1199,3
4,9301,13
4,1600,2
4,299,0
4,1000,2
4,300,0
4,2400,8
4,1200,5
4,2799,8
4,200,0
4,301,0
4,1000,3
4,900,2
4,800,2
4,2299,8
4,800,2
4,2001,6
4,400,0
4,500,1
4,300,0
4,2200,6
4,200,0
4,1901,5
4,500,1
4,2400,8
4,1300,4
4,200,0
4,200,0
4,3301,6
4,700,1
4,1300,2
4,600,0
4,999,2
4,2001,7
4,1100,2
4,1400,4
4,1600,2
4,1400,2
4,1900,3
4,2000,3
4,900,1
4,599,0
4,8601,20
4,1100,3
4,2700,8
4,300,0
4,1099,3
4,300,0
4,8100,12
4,401,0
4,400,0
4,2200,4
4,2199,5
4,2801,6
4,2000,5
4,5800,13
4,801,0
4,1000,1
4,1400,3
4,1500,2
4,799,1
4,1501,3
4,2800,5
4,400,0
4,700,1
4,900,1
4,601,0
4,2100,4
4,900,2
4,600,1
4,1899,5
4,1501,4
4,1100,3
4,2600,7
4,300,0
4,500,1
4,1500,4
4,501,1
4,1300,3
4,1500,3
4,800,2
4,300,0
4,500,1
4,1900,6
4,600,1
4,800,2
4,700,1
4,1000,2
4,300,0
4,900,2
4,499,1
4,6601,25
4,300,0
4,999,3
4,500,1
4,1000,3
4,400,0
4,300,0
4,400,0
4,1901,6
4,800,2
4,300,0
4,300,0
4,300,0
4,300,0
4,1000,2
4,1199,4
4,1701,5
4,300,0
4,2100,7
4,600,2
4,1201,3
4,300,0
4,600,1
4,900,2
4,800,2
4,500,1
4,1699,6
4,500,1
4,301,0
4,1700,5
4,2200,8
4,800,2
4,2199,6
4,400,0
4,800,2
4,200,0
4,700,2
4,500,1
4,400,0
4,1400,3
4,899,2
4,700,2
4,1401,4
4,400,0
4,200,0
4,1800,6
4,2799,10
4,501,1
4,700,1
4,1000,2
4,300,0
4,500,1
4,2699,9
4,400,0
4,1201,3
4,1400,5
4,600,1
4,2600,9
4,199,0
4,700,1
4,500,1
4,2301,2
4,900,1
4,400,0
4,800,1
4,1299,1
4,400,0
4,1800,0
4,1600,3
4,1600,3
4,1300,2
4,1900,0
4,500,0
4,1599,2
4,1000,1
4,800,1
4,4300,6
4,3200,7
4,2401,1
4,2000,3
4,900,1
4,1499,3
4,4300,13
4,900,2
4,300,0
4,200,0
4,2000,6
4,2300,4
4,799,1
4,4301,6
4,2200,4
4,1801,4
4,5300,0
4,600,1
4,1001,3
4,300,0
4,2400,4
4,1900,5
4,200,0
4,2801,5
4,1200,4
4,900,1
4,1600,2
4,1401,3
4,1000,1
4,1300,2
4,600,0
4,3700,5
4,1600,2
4,300,0
4,5600,10
4,1000,2
4,2599,2
4,2101,3
4,2100,6
4,9400,9
4,1500,3
4,1400,2
4,1200,2
4,3399,7
4,501,0
4,1900,4
4,900,2
4,1000,2
4,500,1
4,1199,3
4,300,0
4,1000,2
4,1200,2
4,1400,3
4,6099,7
4,3001,6
4,1200,1
4,1000,1
4,200,0
4,799,2
4,901,2
4,800,2
4,6299,12
4,700,0
4,300,0
4,1700,4
4,2399,5
4,1201,1
4,1600,2
4,2400,4
4,1199,1
4,400,0
4,1901,5
4,1200,3
4,600,1
4,300,0
4,2099,7
4,300,0
4,1901,6
4,300,0
4,2500,5
4,1299,2
4,1901,3
4,1000,1
4,500,0
4,1100,1
4,1999,3
4,2801,5
4,200,0
4,800,2
4,500,1
4,5200,3
4,1900,6
4,300,0
4,899,2
4,500,1
4,600,1
4,301,0
4,1100,3
4,1900,6
4,2200,7
4,500,1
4,2801,10
4,900,2
4,2401,7
4,1100,3
4,1200,4
4,900,2
4,300,0
4,3000,11
4,700,2
4,300,0
4,1600,5
4,500,1
4,200,0
4,600,1
4,1000,3
4,5001,17
4,1599,5
4,500,1
4,1001,2
4,1200,3
4,300,0
4,1300,3
4,2099,7
4,2201,7
4,500,1
4,200,0
4,500,1
4,900,2
4,200,0
4,300,0
4,300,0
4,2600,7
4,300,0
4,800,2
4,500,1
4,300,0
4,300,0
4,1000,3
4,1000,2
4,3400,6
4,1000,3
4,800,2
4,1500,1
4,199,0
4,300,0
4,200,0
4,3501,9
4,600,1
4,800,1
4,1599,5
4,1601,4
4,900,2
4,1200,3
4,1099,2
4,1100,2
4,3101,7
4,400,0
4,1801,5
4,2100,4
4,2099,7
4,900,2
4,6799,17
4,1101,3
4,4600,12
4,499,1
4,1401,3
4,3200,7
4,500,1
4,200,0
4,300,0
4,400,0
4,701,2
4,300,0
4,400,0
4,200,0
4,200,0
4,4699,10
4,200,0
4,1701,2
4,400,0
4,600,1
4,4499,10
4,1500,5
4,200,0
4,300,0
4,3999,7
4,500,0
4,1200,2
4,400,0
4,2199,7
4,901,3
4,1300,4
4,1100,3
4,900,2
4,600,1
4,599,1
4,400,0
4,1001,2
4,600,1
4,300,0
4,300,0
4,200,0
4,600,1
4,700,2
4,300,0
4,1100,3
4,300,0
4,300,0
4,901,2
4,1500,4
4,899,2
4,1301,4
4,800,2
4,500,1
4,600,1
4,500,1
4,300,0
4,300,0
4,3499,12
4,1400,4
4,1100,3
4,2100,5
4,500,1
4,299,0
4,4001,14
4,300,0
4,300,0
4,1600,5
4,300,0
4,700,1
4,600,1
4,301,0
4,800,2
4,2300,8
4,4100,14
4,1600,5
4,500,1
4,800,2
4,500,1
4,1100,3
4,300,0
4,300,0
4,1301,3
4,4700,5
4,200,0
4,599,1
4,300,0
4,1201,4
4,1700,5
4,900,2
4,2699,9
4,200,0
4,600,1
4,2001,6
4,600,1
4,1900,5
4,800,2
4,699,2
4,500,1
4,200,0
4,700,2
4,500,1
4,1100,3
4,300,0
4,1000,2
4,2201,7
4,700,2
4,700,1
4,800,2
4,1999,6
4,801,2
4,1000,3
4,1800,5
4,1100,3
4,3400,12
4,500,1
4,1900,6
4,1100,3
4,1300,3
4,300,0
4,5301,19
4,600,1
4,700,1
4,200,0
4,300,0
4,400,0
4,1801,6
4,500,1
4,300,0
4,200,0
4,500,1
4,1000,2
4,200,0
4,999,3
4,400,0
4,7900,8
4,300,0
4,500,1
4,300,0
4,300,0
4,900,2
4,1000,3
4,800,2
4,1299,3
4,600,1
4,601,1
4,2100,6
4,1900,6
4,300,0
4,299,0
4,300,0
4,800,2
4,501,1
4,1100,3
4,1500,6
4,300,0
4,800,2
4,300,0
4,599,1
4,2300,8
4,400,0
4,1300,4
4,1399,4
4,1301,4
4,900,2
4,300,0
4,500,1
4,300,0
4,600,1
4,2799,6
4,601,0
4,1800,3
4,2799,5
4,1701,3
4,1000,1
4,3999,8
4,901,1
4,2200,4
4,900,1
4,600,1
4,1399,4
4,800,2
4,1000,3
4,4799,17
4,600,1
4,1201,3
4,600,1
4,1300,3
4,5600,5
4,900,2
4,900,3
4,300,0
4,700,1
4,800,1
4,1499,5
4,2501,10
4,900,1
4,800,1
4,900,1
4,5000,14
4,800,1
4,400,0
4,1100,2
4,1399,3
4,1201,3
4,800,1
4,400,0
4,1800,4
4,1400,3
4,400,0
4,1201,2
4,1400,3
4,400,0
4,299,0
4,3101,9
4,400,0
4,2000,5
4,900,2
4,1199,3
4,300,0
4,701,1
4,3100,10
4,1400,4
4,599,1
4,700,1
4,1001,2
4,700,1
4,1700,5
4,2100,5
4,1299,3
4,1401,3
4,300,0
4,900,2
4,2000,5
4,900,2
4,1199,3
4,2800,8
4,1800,5
4,300,0
4,200,0
4,3701,0
4,1800,5
4,2199,7
4,2101,5
4,800,2
4,2000,6
4,1799,5
4,1801,5
4,800,2
4,1100,3
4,300,0
4,300,0
4,300,0
4,6600,19
4,400,0
4,400,0
4,899,1
4,400,0
4,1401,3
4,800,1
4,300,0
4,2400,4
4,799,1
4,2401,4
4,2400,4
4,700,1
4,2200,4
4,5500,11
4,3500,7
4,2301,5
4,500,0
4,600,0
4,1800,3
4,4400,10
4,500,1
4,500,1
4,400,0
4,400,0
4,900,2
4,200,0
4,699,2
4,901,2
4,1200,3
4,400,1
4,1600,5
4,1400,4
4,1199,3
4,1001,3
4,4500,4
4,699,0
4,400,0
4,2701,6
4,1000,1
4,1300,2
4,1499,2
4,3201,6
4,500,0
4,900,1
4,399,0
4,1000,1
4,201,0
4,400,0
4,200,0
4,600,1
4,300,0
4,600,1
4,300,0
4,2499,4
4,5301,10
4,500,0
4,2500,5
4,1200,3
4,1000,2
4,900,2
4,700,2
4,699,1
4,1200,1
4,3400,7
4,1000,1
4,500,0
4,1000,1
4,3699,7
4,400,0
4,4500,9
4,299,0
4,1300,4
4,4501,9
4,2299,4
4,1201,1
4,4999,9
4,2101,5
4,2400,4
4,1000,1
4,1099,1
4,4501,10
4,900,2
4,1699,5
4,1401,4
4,800,2
4,900,2
4,4900,2
4,600,0
4,1700,3
4,1300,2
4,4500,10
4,600,0
4,2699,7
4,1401,3
4,900,2
4,1000,2
4,700,1
4,600,1
4,400,0
4,7100,16
4,1699,3
4,401,0
4,300,0
4,400,0
4,300,0
4,400,0
4,300,0
4,8100,19
4,1500,2
4,600,0
4,1101,2
4,1200,3
4,800,2
4,2999,9
4,600,1
4,2601,9
4,1100,2
4,300,0
4,500,1
4,4700,16
4,2300,4
4,1000,1
4,400,0
4,900,1
4,2899,5
4,500,0
4,400,0
4,800,1
4,1000,1
4,500,0
4,500,0
4,900,1
4,1000,2
4,3401,6
4,10699,19
4,600,1
4,1000,1
4,2800,5
4,1100,1
4,1000,1
4,2001,3
4,700,0
4,600,0
4,3700,11
4,600,1
4,800,1
4,1400,2
4,500,0
4,600,0
4,400,0
4,900,1
4,400,0
4,4400,10
4,499,1
4,1000,1
4,2401,5
4,3399,7
4,500,0
4,1601,2
4,1300,3
4,300,0
4,300,0
4,900,1
4,2700,6
4,2200,5
4,1600,2
4,499,0
4,1000,1
4,1200,2
4,1100,1
4,4099,14
4,601,1
4,1001,1
4,2500,6
4,500,0
4,700,0
4,500,0
4,3701,9
4,700,2
4,500,1
4,4800,17
4,200,0
4,2600,1
4,900,3
4,399,0
4,1100,1
4,9300,6
4,1500,2
4,800,1
4,899,2
4,700,1
4,200,0
4,500,1
4,800,2
4,500,1
4,500,1
4,2400,8
4,2200,7
4,1500,5
4,1000,2
4,5600,19
4,300,0
4,1900,5
4,700,1
4,400,0
4,400,0
4,1299,3
4,300,0
4,200,0
4,1400,4
4,2500,8
4,1599,5
4,900,2
4,2101,7
4,300,0
4,200,0
4,1100,3
4,900,2
4,799,2
4,500,1
4,3001,9
4,1100,3
4,900,2
4,1099,3
4,900,2
4,1401,4
4,1299,2
4,2201,8
4,800,2
4,700,2
4,800,2
4,1199,3
4,500,1
4,1101,3
4,4400,4
4,699,2
4,200,0
4,1001,3
4,1000,3
4,2000,6
4,2299,7
4,900,2
4,501,1
4,400,0
4,1600,5
4,700,1
4,800,2
4,600,1
4,1399,4
4,300,0
4,2401,7
4,1000,3
4,1500,5
4,300,0
4,1199,3
4,4401,14
4,200,0
4,300,0
4,800,1
4,1699,5
4,501,1
4,700,2
4,400,0
4,300,0
4,700,1
4,900,2
4,1100,3
4,499,1
4,300,0
4,2101,6
4,1000,2
4,400,1
4,800,2
4,300,0
4,300,0
4,500,1
4,1100,3
4,2001,6
4,700,2
4,700,2
4,5101,16
4,2699,9
4,500,1
4,1901,6
4,4199,6
4,500,1
4,1701,5
4,400,0
4,700,1
4,1000,2
4,1500,4
4,200,0
4,299,0
4,600,1
4,2901,9
4,1000,3
4,800,2
4,900,2
4,1299,4
4,300,0
4,300,0
4,2800,9
4,1400,4
4,1799,6
4,500,1
4,2201,6
4,800,0
4,1700,3
4,4100,8
4,900,1
4,1700,3
4,2900,6
4,800,1
4,1800,3
4,600,0
4,1099,1
4,400,0
4,2101,4
4,2900,9
4,1099,3
4,800,2
4,2701,9
4,600,1
4,200,0
4,300,0
4,900,2
4,3200,10
4,900,2
4,1800,6
4,800,2
4,200,0
4,300,0
4,1499,2
4,4201,5
4,1600,2
4,2500,4
4,3900,6
4,1100,1
4,400,0
4,500,0
4,600,0
4,4100,6
4,1300,2
4,1000,1
4,5000,9
4,3599,8
4,901,2
4,1100,3
4,4499,11
4,900,3
4,1401,1
4,800,2
4,500,1
4,300,0
4,600,1
4,1200,0
4,2601,8
4,500,1
4,2700,6
4,1000,2
4,300,0
4,500,1
4,2100,6
4,500,1
4,2100,3
4,899,2
4,2001,7
4,1900,3
4,700,1
4,600,2
4,1299,4
4,600,1
4,1101,3
4,300,0
4,1700,6
4,200,0
4,800,2
4,2099,4
4,1401,4
4,1300,4
4,3899,10
4,9301,15
4,1700,3
4,600,0
4,1000,1
4,1699,3
4,1900,3
4,799,2
4,1100,1
4,3000,6
4,3899,8
4,1700,3
4,1000,1
4,1000,1
4,3500,6
4,1800,3
4,500,0
4,5200,11
4,1400,2
4,1600,3
4,3100,11
4,300,0
4,2200,7
4,1100,3
4,799,2
4,600,1
4,500,1
4,401,0
4,500,1
4,900,2
4,1000,3
4,900,2
4,400,0
4,500,1
4,699,1
4,1501,3
4,3900,9
4,1199,2
4,3401,8
4,600,0
4,1300,2
4,1599,4
4,1101,2
4,3300,7
4,2199,4
4,1501,2
4,2200,4
4,700,0
4,8300,6
4,500,0
4,1101,3
4,1600,3
4,3400,6
4,400,0
4,4301,9
4,500,0
4,3100,6
4,400,0
4,1300,2
4,1200,2
4,600,0
4,900,1
4,1899,3
4,400,0
4,901,1
4,1300,2
4,500,0
4,500,0
4,4700,13
4,400,0
4,900,2
4,3399,12
4,1901,4
4,900,1
4,400,0
4,3099,6
4,3701,8
4,3299,7
4,1401,3
4,1100,1
4,900,1
4,2000,3
4,2200,4
4,800,1
4,6000,14
4,1900,3
4,2900,7
4,1600,3
4,1100,2
4,4799,12
4,11401,16
4,800,1
4,2499,4
4,400,0
4,1400,3
4,1400,3
4,800,1
4,800,1
4,699,1
4,400,0
4,3901,10
4,6900,16
4,1600,3
4,599,0
4,2001,4
4,11600,11
4,5000,11
4,1100,2
4,1200,2
4,399,0
4,3101,7
4,700,1
4,2800,5
4,1699,3
4,2801,5
4,600,0
4,1400,2
4,1499,3
4,2601,6
4,1300,3
4,400,0
4,1000,2
4,300,0
4,700,1
4,2300,5
4,400,0
4,500,0
4,1200,2
4,1999,4
4,2600,6
4,4500,9
4,3700,8
4,1000,1
4,2101,4
4,400,0
4,7400,3
4,4299,9
4,2301,5
4,800,1
4,1700,3
4,2399,5
4,1201,2
4,1100,1
4,500,0
4,2899,5
4,1201,1
4,400,0
4,500,0
4,7300,15
4,2000,5
4,1000,2
4,1300,2
4,1500,2
4,1400,3
4,500,0
4,3400,7
4,400,0
4,800,1
4,400,0
4,500,0
4,3500,7
4,1300,2
4,600,0
4,500,0
4,500,0
4,600,1
4,1300,3
4,800,1
4,399,0
4,3301,6
4,3000,6
4,1199,2
4,701,1
4,4900,11
4,499,0
4,400,0
4,601,1
4,1700,5
4,1400,4
4,600,1
4,500,1
4,700,2
4,300,0
4,600,1
4,1001,3
4,600,1
4,500,1
4,5900,9
4,2500,8
4,1200,3
4,6100,14
4,1200,2
4,799,1
4,2601,5
4,500,0
4,2200,4
4,1499,2
4,601,0
4,1100,1
4,2100,4
4,400,0
4,1199,2
4,500,0
4,2301,5
4,1700,3
4,700,0
4,1099,1
4,2901,6
4,600,0
4,1100,1
4,1000,1
4,1801,3
4,1900,5
4,700,1
4,500,1
4,1100,3
4,1299,3
4,2001,7
4,2401,4
4,500,0
4,700,0
4,500,0
4,3200,6
4,400,0
4,400,0
4,1300,2
4,1600,3
4,3600,8
4,1000,1
4,2399,6
4,500,0
4,400,0
4,4801,10
4,1399,2
4,2001,4
4,700,1
4,400,0
4,1000,2
4,1000,1
4,499,0
4,1701,3
4,1099,1
4,400,0
4,500,0
4,1300,1
4,500,0
4,2000,3
4,599,0
4,1000,1
4,1100,1
4,1500,2
4,900,1
4,399,0
4,1901,4
4,2600,5
4,2499,0
4,3801,6
4,600,0
4,3000,4
4,1500,2
4,1100,1
4,600,0
4,400,0
4,1900,2
4,500,0
4,2900,6
4,500,0
4,1701,3
4,500,0
4,500,0
4,1200,1
4,1499,1
4,1900,2
4,800,0
4,1099,1
4,901,0
4,800,0
4,3399,6
4,6900,9
4,2101,3
4,3700,6
4,700,0
4,1501,3
4,900,1
4,3000,5
4,1600,3
4,700,0
4,400,0
4,1200,1
4,600,0
4,600,0
4,1500,2
4,1900,2
4,600,0
4,400,0
4,1599,2
4,3601,3
4,8400,14
4,600,0
4,2501,4
4,1400,2
4,700,0
4,599,0
4,1601,2
4,400,0
4,6700,3
4,1200,1
4,900,1
4,800,0
4,800,1
4,500,0
4,5499,6
4,2900,3
4,2799,4
4,1201,2
4,2500,3
4,1399,1
4,4001,3
4,500,0
4,1600,2
4,700,0
4,2900,6
4,500,0
4,2699,4
4,600,0
4,1100,1
4,800,0
4,600,0
4,700,0
4,1000,1
4,1000,1
4,2601,4
4,1700,2
4,4000,6
4,1700,2
4,600,0
4,1500,1
4,500,0
4,6501,12
4,1801,2
4,600,0
4,4200,7
4,499,0
4,2601,4
4,400,0
4,4199,7
4,4701,1
4,600,0
4,3000,5
4,500,0
4,2300,3
4,3900,6
4,2500,5
4,3199,6
4,401,0
4,3100,5
4,1799,2
4,500,0
4,1801,2
4,800,1
4,2500,4
4,1000,1
4,12600,7
4,799,0
4,4801,6
4,1000,1
4,1699,2
4,1201,1
4,1700,2
4,2799,4
4,3101,6
4,500,0
4,4900,7
4,2200,3
4,1200,1
4,1899,2
4,600,0
4,9200,16
4,2300,4
4,6600,9
4,1000,1
4,1399,2
4,901,0
4,1300,1
4,500,0
4,1100,1
4,1399,2
4,3401,8
4,800,2
4,1999,6
4,2001,5
4,1000,2
4,8100,15
4,2000,4
4,399,0
4,1300,2
4,1800,3
4,5900,12
4,900,1
4,400,0
4,900,1
4,800,1
4,2400,4
4,5000,10
4,1000,1
4,801,1
4,500,0
4,3600,7
4,3700,8
4,400,0
4,500,0
4,2000,4
4,1699,2
4,1000,1
4,800,1
4,4300,9
4,1000,1
4,2501,5
4,5800,12
4,3700,8
4,1199,2
4,2201,4
4,3000,5
4,600,0
4,1899,3
4,600,0
4,3300,6
4,1099,1
4,3801,7
4,7100,17
4,600,0
4,700,0
4,1000,1
4,400,0
4,800,1
4,1401,2
4,1000,1
4,1800,3
4,4400,9
4,1200,1
4,1400,2
4,600,1
4,1501,2
4,2000,3
4,500,0
4,8100,18
4,1300,2
4,500,0
4,1101,2
4,2400,5
4,5900,1
4,500,0
4,800,1
4,1800,3
4,1899,4
4,800,1
4,7100,15
4,2300,5
4,700,1
4,2099,5
4,400,0
4,400,0
4,2300,5
4,400,0
4,900,1
4,400,0
4,2500,6
4,800,1
4,1300,3
4,700,1
4,400,0
4,2800,7
4,400,0
4,3300,7
4,1100,2
4,900,1
4,2001,5
4,2300,4
4,400,0
4,700,1
4,1400,2
4,400,0
4,4700,11
4,2100,5
4,2800,7
4,1000,1
4,2200,4
4,1299,2
4,1601,3
4,2000,4
4,500,0
4,800,1
4,3900,8
4,400,0
4,3100,10
4,699,2
4,1701,5
4,1800,3
4,7100,2
4,1800,3
4,1699,3
4,1300,2
4,500,0
4,3300,8
4,400,0
4,3401,7
4,400,0
4,600,0
4,500,1
4,300,0
4,1099,4
4,2301,4
4,1400,3
4,3099,6
4,2501,5
4,1600,2
4,400,0
4,2800,5
4,1000,1
4,3400,8
4,400,0
4,900,1
4,4901,11
4,1499,2
4,4701,13
4,500,1
4,600,1
4,399,0
4,1901,6
4,2200,7
4,600,1
4,500,1
4,1999,7
4,3101,9
4,300,0
4,1000,2
4,1300,3
4,400,0
4,800,2
4,500,1
4,600,1
4,899,3
4,300,0
4,501,1
4,2200,8
4,600,1
4,400,0
4,8700,6
4,999,1
4,3001,6
4,1800,3
4,1200,1
4,2901,6
4,1700,3
4,2099,5
4,9201,14
4,1300,2
4,1400,3
4,3399,4
4,3000,7
4,1799,3
4,400,0
4,1100,2
4,1500,2
4,9000,19
4,1199,2
4,300,0
4,2201,4
4,1600,2
4,1600,5
4,1399,2
4,900,1
4,2700,6
4,3099,5
4,1700,3
4,2400,4
4,2900,5
4,800,1
4,400,0
4,1200,2
4,1600,5
4,900,2
4,300,0
4,501,1
4,3600,7
4,500,0
4,499,0
4,1501,3
4,200,0
4,400,0
4,900,2
4,1301,2
4,500,0
4,8300,5
4,900,1
4,400,0
4,4100,10
4,500,0
4,900,1
4,2099,4
4,700,1
4,1301,2
4,1300,2
4,600,0
4,500,0
4,1499,2
4,4401,12
4,2499,5
4,3801,8
4,1700,3
4,1399,3
4,3901,10
4,5500,14
4,900,1
4,3499,7
4,1001,1
4,4500,10
4,1799,3
4,1100,1
4,2400,5
4,2099,4
4,3301,7
4,900,2
4,1100,3
4,1599,5
4,700,1
4,600,1
4,600,1
4,300,0
4,800,2
4,1399,3
4,1701,5
4,600,1
4,300,0
4,300,0
4,1100,2
4,1000,1
4,1399,1
4,1901,4
4,9400,10
4,400,0
4,3701,7
4,5500,12
4,900,1
4,500,0
4,2999,6
4,1501,2
4,1800,6
4,1300,3
4,700,2
4,400,0
4,500,0
4,900,1
4,500,0
4,1100,1
4,1200,2
4,700,1
4,2099,4
4,4800,10
4,599,0
4,2901,6
4,2300,4
4,4900,11
4,1100,1
4,200,0
4,2499,4
4,601,0
4,3800,8
4,2099,4
4,1201,2
4,1900,3
4,700,2
4,600,1
4,1199,4
4,600,1
4,300,0
4,1101,2
4,500,1
4,1100,3
4,2200,7
4,799,2
4,800,2
4,901,2
4,2700,7
4,500,0
4,500,0
4,500,0
4,2401,5
4,7500,3
4,300,0
4,700,2
4,700,1
4,500,1
4,2099,4
4,1701,3
4,1000,1
4,1000,1
4,1500,3
4,899,1
4,1000,1
4,500,0
4,2100,4
4,3199,7
4,401,0
4,2000,3
4,800,1
4,1300,2
4,2500,6
4,1800,3
4,1200,2
4,400,0
4,2299,4
4,1600,3
4,3100,5
4,699,0
4,1301,2
4,400,0
4,1200,1
4,2400,4
4,399,0
4,200,0
4,901,2
4,2500,7
4,1300,4
4,2099,4
4,400,0
4,1101,1
4,500,0
4,3200,6
4,999,1
4,1801,3
4,800,1
4,1300,1
4,1999,3
4,700,1
4,401,0
4,700,0
4,400,0
4,2200,4
4,1000,1
4,300,0
4,1301,4
4,500,1
4,1200,3
4,1900,6
4,600,1
4,1199,2
4,1901,3
4,5301,7
4,699,1
4,700,1
4,1501,0
4,300,0
4,300,0
4,500,1
4,1700,3
4,3500,7
4,500,0
4,500,0
4,3199,7
4,1201,1
4,1500,2
4,1200,2
4,900,1
4,1699,2
4,400,0
4,1300,1
4,2600,4
4,1000,1
4,1100,1
4,1201,3
4,200,0
4,1000,1
4,600,0
4,4500,8
4,3800,8
4,399,0
4,500,0
4,3101,4
4,1500,2
4,1999,3
4,1301,2
4,700,0
4,1100,1
4,3399,12
4,601,0
4,2200,4
4,1900,3
4,499,0
4,2501,4
4,1000,1
4,1600,2
4,2699,4
4,1600,3
4,600,1
4,400,0
4,1700,2
4,1899,3
4,3100,6
4,1200,2
4,500,0
4,2600,4
4,300,0
4,1101,3
4,2900,8
4,1100,2
4,900,2
4,2101,7
4,300,0
4,600,1
4,300,0
4,300,0
4,2999,9
4,500,1
4,2801,9
4,1800,4
4,3099,5
4,400,0
4,2600,4
4,1200,2
4,699,2
4,1400,4
4,1900,3
4,2600,5
4,6500,13
4,2199,3
4,601,0
4,400,0
4,600,0
4,1500,3
4,500,0
4,1599,3
4,500,0
4,2300,5
4,1300,2
4,2099,4
4,500,0
4,1001,1
4,1500,3
4,1300,2
4,1100,2
4,1500,3
4,1500,3
4,1800,3
4,600,0
4,2700,4
4,600,0
4,1100,2
4,800,1
4,2100,4
4,2601,4
4,6200,13
4,1900,6
4,1100,3
4,700,0
4,1100,2
4,1500,2
4,1901,4
4,1600,2
4,2700,5
4,2200,4
4,3200,8
4,200,0
4,600,0
4,999,1
4,1201,2
4,400,0
4,2600,4
4,900,1
4,400,0
4,3101,7
4,4000,9
4,800,1
4,3700,9
4,1400,2
4,2400,6
4,1299,2
4,500,0
4,2300,3
4,1900,4
4,4200,10
4,300,0
4,900,1
4,800,1
4,400,0
4,599,0
4,1601,3
4,6800,16
4,1000,1
4,2300,5
4,400,0
4,4800,11
4,3499,7
4,2301,4
4,3000,6
4,3500,8
4,1700,3
4,2800,6
4,400,0
4,2001,4
4,500,0
4,3800,8
4,1200,2
4,1800,3
4,1400,2
4,1000,1
4,1299,2
4,2301,4
4,2500,5
4,1799,3
4,3701,10
4,1200,2
4,1100,2
4,999,1
4,6900,13
4,1701,3
4,400,0
4,2900,6
4,400,0
4,4200,8
4,4899,12
4,2100,4
4,800,0
4,900,1
4,1799,3
4,2901,5
4,3299,6
4,1901,3
4,2400,5
4,400,0
4,1299,2
4,800,1
4,8000,22
4,800,1
4,400,0
4,900,1
4,2000,4
4,999,1
4,601,0
4,1600,2
4,400,0
4,400,0
4,1300,5
4,300,0
4,500,1
4,1900,4
4,2900,5
4,500,0
4,2899,6
4,601,0
4,700,1
4,800,1
4,600,0
4,700,0
4,400,0
4,4000,7
4,400,0
4,1600,2
4,800,1
4,400,0
4,799,1
4,1401,2
4,400,0
4,500,0
4,600,0
4,1400,2
4,900,1
4,399,0
4,2501,5
4,500,0
4,1200,2
4,400,0
4,1399,3
4,1901,5
4,1200,2
4,800,1
4,1000,2
4,700,1
4,2099,3
4,500,0
4,400,0
4,7900,20
4,400,0
4,400,0
4,2599,9
4,1200,2
4,300,0
4,800,1
4,4499,10
4,1801,3
4,2500,5
4,1999,4
4,400,0
4,1001,1
4,4600,9
4,499,1
4,300,0
4,1401,3
4,2000,4
4,2899,6
4,1200,2
4,3200,7
4,1300,1
4,1999,6
4,1401,4
4,700,1
4,400,0
4,1400,4
4,800,1
4,899,1
4,500,0
4,3901,8
4,6900,15
4,400,0
4,1200,1
4,2400,5
4,3500,9
4,600,0
4,3299,6
4,10401,2
4,1500,3
4,1800,4
4,899,2
4,400,0
4,2201,4
4,6400,14
4,800,1
4,500,0
4,1300,1
4,400,0
4,899,1
4,6401,9
4,300,0
4,400,0
4,5601,10
4,499,0
4,4901,10
4,1900,4
4,2700,1
4,4799,4
4,1300,2
4,1600,1
4,6000,1
4,1200,2
4,5299,6
4,5599,9
4,2901,4
4,400,0
4,3899,8
4,4701,10
4,2299,4
4,400,0
4,801,1
4,500,0
4,400,0
4,4499,11
4,1801,3
4,2500,5
4,1899,4
4,2501,5
4,1100,2
4,1500,4
4,800,1
4,1100,1
4,1901,3
4,1900,3
4,400,0
4,600,1
4,599,1
4,600,1
4,600,1
4,2601,8
4,1000,3
4,1800,5
4,2601,8
4,2000,7
4,400,0
4,900,2
4,300,0
4,500,1
4,3200,11
4,300,0
4,600,1
4,500,1
4,1000,3
4,500,1
4,1199,2
4,1401,4
4,1700,5
4,2400,7
4,1100,2
4,3101,5
4,500,0
4,800,1
4,1600,3
4,1699,4
4,400,0
4,500,0
4,400,0
4,1000,1
4,1600,3
4,2000,4
4,400,0
4,5999,13
4,1001,2
4,1100,3
4,300,0
4,700,1
4,500,1
4,1899,6
4,500,1
4,500,1
4,1301,3
4,500,1
4,300,0
4,600,1
4,4399,12
4,500,0
4,1500,2
4,1200,1
4,800,2
4,300,0
4,800,2
4,4900,17
4,1300,4
4,400,0
4,600,1
4,300,0
4,300,0
4,800,2
4,401,0
4,600,1
4,1200,4
4,400,0
4,200,0
4,500,1
4,1700,3
4,3701,7
4,700,0
4,500,0
4,700,0
4,400,0
4,499,0
4,2001,4
4,1300,2
4,500,0
4,2999,7
4,1101,3
4,2000,5
4,400,0
4,1800,3
4,5501,13
4,500,0
4,1599,2
4,901,1
4,400,0
4,1100,1
4,2300,4
4,499,0
4,2001,4
4,500,0
4,4199,8
4,600,0
4,2000,4
4,700,0
4,5500,13
4,1700,3
4,3499,6
4,4000,7
4,3400,8
4,1400,2
4,500,0
4,1000,1
4,1200,2
4,1199,3
4,2501,8
4,1300,3
4,500,1
4,500,1
4,1000,3
4,899,2
4,1701,5
4,700,1
4,400,0
4,1000,3
4,1100,3
4,2599,8
4,501,1
4,1500,4
4,300,0
4,300,0
4,200,0
4,400,1
4,2199,7
4,300,0
4,400,0
4,601,1
4,700,2
4,1100,3
4,600,1
4,300,0
4,700,1
4,600,1
4,1299,4
4,500,1
4,300,0
4,1200,2
4,1400,4
4,500,1
4,800,2
4,300,0
4,599,1
4,600,1
4,300,0
4,401,0
4,1200,3
4,2800,9
4,500,1
4,1199,4
4,1001,2
4,4600,14
4,300,0
4,300,0
4,1299,4
4,1201,3
4,300,0
4,300,0
4,899,2
4,300,0
4,400,0
4,301,0
4,700,2
4,1900,6
4,3799,13
4,1101,3
4,2100,6
4,2000,4
4,1299,2
4,400,0
4,800,1
4,4100,8
4,499,0
4,400,0
4,2401,4
4,3999,9
4,800,1
4,1300,2
4,600,0
4,800,1
4,1400,2
4,1399,3
4,901,1
4,400,0
4,2400,4
4,1100,2
4,899,1
4,601,0
4,1000,1
4,600,0
4,1900,4
4,1699,5
4,300,0
4,1001,3
4,3000,10
4,500,1
4,400,0
4,1199,4
4,300,0
4,600,1
4,1501,4
4,600,1
4,3300,11
4,200,0
4,2701,8
4,1100,3
4,400,0
4,500,1
4,800,2
4,500,1
4,699,1
4,700,2
4,3199,10
4,401,0
4,700,2
4,500,1
4,600,1
4,800,2
4,500,1
4,300,0
4,1399,4
4,3101,10
4,900,2
4,500,1
4,800,2
4,1599,2
4,1401,2
4,1200,2
4,500,0
4,2999,6
4,400,0
4,1501,3
4,1100,2
4,400,0
4,800,1
4,1400,3
4,3500,9
4,1500,3
4,800,1
4,400,0
4,399,0
4,2201,4
4,2200,4
4,2599,5
4,700,1
4,2000,4
4,3300,7
4,700,1
4,801,1
4,3100,7
4,500,0
4,2099,5
4,3801,9
4,1500,2
4,999,1
4,1000,1
4,500,0
4,2800,5
4,1000,1
4,1799,3
4,6199,7
4,2701,5
4,1100,1
4,1600,3
4,999,1
4,500,0
4,1200,2
4,500,0
4,1300,3
4,2400,6
4,3000,7
4,3400,6
4,800,1
4,400,0
4,2001,3
4,3500,6
4,400,0
4,4001,9
4,800,1
4,1200,2
4,999,1
4,1101,1
4,1400,2
4,2700,5
4,799,1
4,2201,4
4,500,0
4,1800,5
4,1799,5
4,1501,4
4,600,1
4,800,2
4,3699,14
4,600,1
4,701,2
4,1500,5
4,1100,2
4,2899,5
4,2201,4
4,1400,2
4,1100,1
4,1399,2
4,700,1
4,1601,2
4,1900,3
4,900,1
4,2099,4
4,501,0
4,3700,9
4,400,0
4,600,1
4,1099,3
4,701,1
4,1200,3
4,2400,9
4,1300,3
4,299,0
4,300,0
4,1200,4
4,1599,2
4,2101,4
4,2600,4
4,2699,5
4,2001,4
4,2200,4
4,4400,9
4,700,1
4,800,1
4,900,1
4,400,0
4,399,0
4,3901,8
4,1000,1
4,500,0
4,1099,1
4,700,1
4,1800,3
4,400,0
4,2600,5
4,899,1
4,400,0
4,4700,10
4,5399,15
4,1500,3
4,3200,8
4,1799,3
4,2501,5
4,1400,3
4,500,0
4,2300,5
4,900,1
4,500,0
4,4299,10
4,1201,2
4,1700,3
4,1000,1
4,2899,6
4,401,0
4,2800,7
4,300,0
4,300,0
4,3700,12
4,2400,4
4,3299,7
4,1301,2
4,900,2
4,1000,3
4,3299,8
4,1001,1
4,4100,7
4,1699,3
4,1299,2
4,701,1
4,1500,3
4,600,0
4,1500,3
4,1399,2
4,500,0
4,900,1
4,2300,3
4,900,1
4,400,0
4,3701,8
4,1100,2
4,3900,7
4,500,0
4,1500,3
4,2200,4
4,1100,1
4,501,0
4,1300,2
4,2200,3
4,900,1
4,499,0
4,1401,2
4,1700,3
4,500,1
4,400,0
4,1100,1
4,899,1
4,1501,2
4,1500,3
4,600,1
4,800,1
4,1899,3
4,300,0
4,501,0
4,800,1
4,400,0
4,2100,5
4,800,1
4,699,1
4,2501,5
4,1000,1
4,1100,2
4,700,1
4,999,2
4,2401,6
4,300,0
4,300,0
4,2800,7
4,1299,3
4,3601,9
4,600,1
4,600,0
4,1000,1
4,1800,3
4,2199,4
4,1801,4
4,1100,1
4,2600,5
4,2299,4
4,1000,1
4,1000,2
4,1000,2
4,400,0
4,399,0
4,1000,1
4,1101,1
4,3400,6
4,1899,3
4,701,1
4,1400,2
4,800,1
4,3099,6
4,400,0
4,2101,4
4,5099,10
4,1000,1
4,500,0
4,1700,3
4,9599,23
4,400,0
4,500,0
4,800,1
4,600,0
4,1500,2
4,3400,5
4,2000,3
4,1500,2
4,1899,2
4,1801,2
4,1200,1
4,1000,1
4,700,0
4,499,0
4,900,1
4,500,0
4,2900,5
4,400,0
4,3800,6
4,7300,14
4,1500,2
4,500,0
4,1499,3
4,12601,28
4,600,0
4,400,0
4,1100,2
4,1701,3
4,1100,1
4,2599,5
4,1000,1
4,4401,9
4,1100,1
4,600,0
4,6800,12
4,500,0
4,501,0
4,400,0
4,1500,2
4,2000,3
4,1199,1
4,1601,2
4,1300,2
4,1800,3
4,400,0
4,4701,10
4,7300,15
4,2100,3
4,599,0
4,2401,4
4,400,0
4,1100,1
4,1000,1
4,2700,5
4,500,0
4,400,0
4,2800,5
4,599,0
4,2301,3
4,400,0
4,2600,6
4,1599,2
4,500,0
4,1900,3
4,900,1
4,900,1
4,600,0
4,1499,3
4,401,0
4,1000,1
4,2100,3
4,2699,5
4,1201,2
4,800,1
4,2100,3
4,3800,8
4,1000,2
4,1400,4
4,4199,8
4,2201,4
4,1200,2
4,1400,4
4,2399,5
4,1701,3
4,3500,8
4,400,0
4,4901,10
4,3400,5
4,600,0
4,1500,4
4,400,0
4,400,0
4,2099,4
4,1301,2
4,2400,4
4,1500,2
4,1299,2
4,2701,5
4,3600,7
4,2501,5
4,900,1
4,2700,5
4,499,0
4,1301,1
4,1000,1
4,1500,2
4,1300,2
4,500,0
4,2501,5
4,4200,7
4,899,1
4,3601,8
4,500,0
4,800,1
4,899,1
4,1200,2
4,1400,2
4,2000,4
4,1000,1
4,599,0
4,2801,4
4,7000,12
4,500,0
4,500,0
4,1300,2
4,999,3
4,200,0
4,700,1
4,800,0
4,2899,6
4,1501,3
4,1100,1
4,3200,7
4,2500,6
4,1600,2
4,4399,10
4,1800,3
4,400,0
4,2300,4
4,300,0
4,900,1
4,301,0
4,500,0
4,3200,6
4,1000,1
4,3001,6
4,1300,2
4,400,0
4,500,0
4,1899,2
4,501,0
4,500,0
4,600,0
4,4299,8
4,500,0
4,700,0
4,600,0
4,2100,4
4,500,0
4,2500,4
4,1900,3
4,2899,6
4,4201,8
4,2300,4
4,4601,8
4,1600,2
4,2800,5
4,800,1
4,1600,2
4,1000,1
4,899,1
4,901,1
4,1200,1
4,1100,2
4,5000,10
4,1000,1
4,400,0
4,1000,1
4,3100,5
4,600,0
4,2500,5
4,1100,2
4,3001,6
4,1000,1
4,700,0
4,500,0
4,3000,5
4,1599,2
4,2801,5
4,900,1
4,900,1
4,2000,3
4,600,0
4,400,0
4,1900,3
4,1100,1
4,1100,1
4,2701,5
4,600,0
4,1800,3
4,699,1
4,2401,4
4,2300,4
4,1799,3
4,2301,5
4,500,0
4,1500,2
4,400,0
4,1799,3
4,601,0
4,900,1
4,2000,4
4,1100,2
4,499,0
4,500,0
4,601,0
4,2300,5
4,2500,4
4,800,1
4,4301,8
4,1999,3
4,1001,1
4,3900,8
4,3300,6
4,1800,3
4,1000,1
4,400,0
4,1599,3
4,2701,5
4,2700,5
4,2900,5
4,6099,13
4,5100,11
4,1099,2
4,4701,9
4,600,0
4,899,1
4,6000,11
4,500,0
4,2100,3
4,1599,3
4,3400,6
4,1600,2
4,1599,3
4,1001,1
4,1100,1
4,1100,1
4,500,0
4,4600,9
4,2800,6
4,799,1
4,3201,7
4,4399,8
4,3201,6
4,1300,2
4,1499,2
4,500,0
4,501,0
4,400,0
4,1600,2
4,600,0
4,1999,3
4,601,0
4,500,0
4,1000,1
4,3100,5
4,400,0
4,500,0
4,4201,8
4,1100,1
4,1500,2
4,800,1
4,2400,4
4,1200,1
4,6200,11
4,600,0
4,1199,2
4,400,0
4,3300,5
4,1800,3
4,2401,4
4,2000,4
4,1700,3
4,1399,2
4,1801,3
4,400,0
4,4700,10
4,500,0
4,2400,4
4,3200,6
4,1699,2
4,1601,2
4,2100,3
4,900,1
4,1699,3
4,401,0
4,900,1
4,1400,2
4,1100,1
4,1399,2
4,1201,1
4,500,0
4,1000,1
4,3899,7
4,1001,1
4,5899,13
4,3101,6
4,1000,1
4,1299,2
4,3301,7
4,1400,2
4,4000,8
4,6800,14
4,500,0
4,500,0
4,1400,2
4,1200,2
4,2400,4
4,2100,4
4,1500,3
4,2700,5
4,1100,1
4,2000,4
4,1100,1
4,500,0
4,800,1
4,700,1
4,1900,3
4,1100,1
4,600,0
4,1200,2
4,500,0
4,4400,9
4,1000,1
4,1201,1
4,1100,1
4,1500,2
4,1300,1
4,2101,3
4,4400,9
4,3500,7
4,2400,4
4,2500,4
4,500,0
4,399,0
4,1000,1
4,600,0
4,800,1
4,4099,8
4,1001,1
4,2300,4
4,700,1
4,900,1
4,699,1
4,1501,2
4,600,0
4,500,0
4,400,0
4,400,0
4,500,0
4,2999,5
4,900,1
4,900,1
4,500,0
4,600,0
4,1699,3
4,3501,7
4,1000,1
4,1000,1
4,3500,6
4,900,1
4,1200,1
4,1499,2
4,3401,7
4,600,0
4,400,0
4,800,0
4,1099,1
4,500,0
4,5400,11
4,4201,7
4,700,1
4,900,1
4,2400,5
4,700,0
4,500,0
4,3699,6
4,500,0
4,1201,2
4,600,0
4,2200,3
4,2199,4
4,1101,1
4,500,0
4,1600,3
4,899,1
4,2401,4
4,700,0
4,1600,2
4,4400,8
4,4699,9
4,500,0
4,2000,4
4,400,0
4,3699,7
4,601,0
4,400,0
4,2000,3
4,3699,7
4,1500,3
4,2600,4
4,1399,2
4,1501,3
4,1400,2
4,1500,2
4,1899,3
4,2001,3
4,800,1
4,3199,6
4,1601,2
4,400,0
4,3999,7
4,1501,3
4,1200,1
4,400,0
4,600,0
4,2399,4
4,1601,3
4,2700,2
4,1500,2
4,4001,8
4,2000,3
4,1999,3
4,6999,2
4,2100,3
4,2200,3
4,2700,5
4,900,1
4,1700,2
4,400,0
4,1699,3
4,3501,6
4,2999,5
4,3201,6
4,5300,9
4,1600,2
4,1400,2
4,900,1
4,400,0
4,1699,3
4,1300,1
4,500,0
4,2100,4
4,900,1
4,500,0
4,9801,21
4,2000,3
4,400,0
4,3000,5
4,500,0
4,1000,1
4,1500,2
4,600,0
4,499,0
4,400,0
4,701,0
4,800,1
4,500,0
4,1200,2
4,600,0
4,500,0
4,2900,5
4,800,1
4,3100,6
4,499,0
4,2301,4
4,1000,1
4,16300,9
4,500,0
4,399,0
4,400,0
4,1401,2
4,1400,2
4,3099,6
4,1401,2
4,1200,2
4,1800,3
4,1699,3
4,500,0
4,400,0
4,500,0
4,1000,1
4,1000,1
4,2099,4
4,1901,4
4,1100,1
4,900,1
4,4200,8
4,1500,2
4,1300,2
4,1399,2
4,900,1
4,4100,8
4,1100,2
4,2700,5
4,5000,10
4,900,1
4,1299,2
4,1300,2
4,3100,6
4,2099,4
4,400,0
4,4601,9
4,500,0
4,899,1
4,1501,2
4,2900,6
4,600,0
4,999,1
4,2101,3
4,1100,1
4,1400,2
4,1299,2
4,2801,5
4,500,0
4,900,1
4,1100,1
4,3200,6
4,2100,4
4,2699,5
4,1701,3
4,900,1
4,400,0
4,2000,3
4,2600,4
4,6900,15
4,2000,3
4,400,0
4,500,0
4,1399,2
4,1901,3
4,1300,2
4,2000,3
4,600,0
4,1400,2
4,400,0
4,800,1
4,400,0
4,1000,1
4,1900,3
4,5201,10
4,400,0
4,1799,3
4,400,0
4,2699,5
4,1001,1
4,1500,3
4,1000,1
4,700,1
4,699,1
4,500,0
4,4801,9
4,1899,3
4,1301,3
4,500,0
4,1500,2
4,2799,5
4,1801,3
4,1300,2
4,2000,3
4,2599,5
4,900,1
4,400,0
4,600,0
4,2000,4
4,1799,3
4,1600,2
4,4999,10
4,1601,2
4,5900,12
4,2600,4
4,2399,4
4,600,0
4,3001,5
4,800,1
4,600,0
4,999,1
4,400,0
4,6001,13
4,2001,3
4,900,1
4,1400,2
4,1999,4
4,400,0
4,2901,5
4,1400,2
4,900,1
4,3101,5
4,500,0
4,3499,7
4,5201,11
4,1400,2
4,2201,4
4,1400,2
4,1900,3
4,1899,3
4,600,0
4,4100,10
4,600,0
4,600,0
4,400,0
4,5200,10
4,1599,2
4,1701,2
4,1700,3
4,2700,6
4,800,1
4,601,0
4,1500,2
4,3200,6
4,800,0
4,501,0
4,400,0
4,400,0
4,4699,10
4,1301,2
4,800,1
4,400,0
4,1100,1
4,5200,11
4,3499,7
4,2101,4
4,600,0
4,4699,8
4,1200,2
4,7300,16
4,2200,4
4,1200,2
4,400,0
4,1901,4
4,1100,1
4,2200,4
4,500,0
4,500,0
4,901,1
4,500,0
4,1200,1
4,1000,1
4,1200,2
4,799,1
4,2001,3
4,700,0
4,2600,4
4,2800,5
4,2300,4
4,3699,7
4,600,0
4,1700,3
4,500,0
4,1100,1
4,1500,2
4,500,0
4,999,1
4,900,1
4,1400,2
4,400,0
4,1100,1
4,600,0
4,14900,3
4,5400,7
4,1300,1
4,700,0
4,4500,6
4,2300,3
4,2299,3
4,701,0
4,3600,5
4,1699,2
4,2701,3
4,3100,4
4,2200,2
4,2800,5
4,2299,2
4,1701,2
4,1400,2
4,400,0
4,2100,2
4,1599,2
4,1301,2
4,2700,4
4,7100,13
4,900,0
4,399,0
4,3801,5
4,2800,5
4,700,0
4,1801,3
4,3000,4
4,3100,5
4,1200,1
4,3100,4
4,2700,3
4,2500,4
4,1200,1
4,1899,3
4,1900,2
4,500,0
4,1200,1
4,2799,5
4,900,1
4,4399,7
4,1501,2
4,4301,7
4,1600,2
4,400,0
4,3501,6
4,500,0
4,1900,2
4,699,1
4,2901,5
4,1500,3
4,1100,1
4,4100,7
4,2300,4
4,300,0
4,1900,4
4,1000,1
4,2600,3
4,1000,1
4,600,0
4,1301,1
4,1000,1
4,4299,9
4,500,0
4,3500,6
4,800,0
4,1699,2
4,501,0
4,1400,2
4,800,0
4,700,0
4,400,0
4,5900,8
4,4600,8
4,400,0
4,900,1
4,1300,2
4,1000,1
4,899,1
4,1401,2
4,2000,3
4,2200,4
4,599,0
4,1401,1
4,700,1
4,500,0
4,400,0
4,300,0
4,1400,2
4,7600,12
4,500,0
4,1300,2
4,1500,3
4,1700,2
4,400,0
4,1400,2
4,1200,2
4,599,0
4,700,0
4,9901,13
4,1600,3
4,3100,5
4,1200,2
4,1500,2
4,2399,4
4,500,0
4,401,0
4,3500,5
4,1400,1
4,399,0
4,5801,11
4,2399,5
4,2101,4
4,1300,3
4,1700,4
4,3800,8
4,500,1
4,300,0
4,300,0
4,700,2
4,200,0
4,600,0
4,400,0
4,800,1
4,901,1
4,300,0
4,400,0
4,900,3
4,500,0
4,1100,3
4,3000,6
4,2000,5
4,300,0
4,3699,9
4,1201,3
4,400,0
4,300,0
4,400,0
4,4999,9
4,2701,6
4,500,0
4,200,0
4,1000,2
4,400,0
4,500,1
4,2200,5
4,400,0
4,300,0
4,600,1
4,600,1
4,1900,5
4,1199,3
4,2301,6
4,800,1
4,3699,8
4,1901,5
4,2600,6
4,800,1
4,300,0
4,600,1
4,1200,2
4,1301,3
4,1200,3
4,800,1
4,1200,2
4,1399,4
4,1201,3
4,1000,2
4,800,1
4,400,0
4,600,1
4,1100,2
4,999,2
4,1000,3
4,1001,2
4,3500,10
4,1000,1
4,4201,14
4,400,0
4,500,1
4,300,0
4,1000,2
4,1899,5
4,1900,4
4,900,2
4,300,0
4,5200,12
5,20401,21
5,2600,4
5,4501,12
5,2899,7
5,500,0
5,1801,4
5,2600,7
5,2599,7
5,3101,8
5,1200,2
5,2799,7
5,801,1
5,700,1
5,1000,2
5,1900,4
5,500,0
5,1699,4
5,2901,8
5,1800,5
5,1300,3
5,400,0
5,7100,8
5,2600,7
5,600,1
5,1100,2
5,6700,20
5,400,0
5,300,0
5,9400,28
5,700,1
5,2300,6
5,900,2
5,600,1
5,1200,2
5,4600,12
5,1400,3
5,2800,2
5,2600,7
5,5499,16
5,1000,2
5,1001,2
5,4400,1
5,399,0
5,700,1
5,1001,2
5,4600,13
5,1299,3
5,1201,3
5,300,0
5,2100,6
5,700,1
5,3800,10
5,1000,2
5,1300,4
5,7600,22
5,2999,8
5,3301,10
5,6600,12
5,2800,8
5,3199,9
5,7700,9
5,1000,2
5,900,2
5,500,0
5,2100,3
5,2801,5
5,5901,11
5,600,0
5,11500,24
5,11099,22
5,1601,2
5,1300,1
5,3799,7
5,3401,6
5,3599,7
5,901,1
5,1000,1
5,2900,5
5,1399,2
5,1401,2
5,1000,1
5,8900,4
5,900,1
5,5000,8
5,5800,7
5,1600,2
5,4000,5
5,800,0
5,2899,4
5,1601,2
5,600,0
5,8600,14
5,6900,11
5,700,0
5,799,0
5,3801,5
5,600,0
5,700,0
5,5200,7
5,5000,10
5,5199,2
5,2901,4
5,6000,4
5,4799,7
5,5899,9
5,1301,1
5,6599,1
5,7100,12
5,8801,14
5,12300,16
5,9701,13
5,9800,14
5,700,0
5,3000,4
5,3500,4
5,5800,8
5,6900,9
5,700,0
5,1899,2
5,4401,7
5,3100,4
5,4300,6
5,11500,9
5,3000,4
5,5700,9
5,2599,3
5,6899,12
5,1701,3
5,400,0
5,8600,25
5,1100,2
5,300,0
5,2300,6
5,700,1
5,300,0
5,2500,6
5,1100,2
5,2300,6
5,600,1
5,1400,3
5,1000,2
5,1700,4
5,3600,10
5,4299,11
5,4301,1
5,1100,3
5,1100,2
5,3800,11
5,1300,3
5,4500,13
5,4500,14
5,400,0
5,600,1
5,3901,12
5,300,0
5,900,2
5,3400,9
5,3900,10
5,400,0
5,400,0
5,1300,3
5,301,0
5,1000,2
5,1300,3
5,700,1
5,1300,3
5,300,0
5,1100,2
5,999,1
5,1401,3
5,1800,5
5,3500,6
5,900,2
5,6900,20
5,1601,4
5,800,1
5,700,1
5,900,2
5,1400,3
5,2700,8
5,2700,7
5,2299,7
5,600,1
5,4501,13
5,4500,13
5,1000,2
5,1900,5
5,2699,7
5,1300,3
5,5799,18
5,901,2
5,300,0
5,400,0
5,800,2
5,999,2
5,1100,2
5,4201,12
5,1799,4
5,4601,10
5,600,1
5,300,0
5,3900,12
5,1100,2
5,2300,6
5,700,1
5,599,1
5,1401,4
5,3200,9
5,3599,10
5,300,0
5,4300,13
5,1799,5
5,4101,12
5,2499,7
5,1901,5
5,700,1
5,500,1
5,300,0
5,3999,13
5,5001,16
5,1000,2
5,600,1
5,300,0
5,300,0
5,900,2
5,1599,5
5,700,1
5,701,1
5,1600,3
5,2900,9
5,500,0
5,699,1
5,11401,23
5,4399,8
5,1600,2
5,1100,3
5,600,1
5,3800,12
5,300,0
5,300,0
5,300,0
5,1200,3
5,2100,6
5,999,2
5,1001,2
5,1400,3
5,1600,5
5,300,0
5,2099,6
5,300,0
5,400,0
5,901,2
5,700,1
5,4200,13
5,1100,2
5,1201,2
5,5799,19
5,901,2
5,1700,4
5,2000,5
5,800,1
5,999,2
5,300,0
5,1901,5
5,300,0
5,2800,8
5,1599,4
5,400,0
5,901,2
5,2700,8
5,2100,6
5,599,1
5,400,0
5,4801,15
5,4201,4
5,2299,7
5,800,2
5,1400,4
5,700,1
5,1300,3
5,1400,4
5,1499,4
5,5001,15
5,600,1
5,1399,4
5,1101,2
5,2100,6
5,800,2
5,1200,3
5,6100,20
5,6200,19
5,300,0
5,1300,4
5,1100,3
5,3001,9
5,1800,5
5,700,1
5,5500,17
5,2500,7
5,1699,5
5,1301,3
5,2100,6
5,400,0
5,1800,5
5,599,1
5,3501,11
5,700,1
5,2699,8
5,2501,8
5,1800,6
5,300,0
5,2299,7
5,900,2
5,1201,3
5,2200,6
5,300,0
5,1200,1
5,3400,6
5,2800,5
5,3200,7
5,600,0
5,1100,1
5,2900,5
5,2200,4
5,1200,2
5,3700,7
5,1999,6
5,601,1
5,2400,7
5,400,0
5,2000,6
5,12800,23
5,3299,10
5,600,1
5,1201,3
5,300,0
5,2300,7
5,600,1
5,1099,2
5,2301,6
5,2200,6
5,4800,6
5,7400,15
5,1900,3
5,3099,7
5,1901,3
5,1400,2
5,1100,1
5,3100,6
5,500,0
5,1400,2
5,3199,5
5,1801,4
5,7400,17
5,400,0
5,1100,2
5,4900,10
5,800,1
5,400,0
5,2400,4
5,6900,15
5,499,0
5,600,0
5,6400,15
5,1200,2
5,7299,18
5,3200,7
5,500,0
5,500,0
5,500,0
5,2200,4
5,1900,4
5,7200,15
5,2000,3
5,2499,2
5,500,0
5,4400,7
5,700,1
5,400,0
5,21700,46
5,400,0
5,800,2
5,10600,18
5,2100,2
5,6500,3
5,8900,6
5,6200,13
5,1999,4
5,901,1
5,3600,7
5,6700,15
5,400,0
5,2099,6
5,2301,7
5,300,0
5,6500,20
5,1100,3
5,400,0
5,1200,3
5,2099,6
5,2901,9
5,300,0
5,1400,3
5,3499,6
5,1500,2
5,400,0
5,1500,2
5,2399,4
5,3101,6
5,3899,8
5,5301,12
5,899,1
5,800,1
5,3400,7
5,6000,12
5,2100,3
5,2099,3
5,3101,5
5,1500,4
5,3900,12
5,3300,11
5,1199,3
5,1200,3
5,2301,7
5,1600,4
5,500,1
5,4400,8
5,500,0
5,2800,6
5,500,0
5,2000,4
5,1100,2
5,1100,2
5,1600,3
5,7700,21
5,1299,2
5,4601,10
5,3800,8
5,2100,4
5,1300,2
5,1799,3
5,3701,8
5,500,0
5,6500,15
5,800,1
5,1300,2
5,2501,5
5,7100,16
5,3600,8
5,3300,7
5,1600,2
5,8500,20
5,1000,1
5,500,0
5,2601,5
5,3500,0
5,2299,4
5,500,0
5,1400,2
5,5700,11
5,500,0
5,700,0
5,1600,3
5,900,1
5,2501,5
5,800,1
5,2100,4
5,400,0
5,4900,12
5,5200,12
5,500,0
5,2800,5
5,2099,4
5,3201,5
5,2200,4
5,399,0
5,500,0
5,3201,6
5,2800,5
5,3801,7
5,400,0
5,900,2
5,4300,13
5,4300,14
5,4799,16
5,300,0
5,2500,8
5,1100,3
5,700,1
5,1799,5
5,801,2
5,500,1
5,300,0
5,400,0
5,300,0
5,300,0
5,900,2
5,300,0
5,300,0
5,15200,2
5,799,2
5,901,2
5,800,1
5,2000,6
5,2499,4
5,2301,4
5,2000,3
5,600,0
5,600,0
5,1599,2
5,2201,5
5,800,1
5,1900,5
5,200,0
5,899,2
5,700,1
5,1001,2
5,300,0
5,700,1
5,3799,8
5,1801,5
5,300,0
5,2000,6
5,1200,3
5,1599,5
5,4401,15
5,900,2
5,400,0
5,2299,7
5,1200,3
5,5699,18
5,2201,7
5,400,0
5,300,0
5,1201,3
5,2100,7
5,900,2
5,4600,16
5,2600,8
5,1500,4
5,300,0
5,4301,14
5,900,2
5,600,1
5,2199,7
5,2001,6
5,1100,3
5,300,0
5,2499,8
5,800,2
5,901,2
5,300,0
5,2500,8
5,3299,11
5,3801,13
5,1100,3
5,3700,12
5,5899,19
5,1001,2
5,1800,6
5,700,2
5,4500,15
5,11400,38
5,4700,15
5,600,1
5,3999,13
5,1601,5
5,1100,3
5,1000,2
5,700,1
5,3900,12
5,1500,4
5,300,0
5,1400,4
5,8100,19
5,6300,17
5,4100,8
5,400,0
5,3500,8
5,2300,4
5,10300,23
5,1500,2
5,3300,5
5,2700,4
5,2199,4
5,2500,5
5,3501,2
5,2100,4
5,400,0
5,1699,3
5,3100,5
5,7900,18
5,1100,1
5,1700,2
5,5999,12
5,8000,18
5,4100,8
5,1999,3
5,2701,5
5,2200,3
5,5500,14
5,1500,4
5,3100,10
5,300,0
5,800,2
5,300,0
5,300,0
5,1500,4
5,1100,3
5,799,2
5,900,2
5,300,0
5,2100,6
5,2500,7
5,5600,20
5,300,0
5,900,2
5,599,1
5,1100,3
5,7000,13
5,901,1
5,1600,2
5,1500,2
5,2199,4
5,2801,5
5,7400,16
5,2300,4
5,1199,1
5,2901,5
5,2800,5
5,500,0
5,2000,3
5,1100,1
5,1300,2
5,899,1
5,600,0
5,2701,3
5,1600,1
5,6300,10
5,2599,4
5,801,0
5,2800,5
5,7600,7
5,899,1
5,7200,3
5,17000,13
5,2200,3
5,1499,2
5,1801,3
5,1200,1
5,1200,1
5,900,1
5,1499,2
5,2101,3
5,4199,3
5,600,0
5,601,0
5,1900,3
5,4199,7
5,3401,6
5,7600,14
5,1600,2
5,1099,1
5,1801,3
5,8900,16
5,8400,16
5,8100,14
5,4600,8
5,2000,2
5,1501,2
5,2800,4
5,1200,1
5,3800,7
5,3500,6
5,2100,3
5,2100,3
5,1300,1
5,3700,7
5,3500,6
5,4000,4
5,1000,1
5,600,0
5,1000,1
5,500,0
5,4301,8
5,2499,3
5,1101,1
5,4400,8
5,3700,6
5,5400,10
5,1100,1
5,9400,18
5,600,0
5,3600,6
5,1200,1
5,2300,4
5,2300,4
5,3400,6
5,2699,4
5,601,0
5,500,0
5,8400,16
5,1100,1
5,3699,6
5,2101,3
5,5099,10
5,2400,4
5,5700,10
5,4000,7
5,499,0
5,7700,13
5,3201,5
5,2500,4
5,3500,6
5,3900,7
5,2401,3
5,3000,6
5,4000,7
5,3900,6
5,1899,3
5,1500,2
5,600,0
5,3999,7
5,10001,18
5,2700,4
5,600,0
5,8899,16
5,1201,1
5,2200,3
5,2499,4
5,3001,5
5,3300,6
5,5000,9
5,1900,3
5,2100,3
5,7500,14
5,1500,2
5,4199,8
5,501,0
5,2201,3
5,1300,1
5,1000,1
5,10900,13
5,4600,8
5,1500,2
5,1000,1
5,600,0
5,6400,12
5,1500,2
5,7000,12
5,600,0
5,12600,22
5,11100,20
5,1201,1
5,8800,20
5,500,0
5,2999,6
5,400,0
5,2001,4
5,2000,4
5,1799,3
5,7200,16
5,5901,13
5,4800,10
5,3200,8
5,300,0
5,1201,2
5,15700,35
5,2200,4
5,1900,3
5,3201,6
5,1100,1
5,1000,1
5,1799,3
5,1101,1
5,3000,5
5,1100,1
5,1699,3
5,1701,3
5,1900,4
5,1200,2
5,1699,4
5,400,0
5,400,0
5,1500,2
5,1100,1
5,400,0
5,1499,3
5,4501,9
5,4200,7
5,900,1
5,600,0
5,4700,10
5,5100,13
5,1599,3
5,2200,4
5,3399,7
5,800,1
5,2501,5
5,500,0
5,500,0
5,8300,18
5,3400,7
5,3300,7
5,2199,4
5,601,0
5,1200,2
5,7900,2
5,900,1
5,3900,8
5,600,0
5,500,0
5,1800,3
5,900,1
5,400,0
5,500,0
5,501,0
5,2600,6
5,2300,5
5,3801,9
5,1000,1
5,1500,2
5,1299,2
5,501,0
5,2300,4
5,1300,2
5,2199,4
5,3701,8
5,1800,4
5,599,0
5,11501,23
5,1500,3
5,2399,4
5,501,0
5,4700,11
5,2300,5
5,4700,10
5,599,0
5,11101,22
5,4699,9
5,5800,10
5,1099,1
5,501,0
5,7500,14
5,4700,9
5,599,0
5,3501,6
5,4799,9
5,1400,2
5,3100,3
5,1599,2
5,2501,2
5,500,0
5,3499,6
5,7100,14
5,2001,3
5,1800,3
5,400,0
5,9699,22
5,901,1
5,3100,5
5,1400,2
5,499,0
5,1100,1
5,4700,9
5,500,0
5,2501,5
5,2200,4
5,3099,5
5,4201,7
5,900,1
5,500,0
5,7700,19
5,1301,2
5,500,0
5,5799,13
5,600,0
5,1000,1
5,700,0
5,16900,36
5,2399,4
5,1501,2
5,1100,1
5,6800,10
5,6300,13
5,10900,26
5,6600,16
5,3400,7
5,3200,6
5,2799,6
5,1701,3
5,2000,3
5,1000,1
5,700,0
5,5500,12
5,900,1
5,2200,5
5,1400,2
5,1701,4
5,2600,6
5,1499,3
5,3301,8
5,800,1
5,800,1
5,2699,6
5,1901,4
5,3999,10
5,2501,5
5,700,1
5,1500,3
5,1900,4
5,400,0
5,4401,11
5,1500,3
5,899,1
5,800,1
5,800,1
5,4200,10
5,3200,7
5,2400,5
5,1200,2
5,5200,13
5,5600,14
5,400,0
5,1700,4
5,500,0
5,400,0
5,5900,14
5,1600,3
5,8599,22
5,801,1
5,2000,4
5,1600,3
5,8600,23
5,399,0
5,3001,7
5,400,0
5,2400,5
5,4500,11
5,500,0
5,1900,4
5,1799,4
5,3001,6
5,1200,2
5,2400,5
5,1300,2
5,1899,4
5,1201,2
5,600,0
5,1400,2
5,800,1
5,1200,2
5,1200,2
5,4301,10
5,2299,4
5,2401,4
5,3700,7
5,2101,3
5,3000,5
5,3299,6
5,1201,2
5,4999,12
5,4101,8
5,900,1
5,2399,4
5,1800,3
5,800,1
5,800,1
5,10900,10
5,9200,15
5,1500,3
5,2300,5
5,500,0
5,12100,29
5,2401,4
5,1500,2
5,500,0
5,600,0
5,2099,3
5,1601,2
5,4500,7
5,6101,14
5,1199,2
5,900,1
5,3301,7
5,7900,6
5,4200,9
5,1100,1
5,900,1
5,8700,19
5,1799,3
5,1101,1
5,900,1
5,2300,4
5,4700,9
5,3000,6
5,600,0
5,1200,2
5,6500,14
5,900,1
5,2299,4
5,1100,2
5,2200,4
5,1200,2
5,499,0
5,21201,36
5,6900,15
5,1699,3
5,1801,3
5,5199,10
5,2001,3
5,4100,8
5,499,0
5,1000,1
5,2100,3
5,400,0
5,1000,1
5,1399,2
5,2101,4
5,4200,9
5,499,0
5,800,1
5,1401,3
5,4699,12
5,3201,7
5,3999,8
5,5901,12
5,8399,5
5,1801,3
5,1100,1
5,5099,10
5,701,0
5,5799,10
5,1701,2
5,800,1
5,6300,14
5,3000,6
5,4900,5
5,6800,16
5,2500,5
5,1299,2
5,8600,20
5,4201,9
5,4700,8
5,500,0
5,8200,6
5,5100,11
5,1000,1
5,1801,3
5,2000,4
5,500,0
5,3600,8
5,4799,11
5,3701,7
5,7400,17
5,7400,16
5,6600,13
5,600,0
5,1400,2
5,6700,16
5,1000,1
5,1199,1
5,701,1
5,6199,2
5,1301,2
5,1300,2
5,1100,1
5,500,0
5,5100,6
5,1600,2
5,500,0
5,499,0
5,1200,2
5,6200,15
5,4501,10
5,1900,4
5,3700,8
5,5299,13
5,2601,6
5,900,1
5,2699,5
5,1601,3
5,4000,8
5,500,0
5,1900,4
5,8300,16
5,10900,10
5,799,1
5,500,0
5,2401,4
5,2000,3
5,5100,10
5,900,1
5,600,0
5,1400,2
5,900,1
5,901,1
5,2600,5
5,500,0
5,3000,6
5,1799,3
5,500,0
5,500,0
5,2100,3
5,1600,2
5,5600,10
5,6000,10
5,600,0
5,2400,4
5,300,0
5,3401,7
5,1500,2
5,600,0
5,1899,3
5,6299,12
5,6900,3
5,500,0
5,501,0
5,8300,17
5,6200,13
5,1100,1
5,2400,4
5,1000,1
5,1801,3
5,1300,2
5,1200,1
5,4700,8
5,7700,13
5,3500,6
5,17499,33
5,2200,4
5,1800,3
5,1899,3
5,2101,3
5,6300,1
5,400,0
5,2400,4
5,1799,3
5,500,0
5,13100,29
5,499,0
5,1501,2
5,800,1
5,5599,12
5,2700,5
5,10200,22
5,4501,11
5,2300,5
5,2601,6
5,1801,2
5,7400,17
5,1701,2
5,4500,9
5,2601,6
5,4799,10
5,700,1
5,5701,12
5,500,0
5,5201,11
5,1899,3
5,1901,3
5,900,1
5,1900,3
5,4600,9
5,2700,6
5,2199,4
5,1000,1
5,500,0
5,1000,1
5,1300,2
5,5100,10
5,3299,5
5,13901,20
5,3801,4
5,1900,3
5,2499,4
5,3101,6
5,4199,4
5,1300,2
5,1400,2
5,2100,1
5,700,0
5,2101,4
5,2800,2
5,600,0
5,1699,2
5,3401,3
5,900,1
5,1399,2
5,1701,0
5,7500,13
5,900,1
5,3099,6
5,3201,3
5,6800,10
5,7300,10
5,5099,8
5,2400,1
5,500,0
5,8600,7
5,1400,2
5,800,1
5,4101,10
5,900,1
5,2199,4
5,1601,3
5,500,0
5,1900,4
5,400,0
5,799,1
5,1200,2
5,2900,6
5,500,0
5,8700,21
5,2600,6
5,900,1
5,1900,4
5,2199,5
5,900,1
5,3701,9
5,1700,3
5,1199,2
5,1601,3
5,800,1
5,1800,4
5,400,0
5,400,0
5,400,0
5,1200,2
5,9601,11
5,900,1
5,800,1
5,1699,3
5,2201,5
5,1300,2
5,2900,6
5,10700,23
5,2500,4
5,500,0
5,599,0
5,3701,8
5,3799,8
5,4401,9
5,1400,2
5,399,0
5,400,0
5,400,0
5,400,0
5,800,1
5,700,1
5,2600,6
5,4900,12
5,10199,11
5,1599,3
5,5401,11
5,3800,8
5,1300,2
5,1000,1
5,3800,8
5,1400,3
5,4699,11
5,501,0
5,5100,12
5,1099,1
5,1901,4
5,1600,2
5,2599,5
5,3601,7
5,500,0
5,400,0
5,4600,9
5,5900,12
5,5799,12
5,800,0
5,400,0
5,500,0
5,3900,4
5,6099,10
5,7700,6
5,601,0
5,5999,9
5,5501,9
5,4100,5
5,400,0
5,2900,3
5,12600,22
5,2699,2
5,4401,8
5,10799,19
5,2701,3
5,1000,1
5,1500,2
5,4300,6
5,10400,5
5,499,0
5,2701,5
5,2800,5
5,1999,4
5,1601,3
5,700,1
5,700,1
5,16400,19
5,500,0
5,3501,6
5,5700,6
5,500,0
5,400,0
5,2900,5
5,400,0
5,1300,2
5,2600,6
5,13301,12
5,400,0
5,2399,5
5,1901,3
5,500,0
5,1100,2
5,900,1
5,2200,4
5,1300,2
5,2600,5
5,9399,10
5,2601,5
5,2300,4
5,3500,7
5,1400,2
5,500,0
5,600,0
5,6500,13
5,6600,15
5,800,1
5,500,0
5,2900,6
5,900,1
5,2100,4
5,1899,4
5,2501,5
5,1600,3
5,500,0
5,3599,8
5,901,1
5,500,0
5,500,0
5,500,0
5,2101,3
5,4500,8
5,1400,2
5,15401,25
5,3100,6
5,3499,7
5,3200,6
5,2299,4
5,600,0
5,2701,5
5,3399,6
5,2101,4
5,5100,10
5,600,0
5,500,0
5,1499,2
5,1801,4
5,900,1
5,3799,8
5,3201,7
5,2600,5
5,2000,4
5,900,1
5,1500,3
5,21900,36
5,1400,3
5,4200,8
5,1400,3
5,900,1
5,2899,5
5,1601,2
5,5099,10
5,500,0
5,2600,6
5,5600,14
5,3800,9
5,899,1
5,2301,4
5,4200,9
5,6301,15
5,12100,18
5,1400,2
5,18299,29
5,7600,18
5,3600,8
5,1000,1
5,499,0
5,1000,1
5,6000,13
5,9301,19
5,700,0
5,700,0
5,2100,3
5,500,0
5,1399,2
5,1201,2
5,12399,18
5,1200,2
5,1500,3
5,800,1
5,500,0
5,6400,15
5,2800,6
5,4999,6
5,2401,4
5,8800,13
5,9799,16
5,4101,6
5,6000,13
5,500,0
5,3399,8
5,3501,5
5,800,1
5,1300,2
5,2200,4
5,12500,13
5,499,0
5,500,0
5,1201,1
5,6800,15
5,6699,16
5,600,0
5,1000,1
5,6000,10
5,1700,3
5,2600,5
5,900,1
5,401,0
5,400,0
5,400,0
5,900,1
5,1400,2
5,5300,11
5,8700,17
5,600,0
5,1299,2
5,2001,3
5,3100,7
5,10500,10
5,4600,9
5,3300,6
5,900,1
5,3100,7
5,2701,5
5,3000,6
5,500,0
5,999,1
5,1801,3
5,3900,8
5,5200,13
5,1200,2
5,2099,5
5,501,0
5,500,0
5,1100,1
5,2100,4
5,500,0
5,5400,12
5,2100,4
5,600,0
5,400,0
5,2900,6
5,4700,10
5,500,0
5,900,1
5,3700,8
5,4300,9
5,1599,2
5,3300,7
5,6300,12
5,10500,21
5,4101,9
5,1800,3
5,4900,11
5,600,0
5,2200,2
5,1699,3
5,1601,3
5,2300,5
5,2499,5
5,2001,4
5,4299,11
5,6601,4
5,3100,7
5,1500,3
5,500,0
5,800,1
5,400,0
5,1999,4
5,501,0
5,2900,6
5,700,1
5,4500,10
5,2600,6
5,1899,4
5,5101,11
5,1999,3
5,2501,4
5,1100,1
5,2899,4
5,4201,10
5,600,0
5,3600,7
5,2300,4
5,10499,19
5,8401,14
5,1000,1
5,600,0
5,3300,7
5,2599,2
5,501,0
5,5500,9
5,900,1
5,7800,11
5,1100,2
5,4100,6
5,1200,2
5,401,0
5,2500,6
5,700,0
5,2499,5
5,9301,21
5,1300,2
5,1400,2
5,500,0
5,6100,10
5,3199,3
5,1900,3
5,4799,10
5,3401,7
5,5500,12
5,6600,17
5,900,1
5,1000,1
5,6800,17
5,9700,21
5,599,0
5,1000,1
5,9201,22
5,800,1
5,4099,8
5,1401,2
5,1500,2
5,900,1
5,2699,5
5,5101,10
5,6400,15
5,2499,5
5,800,1
5,1000,1
5,700,0
5,1400,2
5,800,1
5,2600,5
5,1500,2
5,1000,1
5,3899,8
5,1399,2
5,1901,3
5,1000,1
5,1400,2
5,2099,4
5,1000,1
5,2700,6
5,1600,3
5,500,0
5,2501,5
5,400,0
5,1200,2
5,400,0
5,1700,3
5,4200,9
5,3999,8
5,2301,4
5,5900,13
5,7100,15
5,3000,6
5,1400,2
5,2100,4
5,500,0
5,4400,9
5,500,0
5,500,0
5,1001,1
5,900,1
5,1500,3
5,4400,9
5,700,1
5,1700,3
5,1000,1
5,4200,9
5,5300,11
5,2900,7
5,5600,15
5,2200,4
5,400,0
5,699,1
5,2501,5
5,3100,7
5,500,0
5,8199,21
5,400,0
5,3501,8
5,1200,2
5,1000,1
5,1199,2
5,4501,10
5,1200,2
5,399,0
5,5100,12
5,8200,22
5,900,1
5,1100,2
5,1701,3
5,400,0
5,2000,4
5,2300,5
5,3400,8
5,7400,19
5,2200,5
5,700,1
5,5200,12
5,3199,7
5,1100,2
5,400,0
5,2100,5
5,800,1
5,2499,5
5,4601,10
5,1500,3
5,899,1
5,7200,18
5,1101,2
5,700,1
5,1200,2
5,3999,9
5,8401,22
5,1500,3
5,1100,2
5,700,1
5,500,0
5,2299,5
5,1900,4
5,1000,1
5,5900,13
5,1100,1
5,3799,6
5,2700,4
5,700,0
5,700,0
5,1199,1
5,1201,2
5,1900,4
5,12699,30
5,400,0
5,2200,5
5,400,0
5,500,0
5,5100,13
5,400,0
5,2800,1
5,2399,5
5,1201,2
5,12899,33
5,1101,2
5,1500,3
5,3000,7
5,1499,3
5,2701,6
5,1300,2
5,400,0
5,3000,7
5,2300,5
5,2000,4
5,699,1
5,10901,28
5,3999,10
5,500,0
5,801,1
5,4800,12
5,3800,9
5,3600,9
5,500,0
5,2601,6
5,5099,13
5,3801,8
5,400,0
5,13100,34
5,1400,2
5,1200,2
5,3300,8
5,4799,12
5,6801,13
5,3101,5
5,2800,5
5,1499,3
5,3201,7
5,500,0
5,2300,4
5,35201,6
5,7800,14
5,1200,2
5,500,0
5,4600,8
5,7300,9
5,700,0
5,1500,1
5,19300,32
5,1100,1
5,3200,6
5,499,0
5,6700,14
5,700,1
5,900,1
5,399,0
5,1300,2
5,501,0
5,1200,2
5,3800,6
5,1901,2
5,3200,6
5,3300,5
5,500,0
5,4300,7
5,1000,1
5,2301,3
5,5400,3
5,1600,3
5,900,1
5,1400,2
5,2099,3
5,3801,5
5,4800,8
5,1800,2
5,1200,1
5,500,0
5,8699,14
5,11601,15
5,2199,2
5,4001,4
5,1099,0
5,5901,7
5,700,0
5,1901,1
5,1300,1
5,6100,7
5,2200,2
5,799,0
5,6001,7
5,2700,3
5,800,0
5,800,0
5,8100,11
5,2700,3
5,1600,1
5,4799,6
5,1300,1
5,4099,5
5,4601,5
5,5600,8
5,6000,10
5,9500,13
5,1999,2
5,10000,13
5,699,0
5,4901,6
5,9899,14
5,1900,2
5,2300,3
5,3200,4
5,10100,15
5,1100,1
5,2900,4
5,800,0
5,700,0
5,3100,4
5,1801,2
5,3200,4
5,4600,6
5,700,0
5,4899,6
5,4800,7
5,3500,4
5,5699,9
5,4800,7
5,2700,4
5,3700,6
5,3300,4
5,2200,3
5,2400,3
5,1600,1
5,3500,4
5,8000,13
5,700,0
5,699,0
5,6700,9
5,2501,3
5,1700,2
5,2999,4
5,7400,11
5,600,0
5,13600,22
5,6500,14
5,1901,4
5,1800,4
5,400,0
5,2500,6
5,6500,13
5,1599,2
5,2001,3
5,4899,10
5,2001,3
5,400,0
5,3000,7
5,600,0
5,1800,4
5,2100,5
5,1500,4
5,800,1
5,800,1
5,2399,6
5,3701,10
5,700,1
5,2000,4
5,2500,6
5,1000,2
5,1800,5
5,900,2
5,1399,3
5,5201,10
5,1399,2
5,600,0
5,5101,8
5,400,0
5,8900,17
5,1700,3
5,900,1
5,1800,3
5,3700,6
5,3700,7
5,1801,2
5,2000,3
5,2500,4
5,10801,28
5,1900,6
5,1500,3
5,300,0
5,700,1
5,700,1
5,2500,6
5,1500,4
5,1399,2
5,1300,1
5,2200,3
5,500,0
5,500,0
5,5200,9
5,10400,22
5,2800,4
5,400,0
5,6599,13
5,400,0
5,1200,2
5,3900,7
5,700,1
5,4101,4
5,5500,7
5,1000,1
5,600,0
5,7200,1
5,10599,17
5,1401,3
5,2200,2
5,6200,14
5,1700,1
5,10799,9
5,5301,10
5,1399,2
5,3301,6
5,2600,4
5,1400,2
5,700,1
5,4200,12
5,3000,9
5,1500,4
5,1700,4
5,1100,1
5,600,0
5,2601,4
5,2300,4
5,1399,2
5,2201,3
5,8100,5
5,13500,25
5,18500,18
5,5500,9
5,4499,6
5,4000,6
5,800,0
5,2400,3
5,12400,20
5,7201,11
5,3801,5
5,2200,2
5,2599,3
5,2600,3
5,11099,18
5,1901,2
5,8600,14
5,1300,1
5,500,0
5,19400,20
5,900,1
5,1999,4
5,1501,3
5,400,0
5,2500,6
5,4800,13
5,3900,10
5,3500,10
5,1500,3
5,1500,3
5,700,1
5,1000,2
5,8301,16
5,600,0
5,900,1
5,3000,6
5,5701,10
5,6000,10
5,3199,4
5,6800,6
5,600,0
5,601,0
5,1300,1
5,600,0
5,1300,2
5,1199,1
5,1601,2
5,1400,2
5,2800,4
5,7899,11
5,5201,9
5,1899,2
5,1101,1
5,3300,5
5,2799,4
5,4001,6
5,2199,4
5,1200,1
5,500,0
5,600,0
5,4399,8
5,500,0
5,6900,13
5,1401,1
5,2600,6
5,4000,11
5,600,1
5,600,1
5,700,1
5,13800,5
5,1900,3
5,1699,2
5,5701,5
5,799,0
5,1801,3
5,701,0
5,600,0
5,500,0
5,500,0
5,1699,2
5,4901,6
5,9299,11
5,400,0
5,1101,2
5,4400,7
5,400,0
5,3001,5
5,3200,5
5,799,1
5,8000,17
5,2901,5
5,6100,14
5,1800,1
5,13500,18
5,600,0
5,2600,5
5,1599,2
5,1900,3
5,4399,7
5,4501,7
5,2099,5
5,1301,3
5,2300,6
5,700,1
5,300,0
5,1899,5
5,1000,2
5,2701,7
5,1700,2
5,3100,5
5,3900,7
5,1599,2
5,7901,16
5,3800,12
5,20700,23
5,2100,4
5,699,0
5,500,0
5,601,0
5,1100,1
5,2200,3
5,5900,10
5,800,0
5,4600,8
5,1500,3
5,1700,4
5,1399,3
5,3600,7
5,3200,5
5,1000,1
5,4899,9
5,2000,4
5,700,1
5,1100,2
5,3900,11
5,300,0
5,2800,8
5,2199,6
5,401,0
5,17400,16
5,1700,2
5,1899,2
5,1101,1
5,600,0
5,600,0
5,500,0
5,1600,3
5,1899,5
5,1201,1
5,4200,8
5,2801,4
5,5899,10
5,1000,1
5,2800,6
5,2599,8
5,3101,9
5,1700,5
5,600,0
5,1500,2
5,8800,17
5,3100,5
5,2099,3
5,600,0
5,700,0
5,500,0
5,12800,8
5,900,2
5,2700,6
5,1000,1
5,3101,6
5,2300,3
5,1399,2
5,3901,8
5,7900,16
5,3199,5
5,7600,14
5,5100,8
5,3901,6
5,5301,9
5,899,0
5,3101,6
5,1200,1
5,599,0
5,2601,4
5,21300,23
5,6599,10
5,701,0
5,4000,6
5,2300,4
5,1200,1
5,2000,4
5,2599,3
5,1200,1
5,5499,9
5,601,0
5,3700,6
5,4000,7
5,1700,2
5,600,0
5,500,0
5,3100,5
5,1500,2
5,1700,2
5,3800,6
5,1800,2
5,2100,3
5,1599,2
5,2000,3
5,11199,19
5,9901,7
5,3100,5
5,5900,10
5,500,0
5,1999,3
5,500,0
5,601,0
5,30300,27
5,1200,0
5,7800,9
5,3500,4
5,2199,2
5,2401,2
5,7500,9
5,1600,1
5,2699,3
5,1500,1
5,2500,3
5,3900,4
5,2900,3
5,1999,2
5,3701,4
5,1400,1
5,3100,3
5,700,0
5,700,0
5,15800,9
5,3199,3
5,4500,6
5,699,0
5,1901,1
5,4600,6
5,1701,2
5,1400,1
5,2200,2
5,24399,28
5,1401,1
5,7700,11
5,5199,7
5,700,0
5,2400,3
5,2299,3
5,5001,3
5,700,0
5,2001,2
5,5399,8
5,1801,2
5,4300,6
5,2900,4
5,600,0
5,2800,4
5,12200,5
5,6900,10
5,4699,7
5,500,0
5,400,0
5,6000,9
5,1700,2
5,700,0
5,6400,10
5,1300,1
5,3000,4
5,4400,7
5,1099,1
5,8200,14
5,5799,9
5,4701,7
5,3199,4
5,6900,10
5,1401,1
5,4300,7
5,2501,3
5,8400,4
5,4199,6
5,12700,21
5,11900,20
5,1100,1
5,2199,2
5,1701,2
5,7500,12
5,4899,8
5,1801,2
5,5699,9
5,500,0
5,12599,0
5,11699,17
5,2801,4
5,1200,1
5,700,0
5,4500,8
5,2100,3
5,6400,12
5,5700,10
5,1400,2
5,400,0
5,7800,18
5,3500,8
5,28699,4
5,24800,11
5,2499,5
5,4001,9
5,9799,6
5,16601,3
5,7400,7
5,1600,0
5,3900,9
5,900,1
5,4299,8
5,10601,6
5,1400,2
5,1400,2
5,1300,1
5,3601,6
5,600,0
5,500,0
5,1999,3
5,1500,2
5,700,1
5,4001,3
5,2299,2
5,3801,4
5,2000,2
5,2400,2
5,14000,19
5,2899,3
5,2501,4
5,2500,3
5,2800,3
5,12999,23
5,2001,3
5,3400,5
5,3900,6
5,22600,7
5,1600,2
5,1500,1
5,700,0
5,2301,3
5,3600,6
5,500,0
5,700,0
5,601,0
5,8800,15
5,5500,8
5,14600,23
5,4600,7
5,2601,3
5,5899,10
5,11700,21
5,4400,5
5,2500,3
5,1799,2
5,701,0
5,15100,14
5,7700,13
5,8000,12
5,600,0
5,700,0
5,1200,1
5,1200,1
5,1201,1
5,900,0
5,1600,1
5,1899,3
5,4801,6
5,600,0
5,6300,11
5,1599,2
5,1501,2
5,11200,20
5,3400,5
5,2100,3
5,1400,2
5,11700,21
5,48301,21
5,3500,4
5,2600,3
5,1299,1
5,700,0
5,17901,12
5,1300,1
5,7600,12
5,600,0
5,4801,8
5,14600,1
5,700,0
5,500,0
5,5201,7
5,1800,2
5,700,0
5,1301,1
5,10100,18
5,4000,6
5,4900,8
5,600,0
5,1201,1
5,1100,1
5,600,0
5,6200,5
5,1200,1
5,1200,1
5,9699,11
5,2600,4
5,5100,4
5,1500,1
5,14700,23
5,2100,3
5,6800,10
5,3300,4
5,3999,6
5,3401,2
5,10100,15
5,1999,0
5,4200,7
5,2199,0
5,3801,6
5,13400,13
5,1200,1
5,8000,0
5,13900,25
5,500,0
5,2000,3
5,4400,5
5,1900,2
5,2400,4
5,7500,13
5,699,0
5,6601,11
5,900,1
5,3601,7
5,2499,5
5,3601,6
5,700,0
5,400,0
5,2399,3
5,5301,8
5,4200,7
5,1000,1
5,2100,2
5,19501,24
5,2600,4
5,6400,11
5,600,0
5,5400,8
5,1200,1
5,2400,2
5,4900,8
5,4100,7
5,600,0
5,3499,5
5,5201,8
5,2200,2
5,2100,3
5,1000,1
5,2399,4
5,4601,7
5,7200,12
5,600,0
5,2099,4
5,11601,3
5,600,0
5,1199,1
5,3201,5
5,1900,2
5,1801,2
5,6799,12
5,6599,11
5,1701,1
5,2800,4
5,7400,13
5,4800,9
5,13700,23
5,1200,1
5,1600,2
5,700,0
5,5399,8
5,2001,2
5,3300,5
5,1099,1
5,2701,4
5,18000,20
5,8500,15
5,1701,2
5,2000,3
5,8400,15
5,699,0
5,3001,5
5,1700,2
5,5600,9
5,24200,30
5,5900,10
5,5400,9
5,3900,7
5,1099,1
5,1501,2
5,1100,1
5,3799,7
5,14401,8
5,900,1
5,401,0
5,6799,14
5,2800,5
5,6800,14
5,600,0
5,2499,4
5,4001,8
5,8400,14
5,3400,5
5,9500,18
5,10899,22
5,2301,4
5,1600,2
5,500,0
5,500,0
5,16499,0
5,600,0
5,2600,3
5,500,0
5,1699,2
5,3801,7
5,1400,2
5,999,1
5,5401,10
5,4000,8
5,14200,6
5,1400,1
5,800,0
5,4599,7
5,2101,3
5,900,1
5,800,0
5,600,0
5,8600,14
5,6601,13
5,5500,9
5,3299,5
5,1701,2
5,1100,1
5,2300,3
5,2201,3
5,800,0
5,13800,8
5,1700,2
5,6300,11
5,2400,3
5,2499,4
5,3400,5
5,1300,2
5,599,0
5,500,0
5,3101,6
5,1000,1
5,400,0
5,1299,1
5,2901,5
5,3599,5
5,1100,1
5,3700,6
5,1100,1
5,2200,3
5,4200,7
5,5600,9
5,1700,2
5,699,0
5,4801,8
5,3900,6
5,3800,7
5,600,0
5,499,0
5,7700,2
5,3401,5
5,5700,10
5,1900,3
5,1000,1
5,1599,2
5,1401,2
5,3400,6
5,7901,14
5,600,0
5,500,0
5,4799,9
5,1801,3
5,900,1
5,2000,3
5,1499,2
5,5401,10
5,10100,20
5,1500,1
5,500,0
5,3799,6
5,4400,8
5,34800,26
5,700,0
5,400,0
5,5400,12
5,1100,1
5,600,0
5,3700,5
5,3900,6
5,7999,7
5,2401,4
5,600,0
5,7100,13
5,1200,1
5,1200,1
5,2400,4
5,2300,4
5,1700,2
5,2099,3
5,700,0
5,500,0
5,1800,2
5,500,0
5,3500,7
5,1500,2
5,2200,3
5,3000,5
5,400,0
5,16100,1
5,5800,10
5,900,1
5,1100,1
5,6100,12
5,900,1
5,13000,25
5,1600,2
5,1199,1
5,4401,7
5,2499,3
5,1100,1
5,900,1
5,1800,3
5,1300,1
5,8100,16
5,2101,3
5,6499,12
5,1000,1
5,2400,4
5,4000,7
5,500,0
5,22000,17
5,2800,4
5,8899,16
5,1301,2
5,3000,4
5,1300,1
5,799,0
5,8901,17
5,1700,2
5,2500,4
5,1899,3
5,900,1
5,700,0
5,5300,9
5,2100,3
5,500,0
5,1000,1
5,4500,7
5,5100,3
5,600,0
5,700,0
5,3899,7
5,500,0
5,700,0
5,2500,4
5,400,0
5,7600,3
5,3200,5
5,600,0
5,6200,11
5,7700,15
5,800,0
5,7300,9
5,8200,15
5,1400,2
5,3200,4
5,5699,11
5,901,1
5,1500,2
5,1800,2
5,6700,12
5,1999,3
5,1100,1
5,800,0
5,1000,1
5,1400,2
5,5501,10
5,1899,3
5,1400,1
5,4700,8
5,1199,1
5,3301,6
5,500,0
5,3099,5
5,1500,1
5,2100,3
5,1599,3
5,2801,5
5,1000,1
5,4700,9
5,4400,8
5,10401,13
5,2600,4
5,1899,0
5,1301,1
5,1000,1
5,1000,1
5,4700,9
5,500,0
5,4200,8
5,400,0
5,9901,17
5,8500,4
5,600,0
5,3299,6
5,1100,1
5,4200,7
5,3001,5
5,500,0
5,900,1
5,2299,4
5,2501,4
5,2000,3
5,1000,1
5,999,1
5,1401,2
5,1800,3
5,1000,1
5,700,0
5,1299,2
5,500,0
5,1101,1
5,1800,3
5,3599,7
5,4001,8
5,1500,2
5,1599,3
5,7500,15
5,1201,1
5,4999,10
5,2801,5
5,3999,4
5,12001,18
5,2499,5
5,1901,0
5,1200,1
5,1900,3
5,4800,6
5,3899,4
5,600,0
5,16400,26
5,2300,3
5,1199,1
5,1201,1
5,8800,13
5,2100,3
5,3500,6
5,2400,4
5,600,0
5,3700,6
5,4200,8
5,399,0
5,2501,4
5,2300,3
5,2599,4
5,501,0
5,5699,11
5,1301,1
5,7099,13
5,2400,4
5,2800,5
5,500,0
5,6600,12
5,6901,14
5,1601,2
5,9600,20
5,500,0
5,1200,1
5,5400,10
5,4800,11
5,4000,8
5,1299,1
5,9800,5
5,11800,20
5,999,1
5,4401,7
5,7500,13
5,9199,16
5,400,0
5,500,0
5,600,0
5,3500,5
5,4200,6
5,500,0
5,600,0
5,7800,13
5,7100,14
5,2499,4
5,901,0
5,7500,12
5,5999,10
5,3201,5
5,5600,9
5,700,0
5,4099,7
5,7500,13
5,2501,4
5,10300,20
5,5000,10
5,2699,5
5,2401,3
5,900,1
5,2000,3
5,3400,6
5,3900,7
5,3300,4
5,500,0
5,600,0
5,5000,8
5,7500,13
5,10400,18
5,600,0
5,599,0
5,700,0
5,2801,4
5,11799,23
5,1400,2
5,3100,6
5,6100,11
5,6600,13
5,1000,1
5,2800,4
5,1400,1
5,3700,6
5,2201,3
5,8000,14
5,1200,1
5,1100,1
5,1000,1
5,1200,1
5,3101,5
5,1800,2
5,2600,4
5,8900,15
5,1100,1
5,1400,2
5,2600,4
5,1500,2
5,1500,2
5,1100,1
5,3600,6
5,1000,1
5,2000,3
5,2800,5
5,2500,3
5,1600,2
5,4201,7
5,1000,1
5,3700,5
5,600,0
5,3200,5
5,3300,5
5,6600,10
5,2800,4
5,2799,4
5,2701,4
5,9000,15
5,4700,3
5,5299,9
5,801,1
5,2000,3
5,6300,12
5,2300,3
5,2799,2
5,2901,4
5,9400,17
5,9299,16
5,601,0
5,1700,2
5,5200,9
5,500,0
5,8700,16
5,1000,1
5,7000,12
5,5999,10
5,2300,3
5,2500,4
5,5500,6
5,2899,4
5,11201,21
5,10899,21
5,1701,2
5,1000,1
5,3999,7
5,3401,6
5,3699,3
5,3800,6
5,4500,8
5,1800,2
5,3099,5
5,15700,31
5,2000,3
5,1500,2
5,6500,11
5,2199,3
5,5301,9
5,1499,2
5,3801,6
5,600,0
5,2599,4
5,1001,1
5,3600,6
5,8600,15
5,3600,6
5,7500,13
5,6400,11
5,5699,2
5,1301,2
5,4799,9
5,7700,16
5,901,1
5,1400,2
5,2000,3
5,500,0
5,3200,6
5,1100,1
5,600,0
5,600,0
5,3600,7
5,700,0
5,500,0
5,7800,15
5,7900,17
5,6399,8
5,12301,18
5,5000,8
5,9200,14
5,2199,3
5,1401,1
5,3900,5
5,3600,5
5,5599,10
5,3501,5
5,800,0
5,1400,1
5,3201,5
5,1600,2
5,600,0
5,500,0
5,1299,1
5,4401,7
5,1699,2
5,600,0
5,3401,5
5,700,0
5,4000,6
5,10300,16
5,1100,1
5,1199,1
5,1301,1
5,1200,1
5,1700,2
5,5200,8
5,11999,20
5,6900,12
5,600,0
5,1400,2
5,3400,5
5,8999,16
5,2001,3
5,2900,4
5,599,0
5,8100,14
5,5001,7
5,3300,5
5,1100,1
5,2600,4
5,600,0
5,1200,1
5,2901,4
5,7200,12
5,1600,1
5,14800,9
5,6500,11
5,1400,1
5,6600,11
5,2399,3
5,5901,9
5,700,0
5,500,0
5,4200,7
5,7400,13
5,4600,8
5,600,0
5,3199,6
5,10801,14
5,1800,2
5,1699,2
5,1001,1
5,500,0
5,900,1
5,1100,1
5,700,0
5,499,0
5,2501,4
5,2100,3
5,4000,7
5,3400,6
5,1100,1
5,1901,3
5,4000,6
5,3500,6
5,4300,7
5,1399,1
5,3901,6
5,1000,1
5,1499,2
5,1201,1
5,12399,21
5,3101,5
5,600,0
5,4500,7
5,4400,6
5,1899,2
5,4101,6
5,7500,12
5,7800,13
5,7600,12
5,5400,8
5,1200,1
5,2500,4
5,5300,9
5,2401,3
5,2600,4
5,7700,13
5,700,0
5,1000,1
5,1699,2
5,700,0
5,5001,9
5,3200,5
5,2600,4
5,1000,1
5,1199,1
5,1601,2
5,4500,8
5,1200,1
5,2901,5
5,900,1
5,1899,3
5,1501,2
5,500,0
5,600,0
5,1200,1
5,7000,13
5,4000,7
5,500,0
5,2700,4
5,5600,10
5,1100,1
5,2199,3
5,11201,20
5,600,0
5,700,0
5,5100,9
5,2100,3
5,2199,3
5,1001,1
5,2600,4
5,3600,5
5,4500,8
5,1699,3
5,2001,3
5,6400,12
5,3200,5
5,1599,2
5,600,0
5,3000,4
5,1300,1
5,15700,20
5,3501,3
5,1700,2
5,3200,2
5,600,0
5,1300,1
5,1100,1
5,5700,7
5,4401,4
5,4800,5
5,2300,3
5,1200,1
5,2401,1
5,1700,2
5,600,0
5,6800,8
5,2799,2
5,6501,8
5,1801,2
5,1200,1
5,2000,0
5,7000,9
5,22100,21
5,6900,12
5,1900,2
5,3100,5
5,8100,14
5,600,0
5,2200,3
5,6400,11
5,6500,11
5,1000,1
5,1699,2
5,1801,2
5,600,0
5,600,0
5,5400,10
5,700,0
5,1900,3
5,4500,7
5,1200,2
5,1000,1
5,5200,9
5,1200,1
5,16300,11
5,1300,1
5,12901,23
5,3000,4
5,1200,1
5,10300,20
5,3201,5
5,1600,2
5,700,0
5,4600,8
5,4399,7
5,4801,8
5,2499,4
5,4001,6
5,1800,2
5,1000,1
5,2800,4
5,3400,5
5,1100,1
5,600,0
5,2001,3
5,18100,9
5,5300,9
5,6400,11
5,3999,7
5,1601,2
5,1900,2
5,1900,3
5,699,0
5,2901,5
5,800,1
5,2499,4
5,7900,13
5,6501,11
5,10801,13
5,500,0
5,10799,18
5,600,0
5,3300,6
5,5500,9
5,11300,3
5,2101,3
5,1200,1
5,5400,8
5,2200,3
5,3699,6
5,2201,3
5,5399,10
5,5001,8
5,999,1
5,2901,4
5,2200,3
5,600,0
5,10901,19
5,1600,2
5,5300,9
5,1900,2
5,2999,4
5,1101,1
5,4699,9
5,4001,7
5,1700,2
5,500,0
5,10401,7
5,4000,6
5,1200,1
5,599,0
5,6601,12
5,1200,1
5,5100,9
5,8699,17
5,1501,2
5,1100,1
5,2100,3
5,1199,1
5,2101,3
5,3200,5
5,2499,4
5,9001,17
5,1000,1
5,2500,4
5,2501,4
5,6800,13
5,500,0
5,8100,4
5,1800,2
5,3400,5
5,2200,3
5,500,0
5,4400,7
5,10400,18
5,800,0
5,3500,5
5,7700,15
5,2100,3
5,7500,14
5,1799,2
5,1201,1
5,6499,11
5,600,0
5,600,0
5,1300,1
5,3799,5
5,3400,6
5,400,0
5,5300,10
5,8600,5
5,1900,2
5,5701,9
5,5300,10
5,800,1
5,500,0
5,1200,1
5,8000,16
5,500,0
5,1801,3
5,7200,1
5,1201,1
5,5699,2
5,4201,7
5,9499,15
5,1200,1
5,4200,7
5,4100,7
5,1200,1
5,1700,2
5,2600,4
5,4200,9
5,500,0
5,11601,10
5,700,0
5,4200,9
5,9900,18
5,700,0
5,1899,2
5,12501,20
5,5000,9
5,2500,4
5,1999,3
5,500,0
5,7900,14
5,4300,7
5,1199,1
5,1601,2
5,2000,3
5,6700,14
5,13900,14
5,1000,1
5,2799,4
5,4001,7
5,2699,4
5,4301,7
5,1500,2
5,5701,11
5,500,0
5,2900,5
5,800,1
5,6200,10
5,6499,11
5,500,0
5,1700,2
5,600,0
5,9000,17
5,2000,3
5,600,0
5,8000,12
5,3100,5
5,500,0
5,2601,4
5,9500,6
5,800,1
5,1000,1
5,2901,5
5,700,0
5,6700,11
5,1900,3
5,2399,3
5,501,0
5,3000,5
5,600,0
5,2499,4
5,2501,4
5,2800,4
5,3400,5
5,500,0
5,4699,9
5,1000,1
5,1000,1
5,6200,10
5,4299,7
5,600,0
5,1701,2
5,1900,3
5,500,0
5,1199,1
5,600,0
5,4201,7
5,12500,11
5,10500,18
5,7200,13
5,6000,10
5,6900,12
5,9700,17
5,6900,12
5,2199,3
5,4601,7
5,2199,3
5,2401,3
5,2500,4
5,10200,17
5,700,0
5,22000,5
5,1700,2
5,7900,14
5,1700,2
5,2701,4
5,6100,11
5,4499,8
5,2500,4
5,1100,1
5,600,0
5,7500,13
5,7700,14
5,11401,20
5,1100,1
5,4000,7
5,6399,12
5,12401,12
5,1699,2
5,1801,2
5,3100,5
5,3500,6
5,2500,4
5,1000,1
5,599,0
5,1901,2
5,1700,2
5,1500,2
5,8500,15
5,600,0
5,1601,2
5,3100,5
5,1000,1
5,5101,9
5,3599,6
5,21099,42
5,2201,3
5,6400,1
5,27400,39
5,1099,1
5,500,0
5,2001,2
5,7800,13
5,6400,11
5,3500,5
5,600,0
5,9301,17
5,13499,26
5,700,0
5,1900,2
5,1100,1
5,29800,21
5,5000,6
5,7900,11
5,15400,12
5,9000,7
5,11800,21
5,800,0
5,3900,7
5,1200,1
5,1800,2
5,4900,9
5,5200,9
5,6199,11
5,5201,9
5,3000,4
5,1800,3
5,3200,6
5,1300,2
5,4200,8
5,1099,1
5,2601,4
5,4200,7
5,2901,5
5,7600,13
5,3400,5
5,1200,1
5,5300,9
5,700,0
5,2901,4
5,9100,18
5,1200,1
5,8100,15
5,2601,4
5,500,0
5,4199,8
5,3700,6
5,500,0
5,500,0
5,2101,3
5,4300,8
5,3800,6
5,1000,1
5,3199,6
5,5401,9
5,1199,1
5,900,1
5,1201,1
5,1100,1
5,1100,1
5,9200,19
5,1400,2
5,600,0
5,1900,3
5,700,0
5,8800,17
5,600,0
5,1901,3
5,2401,4
5,900,1
5,2500,4
5,3901,7
5,1200,1
5,1100,1
5,499,0
5,900,1
5,900,1
5,6600,5
5,1000,1
5,1500,2
5,12100,5
5,1600,2
5,600,0
5,800,0
5,3000,6
5,800,1
5,600,0
5,2400,5
5,699,0
5,1801,3
5,400,0
5,2400,4
5,600,0
5,2600,5
5,8000,16
5,3700,6
5,1599,2
5,1501,2
5,4100,7
5,1500,2
5,2500,4
5,1900,3
5,6200,12
5,8200,15
5,7700,15
5,1199,1
5,5901,11
5,2201,3
5,1200,1
5,600,0
5,3199,5
5,7200,12
5,2901,4
5,1100,1
5,2999,5
5,600,0
5,6400,12
5,1200,1
5,600,0
5,3501,6
5,4000,6
5,1799,2
5,2101,3
5,600,0
5,2000,3
5,6000,11
5,2000,3
5,600,0
5,5101,9
5,1199,1
5,1701,2
5,1100,1
5,1600,2
5,5100,8
5,1500,2
5,2199,3
5,600,0
5,3301,5
5,4700,8
5,2600,4
5,1600,2
5,2201,4
5,800,1
5,2400,4
5,2199,4
5,1501,2
5,1000,1
5,3199,5
5,1401,2
5,500,0
5,2000,3
5,3599,6
5,2001,3
5,2600,4
5,600,0
5,2601,4
5,500,0
5,4599,8
5,6401,11
5,3001,5
5,2000,3
5,2899,4
5,9001,16
5,1000,1
5,4099,7
5,8000,14
5,700,0
5,6299,11
5,2300,3
5,4299,7
5,3200,5
5,1100,1
5,1300,1
5,9000,17
5,1500,2
5,6799,12
5,3701,6
5,600,0
5,1899,3
5,1501,2
5,600,0
5,4999,9
5,4201,7
5,1100,1
5,8599,18
5,1301,2
5,4400,9
5,499,0
5,2501,4
5,500,0
5,5099,9
5,600,0
5,3500,5
5,500,0
5,7500,15
5,499,0
5,1501,2
5,600,0
5,500,0
5,1600,2
5,12500,4
5,4699,8
5,1501,2
5,5599,10
5,601,0
5,500,0
5,3100,5
5,4000,6
5,500,0
5,2000,3
5,2599,3
5,6100,11
5,2201,3
5,3500,6
5,2599,4
5,1100,1
5,5199,9
5,1801,2
5,1100,1
5,1000,1
5,1100,1
5,1499,2
5,2901,4
5,2300,3
5,2999,5
5,500,0
5,1101,1
5,3000,5
5,1000,1
5,16599,19
5,4201,7
5,5400,10
5,4299,7
5,501,0
5,9000,16
5,1500,2
5,700,0
5,3900,7
5,9600,16
5,1900,3
5,2601,4
5,700,0
5,1000,1
5,4600,7
5,2000,3
5,7800,9
5,17100,21
5,1000,1
5,4701,8
5,1799,3
5,1901,1
5,3400,5
5,6100,10
5,1600,2
5,3901,7
5,5700,10
5,2100,3
5,1300,1
5,1099,1
5,10301,20
5,4999,9
5,600,0
5,600,0
5,5399,10
5,3501,6
5,19599,26
5,3201,5
5,1000,1
5,600,0
5,599,0
5,1401,2
5,7600,17
5,4100,9
5,1800,3
5,2199,4
5,2801,5
5,500,0
5,2000,4
5,499,0
5,1300,2
5,1300,2
5,5499,12
5,7399,12
5,3300,5
5,600,0
5,12400,18
5,6400,11
5,3200,5
5,600,0
5,1500,2
5,500,0
5,3400,6
5,4100,8
5,1100,1
5,600,0
5,1600,2
5,2801,4
5,500,0
5,4199,7
5,2101,4
5,1800,3
5,6500,13
5,10999,20
5,1601,2
5,3600,6
5,3000,5
5,1800,3
5,13300,19
5,500,0
5,5299,10
5,3000,5
5,400,0
5,2199,4
5,4201,8
5,2299,4
5,1301,1
5,2800,4
5,700,0
5,3800,6
5,5399,9
5,500,0
5,2000,3
5,1900,3
5,2199,3
5,3200,5
5,7700,7
5,3100,5
5,7400,15
5,1300,2
5,10701,2
5,5899,12
5,7300,15
5,1900,2
5,10100,18
5,999,1
5,6101,11
5,3600,6
5,4099,8
5,11301,21
5,2799,4
5,600,0
5,1601,2
5,1600,2
5,700,0
5,6100,11
5,700,0
5,1100,1
5,599,0
5,6800,8
5,6601,9
5,9399,13
5,700,0
5,3600,3
5,6800,9
5,1899,3
5,7000,3
5,9601,10
5,600,0
5,17600,26
5,5900,7
5,1700,2
5,14600,27
5,599,0
5,500,0
5,1801,2
5,6299,13
5,600,0
5,3000,5
5,3199,5
5,800,0
5,600,0
5,5299,9
5,3000,5
5,600,0
5,2099,3
5,3100,6
5,2001,3
5,600,0
5,12699,25
5,3201,5
5,4700,9
5,3900,7
5,2099,3
5,2001,3
5,600,0
5,1000,1
5,1899,3
5,600,0
5,13601,5
5,700,0
5,3701,6
5,400,0
5,1300,1
5,1499,2
5,500,0
5,4600,8
5,2901,5
5,3000,6
5,799,1
5,1801,3
5,3400,6
5,5700,12
5,1300,1
5,600,0
5,1899,4
5,6499,12
5,4301,8
5,4500,8
5,1100,1
5,600,0
5,600,0
5,11000,22
5,10900,10
5,6200,12
5,7800,14
5,3599,7
5,8500,17
5,2000,3
5,3199,5
5,6700,12
5,2301,3
5,1300,1
5,3099,5
5,2301,4
5,9400,19
5,800,0
5,1000,1
5,1599,2
5,17001,23
5,2400,4
5,1100,1
5,2501,4
5,1500,2
5,1700,2
5,4000,9
5,5299,10
5,2000,3
5,2300,4
5,2099,3
5,3700,7
5,1500,2
5,500,0
5,1901,3
5,9400,18
5,1400,2
5,1199,1
5,500,0
5,1600,2
5,500,0
5,1400,2
5,1099,1
5,700,0
5,1401,2
5,1400,2
5,2599,4
5,21501,8
5,9299,17
5,3501,6
5,6400,12
5,2500,4
5,1099,1
5,6700,7
5,2301,5
5,500,0
5,6600,12
5,5799,10
5,1200,1
5,6500,12
5,1500,2
5,2700,5
5,6701,12
5,1999,3
5,601,0
5,19300,5
5,7000,5
5,4800,9
5,10100,18
5,6600,12
5,2300,3
5,2201,4
5,5799,10
5,6800,13
5,900,1
5,500,0
5,1600,2
5,4599,8
5,1600,2
5,5400,9
5,6199,12
5,601,0
5,13599,13
5,17301,33
5,4000,7
5,3901,7
5,1500,2
5,3400,5
5,5300,9
5,1901,3
5,4600,8
5,4700,9
5,2400,4
5,2501,4
5,2500,4
5,3399,6
5,3600,6
5,1400,2
5,1600,2
5,16000,4
5,3200,5
5,500,0
5,13100,26
5,3600,6
5,1800,3
5,1300,1
5,2999,5
5,1101,1
5,2400,4
5,4400,8
5,4100,6
5,999,1
5,11401,21
5,2899,5
5,2501,4
5,3100,5
5,599,0
5,4301,3
5,2900,2
5,1100,1
5,500,0
5,1100,1
5,10299,2
5,2801,5
5,3299,6
5,5601,10
5,5000,9
5,4099,7
5,601,0
5,1100,1
5,1300,2
5,2599,4
5,1501,2
5,2300,3
5,9899,11
5,8100,16
5,4001,7
5,2999,5
5,14100,27
5,12501,12
5,2899,5
5,4801,7
5,3700,6
5,1000,1
5,4599,8
5,1401,2
5,2000,3
5,10299,20
5,4601,8
5,1999,3
5,3001,5
5,3000,5
5,3500,6
5,4300,8
5,4201,8
5,900,1
5,1400,2
5,3000,5
5,8300,5
5,4199,7
5,5901,11
5,1200,1
5,1101,1
5,600,0
5,5600,10
5,700,0
5,16100,14
5,5400,10
5,1500,2
5,9400,19
5,600,0
5,5300,10
5,2000,3
5,4500,9
5,3100,6
5,26901,17
5,1900,3
5,5300,11
5,1800,3
5,2900,6
5,400,0
5,3300,5
5,1499,2
5,2501,4
5,600,0
5,1100,1
5,699,0
5,3701,6
5,6900,11
5,12099,23
5,601,0
5,8100,15
5,2000,3
5,1200,1
5,8399,15
5,500,0
5,13001,13
5,2500,3
5,4100,6
5,5500,9
5,2299,3
5,5101,9
5,900,0
5,3500,7
5,4300,8
5,500,0
5,500,0
5,2900,5
5,600,0
5,2699,4
5,1701,2
5,3900,6
5,3901,7
5,3599,5
5,600,0
5,2001,3
5,1600,2
5,7000,13
5,4300,7
5,8800,0
5,700,0
5,600,0
5,9200,16
5,5600,10
5,500,0
5,3700,5
5,700,0
5,4999,8
5,8200,15
5,2100,3
5,1600,2
5,10000,18
5,1500,2
5,2000,3
5,4300,7
5,1600,2
5,700,0
5,600,0
5,10800,18
5,1000,1
5,1300,1
5,5900,0
5,1100,1
5,2199,3
5,601,0
5,3300,5
5,2299,3
5,5601,9
5,2299,3
5,3500,5
5,2699,4
5,2701,4
5,4199,7
5,701,0
5,4000,7
5,1599,2
5,901,1
5,600,0
5,900,1
5,3499,6
5,5201,9
5,1699,2
5,3201,5
5,700,0
5,500,0
5,2399,4
5,1801,3
5,1400,2
5,5200,8
5,500,0
5,11600,10
5,1501,2
5,3801,3
5,2500,4
5,2600,4
5,2300,4
5,600,0
5,600,0
5,1199,1
5,5101,8
5,2700,4
5,4100,7
5,1499,2
5,1401,2
5,1000,1
5,1200,1
5,5100,9
5,2600,4
5,1099,1
5,500,0
5,5601,11
5,1099,1
5,3201,5
5,1000,1
5,3099,6
5,2001,4
5,2400,4
5,700,0
5,499,0
5,600,0
5,401,0
5,2800,4
5,13200,26
5,900,1
5,2699,5
5,600,0
5,2201,2
5,1800,2
5,1000,1
5,4900,9
5,10199,19
5,1501,2
5,10100,18
5,1100,1
5,6100,11
5,1800,3
5,2600,4
5,3100,5
5,4900,8
5,1800,2
5,1200,1
5,2200,4
5,1100,1
5,4399,8
5,1100,1
5,2700,4
5,500,0
5,1000,1
5,999,1
5,4101,6
5,600,0
5,3900,6
5,8100,14
5,2800,5
5,1099,1
5,6301,11
5,8199,15
5,1401,2
5,700,0
5,2700,4
5,600,0
5,1299,1
5,1100,1
5,1600,2
5,3299,5
5,7100,11
5,1401,1
5,11600,21
5,699,0
5,1301,1
5,1100,1
5,600,0
5,3299,5
5,2201,3
5,1500,2
5,2899,5
5,1001,1
5,2200,3
5,6000,10
5,6000,11
5,2600,4
5,7100,12
5,4300,7
5,5499,9
5,700,0
5,2901,5
5,5800,10
5,1900,2
5,1899,2
5,3601,7
5,700,1
5,2399,4
5,5301,2
5,3300,5
5,3399,5
5,1300,1
5,10100,20
5,5500,10
5,1700,2
5,2699,4
5,7299,14
5,2800,5
5,4199,6
5,3600,7
5,3800,7
5,500,0
5,400,0
5,900,1
5,500,0
5,1100,1
5,1099,1
5,2401,4
5,2500,4
5,3800,7
5,1000,1
5,5500,11
5,1300,2
5,2100,3
5,499,0
5,500,0
5,501,0
5,1000,1
5,2700,5
5,500,0
5,3401,6
5,9600,19
5,1499,2
5,3501,4
5,2800,4
5,4301,7
5,5400,10
5,6199,12
5,1200,1
5,7500,13
5,4499,8
5,1901,2
5,3600,6
5,2900,5
5,3900,6
5,2700,4
5,1100,1
5,2000,3
5,500,0
5,3300,5
5,6199,11
5,3200,6
5,4500,7
5,1700,2
5,500,0
5,3900,6
5,11400,20
5,3201,5
5,2300,3
5,3900,7
5,3200,5
5,600,0
5,3601,6
5,3799,6
5,2101,3
5,1700,2
5,1500,1
5,1799,2
5,1701,2
5,2000,2
5,6800,12
5,3099,5
5,1601,2
5,500,0
5,4899,9
5,1200,1
5,1200,1
5,3799,6
5,4401,7
5,5800,10
5,1500,2
5,2900,5
5,1300,1
5,600,0
5,1300,2
5,1599,2
5,4501,8
5,7400,13
5,11900,21
5,1200,1
5,600,0
5,3999,7
5,1600,2
5,6200,11
5,3300,5
5,900,1
5,2800,4
5,600,0
5,1700,2
5,2999,5
5,10201,19
5,3000,5
5,2201,2
5,1600,2
5,1300,1
5,1100,1
5,2101,3
5,4999,9
5,3501,6
5,1000,1
5,2700,4
5,3700,6
5,3500,6
5,1100,1
5,1200,1
5,4300,7
5,4600,7
5,6000,11
5,1200,1
5,500,0
5,500,0
5,1001,1
5,1100,1
5,1500,2
5,1499,2
5,1601,2
5,6599,12
5,1101,1
5,500,0
5,3800,7
5,4101,7
5,500,0
5,500,0
5,1699,3
5,2801,4
5,16800,33
5,3399,6
5,7299,12
5,1200,1
5,4799,8
5,5301,9
5,1299,1
5,1101,1
5,600,0
5,2200,3
5,600,0
5,6000,10
5,9200,12
5,7200,13
5,600,0
5,4501,8
5,7900,14
5,600,0
5,600,0
5,1400,1
5,500,0
5,1101,1
5,6199,11
5,4501,8
5,600,0
5,599,0
5,500,0
5,10001,18
5,1100,1
5,2399,4
5,5401,9
5,1100,1
5,3701,6
5,3100,5
5,1599,2
5,501,0
5,8500,16
5,5900,9
5,500,0
5,1200,1
5,1800,2
5,999,1
5,5201,8
5,13000,23
5,600,0
5,4800,9
5,4400,8
5,3800,6
5,10300,18
5,500,0
5,2201,3
5,3300,5
5,3300,6
5,600,0
5,1200,1
5,5000,8
5,8000,14
5,2300,4
5,18399,34
5,3300,5
5,2199,3
5,2701,4
5,1700,2
5,6200,11
5,5800,10
5,4799,9
5,10801,19
5,5199,8
5,500,0
5,9800,15
5,4000,4
5,1701,2
5,5100,7
5,4201,7
5,3499,5
5,1901,2
5,3000,4
5,2299,3
5,2301,3
5,4899,3
5,1801,2
5,2000,3
5,4000,5
5,10200,18
5,600,0
5,5500,9
5,5200,8
5,1700,2
5,3899,6
5,1001,1
5,1000,1
5,1100,1
5,700,0
5,1100,1
5,1901,2
5,8300,14
5,4000,6
5,500,0
5,1100,1
5,5600,9
5,1600,2
5,1599,2
5,1301,1
5,2100,3
5,1100,1
5,4000,7
5,3400,3
5,5800,11
5,1600,3
5,999,1
5,3401,6
5,3999,7
5,501,0
5,2500,4
5,3900,7
5,10100,16
5,700,0
5,4100,7
5,4000,7
5,499,0
5,1901,3
5,6401,11
5,1099,1
5,6400,11
5,7600,14
5,1401,1
5,600,0
5,1100,1
5,3499,6
5,1501,1
5,3900,6
5,7500,12
5,499,0
5,2801,4
5,1000,1
5,5500,9
5,3300,5
5,11400,20
5,1300,1
5,2600,4
5,1599,2
5,1500,2
5,1400,2
5,6000,10
5,14900,27
5,5500,9
5,3600,6
5,1699,2
5,4701,8
5,1000,1
5,2099,3
5,7099,12
5,500,0
5,1700,2
5,3599,7
5,500,0
5,6399,11
5,1101,1
5,4400,7
5,1799,2
5,6300,13
5,3201,5
5,4399,7
5,3801,6
5,10899,19
5,501,0
5,600,0
5,14600,24
5,3200,5
5,2199,3
5,2900,4
5,1700,2
5,800,0
5,700,0
5,1899,2
5,2000,3
5,5400,9
5,21199,24
5,600,0
5,4600,7
5,4600,7
5,2800,4
5,3500,5
5,3200,5
5,1499,2
5,2901,4
5,4599,7
5,600,0
5,1000,1
5,6700,11
5,6100,10
5,7800,14
5,1000,1
5,2200,3
5,900,1
5,7600,14
5,9001,16
5,1200,1
5,1000,1
5,5400,9
5,4399,7
5,1901,3
5,6300,10
5,1600,2
5,1100,1
5,2699,4
5,500,0
5,2500,3
5,3599,6
5,4901,9
5,1000,1
5,4201,7
5,1200,1
5,2199,3
5,4301,7
5,2899,5
5,601,0
5,3300,5
5,8300,14
5,1299,1
5,500,0
5,1601,2
5,4401,5
5,1099,1
5,700,0
5,1801,2
5,6300,9
5,2100,3
5,1799,2
5,3601,5
5,5500,9
5,2100,2
5,2100,2
5,4801,5
5,11799,20
5,2600,3
5,3799,6
5,2901,4
5,600,0
5,1500,1
5,999,1
5,3901,7
5,2999,4
5,4101,7
5,1700,2
5,1699,2
5,4001,6
5,1700,2
5,1100,1
5,2301,3
5,5300,8
5,2400,3
5,2899,4
5,1000,1
5,2101,3
5,4899,7
5,7700,13
5,7400,12
5,6799,11
5,1501,2
5,7100,11
5,4899,7
5,2301,3
5,2900,4
5,5500,9
5,5300,8
5,2000,3
5,6400,11
5,3699,6
5,2401,3
5,5599,10
5,3800,6
5,6000,10
5,2500,3
5,800,0
5,27900,53
5,600,0
5,3800,5
5,1300,1
5,3799,6
5,2101,3
5,700,0
5,1600,2
5,2999,5
5,601,0
5,2700,4
5,1100,1
5,3500,5
5,1200,1
5,600,0
5,500,0
5,6900,13
5,4700,9
5,1000,1
5,4499,8
5,5300,9
5,5300,8
5,600,0
5,1099,1
5,4201,7
5,6200,10
5,5399,10
5,2700,4
5,5000,9
5,1200,1
5,2800,4
5,2800,4
5,4000,6
5,3800,6
5,3500,5
5,500,0
5,2001,3
5,5999,11
5,14099,24
5,501,0
5,7700,14
5,4600,8
5,10201,13
5,900,0
5,600,0
5,3499,6
5,500,0
5,7500,14
5,1800,2
5,1099,1
5,2201,4
5,700,0
5,1100,1
5,3600,7
5,1900,3
5,1600,2
5,2499,4
5,2301,3
5,800,1
5,500,0
5,4200,7
5,6099,12
5,1101,1
5,3400,6
5,12500,23
5,5000,8
5,4800,8
5,4801,8
5,600,0
5,1599,2
5,500,0
5,10401,17
5,600,0
5,10199,15
5,1801,2
5,1100,1
5,4099,7
5,5201,8
5,1099,1
5,6901,12
5,5301,9
5,1000,1
5,5200,5
5,3399,6
5,1600,2
5,2100,3
5,900,1
5,10100,18
5,1000,1
5,1100,1
5,1999,3
5,700,0
5,2901,4
5,1800,2
5,2599,4
5,1600,2
5,2000,3
5,4200,7
5,3100,5
5,2199,3
5,5300,9
5,8500,16
5,2700,4
5,1300,1
5,2499,4
5,12301,23
5,3900,6
5,1700,2
5,600,0
5,7300,12
5,4500,9
5,6300,11
5,1500,2
5,700,0
5,700,0
5,1199,1
5,601,0
5,1600,2
5,8000,14
5,2000,3
5,4600,8
5,1000,1
5,1100,1
5,1699,2
5,6499,11
5,3701,7
5,3199,5
5,2501,4
5,5400,8
5,500,0
5,3900,6
5,5300,9
5,7200,13
5,4900,8
5,2700,4
5,1599,2
5,700,0
5,4101,7
5,1000,1
5,17400,31
5,4300,7
5,1199,1
5,2801,4
5,5500,9
5,500,0
5,9200,17
5,600,0
5,2599,4
5,2301,3
5,500,0
5,7900,15
5,2600,4
5,500,0
5,500,0
5,2800,5
5,9099,17
5,3101,5
5,2300,4
5,1100,1
5,501,0
5,6099,10
5,1101,1
5,1100,1
5,3899,6
5,600,0
5,5501,9
5,3101,5
5,12499,23
5,500,0
5,4300,7
5,8500,15
5,1901,3
5,2000,3
5,1400,1
5,5700,5
5,1200,1
5,2800,4
5,2300,3
5,2400,3
5,4100,6
5,2700,4
5,8999,16
5,5301,9
5,5800,11
5,2299,3
5,1901,3
5,2200,3
5,4600,7
5,1200,1
5,2200,3
5,499,0
5,4001,6
5,3099,5
5,9401,16
5,3000,5
5,2900,5
5,5100,9
5,600,0
5,5501,9
5,2399,4
5,12800,25
5,17801,33
5,2200,3
5,18401,36
5,600,0
5,700,0
5,12400,22
5,600,0
5,2600,4
5,1400,1
5,1601,2
5,2900,4
5,1899,3
5,1201,1
5,9900,18
5,1000,1
5,499,0
5,1601,2
5,2700,4
5,1900,3
5,3101,5
5,600,0
5,4800,8
5,500,0
5,3400,6
5,9199,15
5,1801,2
5,3600,6
5,9700,16
5,2600,3
5,10599,18
5,1701,2
5,1500,2
5,700,0
5,5100,8
5,14100,25
5,700,0
5,2200,3
5,600,0
5,1801,2
5,600,0
5,1000,1
5,2900,4
5,500,0
5,1001,1
5,1700,2
5,600,0
5,600,0
5,1100,1
5,1400,2
5,7399,13
5,1600,2
5,13500,25
5,3000,4
5,3600,6
5,2599,4
5,3001,5
5,700,0
5,1800,2
5,1600,2
5,6200,11
5,2299,3
5,2301,3
5,2000,3
5,6300,12
5,6000,12
5,2500,3
5,3300,5
5,1100,1
5,2000,3
5,1499,2
5,1501,2
5,10300,17
5,2799,4
5,1501,1
5,8700,13
5,3100,5
5,1799,2
5,3200,5
5,600,0
5,1499,2
5,3401,5
5,1200,1
5,2199,3
5,3601,6
5,3499,6
5,1501,2
5,2200,3
5,4099,6
5,3900,7
5,2799,4
5,3201,5
5,6100,10
5,2900,4
5,2200,3
5,4500,7
5,499,0
5,4601,7
5,1100,1
5,699,0
5,600,0
5,5701,9
5,8700,17
5,3300,5
5,600,0
5,8899,14
5,3801,6
5,7700,13
5,2099,3
5,800,0
5,5999,11
5,5101,8
5,1600,2
5,600,0
5,501,0
5,3400,6
5,7700,14
5,2499,4
5,2301,3
5,600,0
5,1300,1
5,500,0
5,2501,4
5,600,0
5,4599,8
5,6001,10
5,7000,13
5,699,0
5,900,1
5,2401,3
5,3499,5
5,700,0
5,11601,20
5,1000,1
5,3300,5
5,3900,7
5,500,0
5,1101,1
5,2000,3
5,3399,6
5,600,0
5,4501,8
5,7000,12
5,500,0
5,5000,9
5,5000,10
5,600,0
5,3100,5
5,499,0
5,4501,7
5,2699,4
5,7200,12
5,1201,1
5,600,0
5,4599,8
5,600,0
5,5100,8
5,3699,6
5,3801,6
5,2099,3
5,700,0
5,1801,2
5,7200,13
5,1600,2
5,3599,6
5,3000,4
5,6100,11
5,3599,6
5,1501,2
5,4200,7
5,1499,2
5,1801,2
5,2900,4
5,1099,1
5,1200,1
5,2900,4
5,1200,1
5,5000,9
5,1200,1
5,7300,13
5,3199,5
5,1600,2
5,1100,1
5,4900,4
5,5799,11
5,2101,3
5,9400,16
5,2599,4
5,2201,3
5,3699,6
5,1701,2
5,8200,1
5,6700,12
5,2400,3
5,7200,13
5,2100,3
5,1100,1
5,6800,12
5,601,0
5,2800,4
5,3699,6
5,4301,3
5,600,0
5,1999,3
5,600,0
5,5299,7
5,1500,2
5,5300,9
5,500,0
5,1200,1
5,3499,5
5,3100,5
5,4800,8
5,1900,3
5,1900,2
5,1099,1
5,3801,6
5,3799,6
5,3400,6
5,500,0
5,2599,4
5,2301,3
5,10500,18
5,599,0
5,9001,15
5,2300,3
5,8700,16
5,1499,2
5,7300,13
5,3401,5
5,1900,3
5,3100,4
5,1000,1
5,4699,8
5,2701,4
5,3499,6
5,6501,11
5,10601,19
5,700,0
5,1300,1
5,2099,3
5,1601,2
5,3800,6
5,3800,6
5,2200,3
5,3800,7
5,1900,3
5,4599,8
5,600,0
5,3400,6
5,8999,14
5,3301,5
5,1100,1
5,1200,1
5,4801,9
5,1600,2
5,1499,2
5,2901,5
5,4199,8
5,2600,5
5,500,0
5,1600,2
5,6900,14
5,4600,9
5,4499,7
5,9900,20
5,500,0
5,900,1
5,4100,7
5,1200,1
5,1100,1
5,2999,5
5,3600,6
5,5900,11
5,2000,3
5,500,0
5,5601,10
5,1000,1
5,1199,1
5,2001,3
5,1600,2
5,7800,14
5,3399,5
5,14099,29
5,9701,18
5,2500,4
5,1899,3
5,2401,4
5,1000,1
5,4300,7
5,15700,27
5,500,0
5,2100,3
5,2599,4
5,1200,1
5,1500,2
5,2999,4
5,2101,3
5,2900,5
5,2399,4
5,2101,3
5,1100,1
5,600,0
5,4000,7
5,1500,2
5,1000,1
5,1100,1
5,600,0
5,3500,5
5,5499,10
5,1700,2
5,2600,4
5,1599,2
5,9801,18
5,9400,19
5,2499,4
5,4401,7
5,4100,7
5,4400,7
5,599,0
5,3301,5
5,1700,2
5,600,0
5,3100,5
5,4599,8
5,1701,2
5,5099,9
5,7001,13
5,600,0
5,10501,20
5,5400,10
5,1800,3
5,6400,11
5,3300,5
5,5900,10
5,2999,5
5,2101,3
5,1500,2
5,600,0
5,8400,15
5,600,0
5,1201,1
5,3600,6
5,3200,6
5,2100,3
5,14600,29
5,6700,12
5,2600,4
5,7700,13
5,1000,1
5,5301,8
5,7100,12
5,13200,24
5,3699,6
5,2600,4
5,10799,19
5,9501,16
5,2901,4
5,2900,5
5,3000,4
5,2200,3
5,1200,1
5,5900,10
5,800,0
5,2800,4
5,600,0
5,1000,1
5,22500,43
5,3399,6
5,1601,2
5,2900,4
5,4200,7
5,4300,7
5,1799,2
5,3101,5
5,600,0
5,2299,3
5,701,0
5,4900,8
5,1699,2
5,7400,13
5,11800,21
5,3300,5
5,700,0
5,3200,5
5,500,0
5,1701,2
5,4100,5
5,3700,6
5,9400,15
5,3799,5
5,2101,3
5,4499,7
5,1601,1
5,3000,4
5,5900,9
5,3099,4
5,1401,1
5,3500,5
5,2299,3
5,5701,9
5,6701,11
5,5500,9
5,1500,1
5,5100,8
5,2800,0
5,1801,2
5,1700,2
5,1901,2
5,2600,4
5,4500,7
5,10900,19
5,2900,4
5,1100,1
5,3899,6
5,1801,2
5,1100,1
5,6200,11
5,600,0
5,5300,9
5,8100,14
5,2300,3
5,6000,10
5,2999,4
5,600,0
5,3001,4
5,4099,7
5,501,0
5,7099,12
5,2400,3
5,2600,4
5,1100,1
5,5601,9
5,2200,3
5,1300,1
5,2400,3
5,2700,4
5,2400,3
5,8800,15
5,2299,3
5,1701,2
5,1700,2
5,7100,12
5,1600,2
5,2099,3
5,1100,1
5,8500,15
5,1600,2
5,7700,14
5,1099,1
5,600,0
5,2000,2
5,2400,3
5,600,0
5,3101,5
5,800,0
5,2000,3
5,1099,1
5,6800,12
5,4299,7
5,3101,4
5,3699,6
5,4701,8
5,600,0
5,2700,4
5,3000,5
5,4000,6
5,2300,3
5,500,0
5,4600,8
5,7800,14
5,1000,1
5,2800,4
5,4001,6
5,4399,7
5,2200,3
5,2700,4
5,2400,3
5,2000,3
5,1300,1
5,600,0
5,1799,2
5,3300,5
5,1400,1
5,4100,7
5,700,0
5,3699,6
5,4001,7
5,3199,5
5,4500,8
5,10900,19
5,2600,3
5,3299,5
5,3300,5
5,8500,16
5,5900,10
5,2000,3
5,6801,11
5,499,0
5,800,0
5,1201,1
5,2300,3
5,4900,8
5,2500,4
5,4100,6
5,6099,10
5,1101,1
5,800,0
5,1700,2
5,2799,4
5,2799,4
5,2100,3
5,5500,10
5,7700,15
5,1100,1
5,2999,4
5,1901,2
5,1500,2
5,5300,9
5,13099,26
5,1801,2
5,4100,6
5,1701,2
5,2400,4
5,3999,7
5,9300,18
5,3499,6
5,2501,4
5,3500,6
5,2299,4
5,2200,3
5,600,0
5,4000,6
5,500,0
5,2600,4
5,2799,4
5,3801,6
5,500,0
5,1899,3
5,1601,2
5,500,0
5,3300,6
5,2199,3
5,5500,9
5,2701,4
5,700,0
5,600,0
5,2300,3
5,999,1
5,500,0
5,500,0
5,2700,4
5,2999,5
5,2501,3
5,1500,2
5,1699,2
5,700,0
5,13401,25
5,1901,2
5,1000,1
5,1400,1
5,3499,5
5,2299,3
5,501,0
5,600,0
5,2600,4
5,9399,17
5,10501,18
5,1700,2
5,1800,2
5,1699,2
5,5300,9
5,2601,4
5,4000,7
5,6400,12
5,5600,9
5,2800,4
5,4801,7
5,1500,2
5,1999,3
5,5200,8
5,2200,3
5,5599,9
5,600,0
5,6001,10
5,6301,12
5,2099,3
5,2801,4
5,3199,5
5,8901,16
5,700,0
5,1000,1
5,1900,3
5,3300,5
5,1900,2
5,700,0
5,1100,1
5,999,1
5,7700,12
5,2501,4
5,2000,3
5,2499,4
5,2900,4
5,2799,5
5,3701,6
5,3199,5
5,4001,6
5,1200,1
5,4000,7
5,3400,5
5,599,0
5,1300,1
5,3400,6
5,3499,5
5,6699,12
5,2201,3
5,1500,2
5,2199,3
5,2501,4
5,4099,7
5,1801,2
5,15400,31
5,1700,2
5,600,0
5,1400,2
5,1601,2
5,1000,1
5,8900,16
5,600,0
5,1999,3
5,1501,2
5,4600,8
5,1400,2
5,1001,1
5,2600,4
5,500,0
5,3900,7
5,8100,10
5,3399,5
5,4801,7
5,2000,2
5,2401,3
5,1300,1
5,5800,9
5,5199,7
5,7200,11
5,5401,4
5,600,0
5,6901,10
5,4900,7
5,2000,2
5,699,0
5,5401,8
5,3400,5
5,4200,6
5,5800,8
5,6800,10
5,5800,9
5,5299,8
5,600,0
5,8600,13
5,2400,3
5,1199,1
5,12001,19
5,1400,1
5,5500,8
5,12700,20
5,1300,1
5,2400,3
5,600,0
5,1199,1
5,2401,3
5,600,0
5,3499,5
5,601,0
5,2100,2
5,3699,5
5,6401,9
5,9700,15
5,3000,4
5,4100,6
5,1800,2
5,4699,7
5,3300,5
5,4200,7
5,2600,4
5,3099,4
5,3000,5
5,1400,1
5,4400,6
5,1700,2
5,700,0
5,500,0
5,7500,12
5,1701,2
5,2300,3
5,3999,6
5,1701,2
5,5900,9
5,5999,10
5,1001,1
5,11800,8
5,1199,1
5,4601,7
5,500,0
5,1199,1
5,4001,6
5,3899,6
5,1801,2
5,3300,5
5,4000,6
5,2700,4
5,799,0
5,2401,3
5,2200,3
5,1400,1
5,1700,2
5,699,0
5,1901,3
5,5299,9
5,1901,2
5,1800,2
5,1500,1
5,4200,7
5,1300,1
5,2699,4
5,600,0
5,1800,2
5,4499,7
5,1201,1
5,600,0
5,1200,1
5,2799,4
5,4501,4
5,600,0
5,500,0
5,499,0
5,2801,4
5,600,0
5,3599,5
5,4801,8
5,3500,6
5,2100,3
5,4699,8
5,3200,5
5,6700,10
5,1700,2
5,3300,5
5,16700,32
5,1800,2
5,7100,12
5,6900,12
5,4100,7
5,600,0
5,7800,8
5,3499,5
5,3301,5
5,1600,2
5,3200,5
5,800,0
5,3600,6
5,1801,2
5,6999,12
5,500,0
5,3100,5
5,5800,9
5,6000,11
5,5100,8
5,2901,5
5,3200,5
5,3700,7
5,600,0
5,1700,2
5,1200,1
5,1100,1
5,1201,1
5,1000,1
5,2500,4
5,4500,8
5,2300,3
5,3800,8
5,2400,4
5,1699,3
5,400,0
5,7800,10
5,27201,10
5,800,0
5,2300,4
5,900,1
5,1300,2
5,2000,4
5,1099,1
5,900,1
5,1301,2
5,6800,14
5,4400,8
5,2299,5
5,4701,10
5,5800,11
5,2100,4
5,400,0
5,9299,21
5,2500,5
5,900,1
5,900,1
5,1399,3
5,1100,3
5,2601,5
5,4199,10
5,2901,7
5,1000,2
5,2699,6
5,5701,12
5,1399,3
5,3601,7
5,2700,5
5,2499,5
5,3801,8
5,2000,0
5,7400,18
5,1799,4
5,1201,2
5,3300,9
5,7300,18
5,2000,4
5,3400,7
5,1400,3
5,600,1
5,3099,8
5,600,1
5,1200,2
5,7000,18
5,3800,8
5,7900,19
5,400,0
5,2100,5
5,800,2
5,2300,6
5,1700,3
5,400,0
5,1301,2
5,1500,4
5,2600,6
5,4500,13
5,600,1
5,300,0
5,500,0
5,8200,22
5,600,1
5,400,0
5,300,0
5,1099,3
5,800,1
5,400,0
5,300,0
5,1100,2
5,2300,5
5,1999,4
5,300,0
5,1201,2
5,300,0
5,400,0
5,1800,4
5,2499,6
5,1000,2
5,1501,3
5,2100,5
5,1400,3
5,1299,3
5,2701,6
5,1600,3
5,5700,16
5,7600,21
5,2401,6
5,2600,7
5,2100,6
5,1000,2
5,601,1
5,700,1
5,1300,2
5,1300,2
5,900,1
5,3100,6
5,1800,3
5,3799,9
5,1200,2
5,3800,11
5,2899,6
5,1401,3
5,7700,10
5,1300,1
5,500,0
5,4400,8
5,900,2
5,400,0
5,3399,8
5,2101,4
5,4800,11
5,299,0
5,3301,7
5,11899,29
5,400,0
5,2601,6
5,800,1
5,1400,3
5,2199,5
5,1401,1
5,600,1
5,300,0
5,2300,5
5,2899,7
5,6099,16
5,1100,2
5,2301,5
5,300,0
5,2999,7
5,4401,11
5,1700,4
5,1199,2
5,1500,3
5,301,0
5,500,0
5,2199,6
5,3601,10
5,400,0
5,2199,4
5,2001,5
5,1700,4
5,1700,4
5,3800,9
5,2400,6
5,300,0
5,1300,3
5,899,2
5,2601,7
5,2300,6
5,1400,3
5,3900,11
5,1800,4
5,1500,4
5,300,0
5,3700,9
5,1400,4
5,1800,4
5,1499,3
5,3401,8
5,1000,2
5,2899,7
5,1201,2
5,1200,3
5,2700,7
5,3500,10
5,2800,7
5,1900,5
5,599,1
5,1000,2
5,1301,3
5,400,0
5,400,0
5,1100,2
5,2799,7
5,1701,4
5,600,1
5,700,1
5,1600,4
5,300,0
5,1799,4
5,900,2
5,400,0
5,1800,5
5,600,1
5,2700,7
5,699,1
5,1901,5
5,14500,43
5,3799,11
5,2601,8
5,2000,5
5,900,2
5,400,0
5,1300,3
5,4001,11
5,300,0
5,1600,4
5,400,0
5,300,0
5,300,0
5,2001,6
5,1200,3
5,700,1
5,3199,10
5,4901,14
5,300,0
5,3500,10
5,2800,8
5,3299,9
5,901,2
5,1300,3
5,1500,4
5,2101,5
5,5199,16
5,1101,3
5,1300,3
5,900,2
5,5800,18
5,700,1
5,3200,10
5,500,1
5,3001,9
5,1900,6
5,2299,7
5,2101,6
5,700,2
5,300,0
5,900,2
5,1300,3
5,700,1
5,1199,3
5,300,0
5,2201,6
5,2500,7
5,600,1
5,1399,4
5,1401,4
5,300,0
5,1400,4
5,800,1
5,1600,4
5,699,1
5,1601,4
5,300,0
5,600,1
5,800,2
5,5099,14
5,1001,2
5,1400,4
5,1800,4
5,2599,7
5,2101,6
5,300,0
5,300,0
5,4599,15
5,601,1
5,300,0
5,800,2
5,2000,6
5,6200,20
5,900,2
5,1300,3
5,999,2
5,2101,5
5,900,2
5,1300,4
5,2200,6
5,1099,3
5,3901,11
5,1300,3
5,1099,3
5,700,1
5,2601,7
5,600,1
5,300,0
5,300,0
5,1800,4
5,300,0
5,499,0
5,300,0
5,500,1
5,2501,7
5,3300,11
5,299,0
5,300,0
5,1201,2
5,1100,3
5,800,2
5,400,0
5,1100,3
5,400,0
5,700,1
5,400,0
5,900,2
5,300,0
5,999,2
5,900,2
5,2801,8
5,300,0
5,1300,3
5,900,2
5,400,0
5,599,1
5,400,0
5,1401,4
5,600,1
5,3300,11
5,700,1
5,300,0
5,5201,17
5,700,1
5,600,1
5,7900,26
5,3700,11
5,500,1
5,2200,6
5,1699,5
5,500,1
5,2401,8
5,1500,4
5,700,1
5,1300,3
5,599,1
5,300,0
5,4901,16
5,300,0
5,1999,6
5,300,0
5,601,1
5,300,0
5,1900,5
5,1900,5
5,1499,5
5,4501,15
5,2799,8
5,1501,4
5,300,0
5,4300,14
5,3700,12
5,200,0
5,3200,10
5,1499,3
5,5201,16
5,1499,4
5,1200,3
5,4699,15
5,901,2
5,900,2
5,1700,4
5,1500,4
5,7000,24
5,1400,4
5,2601,8
5,1300,4
5,2000,6
5,700,2
5,1699,4
5,1101,3
5,500,1
5,1500,4
5,2999,3
5,4501,15
5,6500,21
5,2100,6
5,1999,6
5,2001,6
5,600,1
5,2000,6
5,600,1
5,1399,4
5,800,2
5,300,0
5,2601,7
5,1800,4
5,400,0
5,500,0
5,1400,2
5,1500,2
5,1400,2
5,3499,7
5,2701,4
5,1300,2
5,4900,10
5,400,0
5,7800,17
5,700,1
5,1000,2
5,2900,7
5,5799,15
5,4201,8
5,900,1
5,4300,14
5,800,2
5,1200,3
5,2000,7
5,300,0
5,1301,3
5,1200,3
5,899,2
5,200,0
5,1201,4
5,1300,4
5,4099,14
5,1901,6
5,2200,7
5,1200,4
5,900,2
5,599,1
5,1500,4
5,7901,27
5,5999,21
5,1301,4
5,300,0
5,1900,6
5,800,2
5,3199,10
5,2701,8
5,4599,14
5,4701,16
5,3399,11
5,4801,15
5,3600,12
5,2300,7
5,1600,5
5,1499,4
5,600,1
5,5601,18
5,299,0
5,2001,6
5,4400,15
5,400,0
5,899,2
5,1301,4
5,300,0
5,3000,10
5,2599,9
5,700,1
5,1701,5
5,1300,3
5,5500,16
5,7700,19
5,300,0
5,1900,6
5,1700,5
5,1599,4
5,9801,25
5,700,1
5,1300,3
5,1501,3
5,1300,3
5,1100,2
5,2099,6
5,1300,3
5,2201,6
5,400,0
5,300,0
5,3799,12
5,2701,7
5,2000,5
5,1799,5
5,800,1
5,701,1
5,2800,8
5,1000,2
5,1199,3
5,2201,6
5,700,1
5,2100,5
5,300,0
5,400,0
5,900,2
5,899,2
5,3301,10
5,300,0
5,1900,5
5,1399,4
5,300,0
5,400,0
5,1201,3
5,300,0
5,2100,4
5,400,0
5,300,0
5,500,1
5,599,1
5,700,1
5,801,2
5,1000,2
5,2800,8
5,600,1
5,1000,2
5,2500,7
5,1499,4
5,3201,9
5,7400,23
5,400,0
5,800,2
5,3700,11
5,1200,3
5,1200,3
5,600,1
5,1501,4
5,600,1
5,600,1
5,900,2
5,2300,7
5,3500,10
5,2000,6
5,3299,10
5,1001,3
5,7100,23
5,600,1
5,600,1
5,2600,0
5,600,1
5,2300,7
5,300,0
5,2500,7
5,1300,3
5,700,2
5,2700,8
5,6199,21
5,1101,3
5,1000,2
5,1700,4
5,3599,12
5,1301,3
5,1400,4
5,1200,3
5,3099,9
5,2501,8
5,1600,4
5,800,2
5,3800,13
5,600,1
5,2200,7
5,1400,4
5,2901,9
5,1000,3
5,1100,3
5,1400,4
5,2500,7
5,2700,9
5,1100,3
5,600,1
5,600,1
5,200,0
5,600,1
5,300,0
5,3801,13
5,3599,12
5,4101,14
5,500,1
5,400,0
5,8000,27
5,2600,7
5,300,0
5,1500,4
5,1299,3
5,3901,13
5,2200,7
5,799,2
5,500,1
5,1901,6
5,500,1
5,9900,32
5,2499,8
5,901,2
5,900,1
5,1400,2
5,3299,6
5,3501,8
5,400,0
5,5000,10
5,500,0
5,500,0
5,1100,1
5,1499,2
5,4201,9
5,1400,2
5,500,0
5,1499,2
5,3101,6
5,5800,8
5,5899,10
5,5801,7
5,2000,3
5,1000,1
5,3500,6
5,3900,7
5,900,1
5,600,0
5,2099,3
5,3801,7
5,4199,8
5,5701,9
5,999,1
5,3801,7
5,2599,5
5,4201,7
5,500,0
5,1100,1
5,1799,2
5,1001,1
5,9500,15
5,3900,4
5,900,1
5,3600,5
5,599,0
5,1401,2
5,600,0
5,4100,8
5,1900,3
5,1800,3
5,3200,6
5,1600,2
5,2100,4
5,1600,4
5,1000,2
5,300,0
5,2700,7
5,4100,12
5,1599,4
5,2201,6
5,1500,3
5,1400,4
5,1499,4
5,1601,4
5,2900,8
5,600,1
5,700,1
5,4400,14
5,300,0
5,2700,8
5,1399,4
5,1301,3
5,500,1
5,7700,25
5,4599,14
5,11001,30
5,1100,3
5,1200,3
5,500,1
5,1799,5
5,1601,4
5,2200,7
5,500,1
5,900,2
5,399,0
5,1701,4
5,300,0
5,2000,6
5,1100,3
5,3099,9
5,1101,3
5,300,0
5,2600,7
5,1600,2
5,1300,2
5,900,1
5,501,0
5,4400,7
5,5900,11
5,1100,1
5,3900,4
5,7200,15
5,2600,4
5,900,1
5,999,1
5,3101,6
5,1500,2
5,3199,5
5,900,1
5,9100,19
5,1100,1
5,1400,2
5,1400,2
5,8000,16
5,1400,2
5,7400,14
5,1300,2
5,600,1
5,1000,2
5,599,1
5,1101,3
5,500,1
5,1200,3
5,600,1
5,1400,4
5,1100,2
5,300,0
5,4101,12
5,8600,17
5,6500,18
5,3999,11
5,8300,25
5,800,1
5,1600,4
5,6600,20
5,1500,4
5,300,0
5,5100,15
5,1900,5
5,2200,7
5,4401,13
5,300,0
5,300,0
5,3799,11
5,2000,5
5,300,0
5,400,0
5,1499,4
5,1400,4
5,1300,3
5,600,1
5,500,1
5,1900,5
5,5000,15
5,2900,8
5,300,0
5,3401,8
5,400,0
5,2800,5
5,1199,2
5,17201,5
5,4600,5
5,12500,5
5,1901,2
5,7300,10
5,1400,1
5,2100,2
5,7700,10
5,7600,14
5,2500,4
5,600,0
5,3200,5
5,1899,3
5,1901,3
5,1800,3
5,1100,1
5,4400,8
5,3700,5
5,1799,3
5,300,0
5,501,0
5,900,1
5,2000,3
5,5400,9
5,5299,11
5,13701,30
5,1899,4
5,2401,5
5,3499,7
5,400,0
5,6201,13
5,399,0
5,3201,6
5,1200,2
5,900,1
5,2599,4
5,127801,19
5,4601,8
5,5600,9
5,700,0
5,7000,12
5,3599,5
5,3101,4
5,1700,2
5,1599,2
5,5901,10
5,8599,14
5,1601,2
5,7000,10
5,2800,4
5,1200,1
5,800,0
5,600,0
5,2000,3
5,1100,1
5,7000,12
5,7700,13
5,1999,3
5,2501,3
5,4599,9
5,500,0
5,400,0
5,9000,17
5,600,0
5,2000,3
5,1499,2
5,400,0
5,2701,4
5,600,0
5,4600,8
5,1000,1
5,1300,1
5,600,0
5,2499,3
5,1400,1
5,2400,3
5,4400,6
5,500,0
5,500,0
5,11999,20
5,901,1
5,300,0
5,1800,4
5,6400,15
5,4099,11
5,1501,3
5,2500,4
5,4200,5
5,1700,3
5,500,0
5,2099,3
5,4401,8
5,10999,8
5,1201,1
5,1000,1
5,1800,3
5,3700,6
5,3300,5
5,800,1
5,7100,12
5,1299,2
5,2601,4
5,7600,14
5,400,0
5,1200,1
5,8100,12
5,900,1
5,2801,5
5,6600,11
5,1700,2
5,600,0
5,3299,5
5,2101,2
5,9800,21
5,3900,7
5,5099,9
5,1701,2
5,6499,13
5,800,1
5,700,1
5,1400,3
5,14700,29
5,1000,1
5,2699,5
5,500,0
5,2100,3
5,2200,4
5,3400,9
5,6900,12
5,1100,2
5,500,0
5,3799,9
5,1301,2
5,1600,3
5,2000,4
5,500,0
5,2900,7
5,2700,5
5,800,1
5,400,0
5,500,0
5,4000,8
5,800,1
5,6200,12
5,400,0
5,700,1
5,3699,7
5,500,0
5,5399,10
5,3401,7
5,3899,9
5,4201,8
5,3900,10
5,800,1
5,2500,5
5,4300,8
5,5199,9
5,400,0
5,6900,17
5,2701,6
5,1800,3
5,1999,3
5,1501,2
5,2900,5
5,5500,12
5,2900,5
5,1499,2
5,2901,4
5,900,1
5,5200,10
5,2400,4
5,5900,12
5,12900,1
5,4999,6
5,15600,6
5,1400,1
5,14000,24
5,3400,5
5,599,0
5,7500,13
5,2201,3
5,600,0
5,3099,5
5,500,0
5,6501,8
5,1100,1
5,501,0
5,3400,5
5,500,0
5,13200,21
5,3000,4
5,1499,0
5,3101,3
5,1000,1
5,800,1
5,11700,9
5,500,0
5,3500,5
5,1299,2
5,10801,20
5,2100,4
5,499,0
5,1100,1
5,2701,4
5,1600,3
5,4800,9
5,1700,2
5,3199,6
5,1001,1
5,800,1
5,10200,22
5,1000,1
5,2100,3
5,1200,2
5,500,0
5,6000,12
5,900,1
5,2100,4
5,7600,16
5,1299,2
5,2101,3
5,8400,16
5,1700,3
5,2299,4
5,2201,3
5,1000,1
5,1800,3
5,400,0
5,2199,4
5,2200,4
5,900,1
5,4100,9
5,1400,2
5,3500,6
5,2800,6
5,1200,2
5,2000,4
5,899,1
5,1901,4
5,2600,5
5,400,0
5,2899,6
5,3001,6
5,10700,23
5,300,0
5,900,1
5,3901,8
5,700,1
5,3900,8
5,800,1
5,3899,8
5,11401,24
5,2300,5
5,599,0
5,14801,1
5,7200,9
5,500,0
5,600,0
5,1300,1
5,7500,11
5,1300,1
5,2899,4
5,2901,4
5,1300,1
5,3800,5
5,4999,7
5,3501,5
5,6700,10
5,7400,10
5,6900,9
5,2000,2
5,1100,1
5,799,0
5,600,0
5,1501,1
5,3200,4
5,600,0
5,2501,3
5,5699,8
5,6900,11
5,600,0
5,5001,6
5,700,0
5,7101,10
5,699,0
5,5401,8
5,8300,14
5,9401,15
5,12400,21
5,1599,2
5,8101,13
5,1400,2
5,3599,4
5,22201,39
5,1401,1
5,2400,3
5,600,0
5,6500,11
5,1100,1
5,600,0
5,4900,9
5,3899,6
5,1401,2
5,4500,8
5,699,0
5,600,0
5,4301,6
5,600,0
5,2599,4
5,3200,4
5,500,0
5,600,0
5,3500,5
5,4100,5
5,1599,2
5,5401,9
5,5700,10
5,2899,5
5,1101,1
5,1900,2
5,6600,11
5,7800,4
5,1800,2
5,4400,6
5,2900,4
5,3500,5
5,9200,15
5,700,0
5,9600,15
5,899,1
5,4601,7
5,7900,12
5,2399,4
5,18401,33
5,900,1
5,1200,1
5,3200,4
5,600,0
5,7300,11
5,700,0
5,9400,15
5,10900,20
5,2000,2
5,2701,4
5,1300,1
5,6500,11
5,5100,10
5,7400,14
5,600,0
5,4599,8
5,3401,5
5,700,0
5,6600,13
5,12099,24
5,1000,1
5,2200,3
5,8700,14
5,4300,8
5,2200,3
5,5700,10
5,4699,10
5,5601,11
5,3900,7
5,1600,2
5,2499,4
5,1001,1
5,2700,4
5,600,0
5,700,0
5,10800,21
5,4200,8
5,4100,7
5,2400,5
5,500,0
5,10500,22
5,2800,5
5,400,0
5,3200,6
5,2000,3
5,4399,9
5,400,0
5,1101,1
5,1000,1
5,2300,4
5,3800,7
5,3600,7
5,5300,11
5,1400,2
5,400,0
5,14500,32
5,500,0
5,2099,3
5,3901,7
5,1000,1
5,500,0
5,3501,7
5,4599,9
5,1400,2
5,1500,2
5,2999,6
5,7800,17
5,1201,2
5,7200,16
5,4200,8
5,1399,2
5,900,1
5,1501,2
5,5099,10
5,10701,10
5,2400,5
5,11400,25
5,5099,10
5,3101,6
5,4499,10
5,8701,18
5,4800,10
5,1901,3
5,1200,2
5,5199,9
5,6900,10
5,4801,9
5,1999,3
5,500,0
5,901,1
5,5299,10
5,14901,29
5,400,0
5,2101,3
5,500,0
5,7200,14
5,1000,1
5,5800,11
5,2400,4
5,9699,22
5,1201,2
5,3000,7
5,2300,4
5,2601,6
5,1600,3
5,5200,12
5,2400,4
5,2199,4
5,400,0
5,600,0
5,6399,14
5,500,0
5,2800,4
5,9500,20
5,1401,2
5,1100,1
5,400,0
5,3700,6
5,2001,3
5,400,0
5,1300,2
5,1900,3
5,2699,5
5,1200,2
5,1700,3
5,1600,3
5,3200,6
5,1900,3
5,1600,2
5,1399,2
5,5401,10
5,900,1
5,5200,11
5,1500,2
5,400,0
5,499,0
5,2101,3
5,500,0
5,900,1
5,2000,3
5,2399,4
5,1900,3
5,4399,8
5,5101,10
5,2199,4
5,4401,8
5,2499,4
5,1401,2
5,3700,7
5,5400,9
5,2200,4
5,13900,26
5,4400,7
5,2200,3
5,500,0
5,1600,2
5,9701,18
5,3700,7
5,1899,3
5,3401,7
5,5400,10
5,1001,1
5,9800,21
5,400,0
5,700,1
5,5600,11
5,2800,5
5,1799,3
5,400,0
5,3900,8
5,1499,4
5,1701,3
5,3100,7
5,2499,5
5,400,0
5,4201,10
5,400,0
5,8400,20
5,1100,2
5,801,1
5,3500,7
5,3800,8
5,2400,0
5,4800,11
5,1600,3
5,1600,3
5,7800,18
5,1999,4
5,4601,9
5,1399,2
5,800,1
5,1301,2
5,1100,2
5,4799,9
5,800,1
5,800,1
5,1900,3
5,4000,8
5,2700,5
5,2399,4
5,3001,6
5,3500,7
5,3700,7
5,3799,7
5,1100,1
5,2501,4
5,2100,3
5,1499,2
5,2201,4
5,1100,1
5,3999,8
5,2701,5
5,500,0
5,500,0
5,900,1
5,1400,2
5,500,0
5,5500,12
5,3799,8
5,1801,3
5,5299,11
5,2201,4
5,2700,5
5,500,0
5,4701,9
5,3699,7
5,1401,2
5,2400,4
5,3299,6
5,6400,13
5,9101,19
5,2700,4
5,5200,9
5,4200,8
5,7100,14
5,1899,2
5,5001,9
5,2800,4
5,600,0
5,5999,7
5,2700,4
5,13500,26
5,7000,12
5,700,0
5,500,0
5,8100,16
5,3299,5
5,3401,5
5,1000,1
5,7700,13
5,1599,2
5,2101,3
5,4500,7
5,499,0
5,2001,3
5,4600,7
5,999,1
5,1101,1
5,500,0
5,6299,11
5,6599,12
5,15500,28
5,5901,11
5,1000,1
5,2801,4
5,2000,3
5,500,0
5,5100,8
5,500,0
5,1200,1
5,10299,18
5,601,0
5,3600,6
5,4100,6
5,3400,6
5,900,1
5,499,0
5,2201,4
5,4000,7
5,500,0
5,499,0
5,10501,21
5,4399,9
5,4901,9
5,16500,3
5,2499,5
5,1801,3
5,11500,17
5,499,0
5,1401,2
5,1000,1
5,2800,5
5,800,1
5,1000,1
5,9001,16
5,1600,2
5,2100,3
5,599,0
5,400,0
5,2101,3
5,1000,1
5,800,1
5,500,0
5,900,1
5,1799,2
5,2300,3
5,900,1
5,2999,5
5,10801,18
5,1400,2
5,600,0
5,499,0
5,5001,9
5,599,0
5,2501,4
5,5201,7
5,600,0
5,1699,2
5,1100,1
5,8100,14
5,1500,2
5,500,0
5,2699,5
5,501,0
5,8900,18
5,600,0
5,4399,8
5,1300,2
5,11400,20
5,1299,2
5,4501,8
5,4900,9
5,1500,2
5,7000,13
5,600,0
5,3299,5
5,1000,1
5,6199,12
5,1100,1
5,3200,5
5,10199,18
5,400,0
5,600,0
5,2500,4
5,800,1
5,6900,16
5,4700,9
5,7500,16
5,3499,8
5,1100,1
5,3001,5
5,1500,2
5,1099,1
5,400,0
5,1501,2
5,2300,3
5,3299,6
5,901,1
5,6399,12
5,901,1
5,2200,3
5,3399,6
5,2301,4
5,1300,2
5,1700,2
5,499,0
5,3199,5
5,3100,5
5,600,0
5,1400,2
5,4600,8
5,6900,12
5,600,0
5,6500,13
5,5300,10
5,900,1
5,700,0
5,500,0
5,6800,14
5,3999,8
5,3201,5
5,6600,13
5,6800,13
5,7100,12
5,2100,3
5,600,0
5,3900,6
5,3800,7
5,2300,3
5,900,1
5,500,0
5,10101,19
5,2600,4
5,400,0
5,499,0
5,900,1
5,3301,5
5,400,0
5,2799,5
5,1101,1
5,1900,3
5,1500,2
5,1599,2
5,1401,2
5,3200,5
5,500,0
5,10700,21
5,3100,5
5,3299,5
5,2701,4
5,900,1
5,500,0
5,1000,1
5,3601,6
5,5800,9
5,1100,1
5,6500,12
5,1200,1
5,2800,5
5,4899,10
5,1301,2
5,400,0
5,800,1
5,400,0
5,3200,8
5,9499,27
5,300,0
5,300,0
5,4000,10
5,600,0
5,1000,2
5,300,0
5,3801,11
5,1600,3
5,599,1
5,800,1
5,401,0
5,4800,9
5,1399,2
5,1601,2
5,2100,3
5,4800,8
5,3500,5
5,2599,6
5,1801,4
5,1600,4
5,700,1
5,1400,3
5,900,2
5,300,0
5,701,1
5,700,1
5,2800,7
5,600,1
5,300,0
5,799,1
5,4401,9
5,5900,12
5,4399,9
5,500,0
5,4300,10
5,1199,1
5,5601,10
5,30900,3
5,6000,2
5,700,0
5,600,0
5,1399,1
5,30200,19
5,3601,6
5,2099,2
5,1501,2
5,2900,4
5,1300,1
5,2001,2
5,3500,5
5,1899,3
5,2001,2
5,1200,1
5,5000,8
5,3900,6
5,3800,6
5,4799,7
5,8600,15
5,500,0
5,10600,23
5,5000,13
5,1000,2
5,1000,2
5,3699,8
5,1600,4
5,1500,3
5,900,1
5,400,0
5,3300,5
5,1300,2
5,3799,8
5,2201,4
5,5199,12
5,4301,7
5,1100,1
5,2800,5
5,900,1
5,6000,12
5,400,0
5,3300,5
5,1599,3
5,2901,6
5,1800,3
5,7200,16
5,1000,1
5,7300,13
5,1199,1
5,4701,9
5,3399,6
5,4701,8
5,2701,4
5,2901,6
5,1000,1
5,6900,14
5,2799,5
5,599,0
5,3501,10
5,600,1
5,2300,4
5,399,0
5,2301,4
5,800,1
5,2800,6
5,999,1
5,5601,14
5,400,0
5,3900,8
5,2500,6
5,200,0
5,1200,2
5,6300,14
5,2799,7
5,400,0
5,4201,10
5,900,1
5,400,0
5,299,0
5,2001,5
5,2400,6
5,1600,3
5,1000,2
5,1699,4
5,600,1
5,2300,6
5,500,1
5,2899,9
5,901,2
5,800,1
5,800,1
5,700,1
5,800,2
5,400,0
5,700,1
5,2199,5
5,5100,13
5,2199,6
5,1101,2
5,9400,20
5,2200,5
5,1599,4
5,500,0
5,3001,6
5,2500,6
5,7600,23
5,1399,3
5,1201,2
5,4899,15
5,1500,3
5,2699,7
5,8100,22
5,7400,21
5,3001,8
5,300,0
5,1700,4
5,600,1
5,5400,16
5,500,1
5,400,0
5,1100,2
5,400,0
5,2700,7
5,4200,14
5,400,0
5,3400,11
5,4999,13
5,901,2
5,1200,2
5,1800,5
5,300,0
5,700,1
5,1000,2
5,799,1
5,4101,10
5,2000,5
5,3500,11
5,800,1
5,400,0
5,200,0
5,900,2
5,1500,4
5,899,2
5,2501,7
5,1500,3
5,1800,5
5,3500,9
5,700,1
5,3700,11
5,399,1
5,900,2
5,2001,6
5,600,1
5,1300,3
5,300,0
5,700,1
5,3100,8
5,600,1
5,200,0
5,2900,8
5,2799,8
5,7300,24
5,400,0
5,1000,2
5,3099,9
5,2901,9
5,8000,24
5,1000,2
5,1000,2
5,599,1
5,2601,8
5,1000,3
5,1200,3
5,1100,3
5,500,1
5,200,0
5,3501,11
5,2000,6
5,400,0
5,200,0
5,999,3
5,900,2
5,1401,4
5,600,1
5,2700,9
5,2699,8
5,2601,9
5,600,1
5,1700,4
5,3100,10
5,700,2
5,1000,3
5,1700,5
5,1000,3
5,2199,7
5,1101,3
5,6299,20
5,801,2
5,2700,8
5,4900,18
5,4400,14
5,799,2
5,900,2
5,4200,15
5,5100,17
5,2100,7
5,300,0
5,600,1
5,300,0
5,1399,3
5,601,1
5,1100,3
5,400,0
5,500,1
5,900,2
5,601,1
5,1300,4
5,300,0
5,4499,16
5,2001,6
5,7300,26
5,2500,9
5,500,1
5,700,1
5,499,1
5,1300,3
5,4700,17
5,300,0
5,6800,23
5,800,2
5,4000,12
5,1300,4
5,2399,8
5,800,1
5,2001,7
5,2100,6
5,2999,11
5,5701,21
5,1799,5
5,500,1
5,1600,5
5,300,0
5,600,1
5,300,0
5,1900,7
5,1699,5
5,2301,7
5,2200,7
5,600,1
5,2099,7
5,1801,6
5,600,1
5,600,2
5,3499,12
5,300,0
5,1601,5
5,1100,3
5,2700,8
5,3600,11
5,600,1
5,4000,14
5,899,2
5,1001,2
5,900,2
5,500,1
5,10200,15
5,601,1
5,600,1
5,7600,28
5,2000,6
5,200,0
5,3900,14
5,1900,6
5,1000,3
5,1900,6
5,2501,8
5,400,1
5,300,0
5,2300,8
5,1400,4
5,499,1
5,1901,6
5,1000,2
5,1100,3
5,800,2
5,3499,13
5,1201,3
5,1200,3
5,2000,6
5,300,0
5,1399,4
5,2001,8
5,900,3
5,200,0
5,200,0
5,400,1
5,500,1
5,700,1
5,500,1
5,1099,3
5,200,0
5,1701,6
5,300,0
5,1000,3
5,200,0
5,2900,11
5,2301,7
5,1100,4
5,2400,7
5,300,0
5,1000,3
5,300,0
5,900,2
5,401,1
5,300,0
5,2900,11
5,900,2
5,200,0
5,899,2
5,1801,6
5,900,2
5,300,0
5,2799,10
5,3301,11
5,4399,15
5,300,0
5,2200,7
5,2100,7
5,700,2
5,1399,4
5,200,0
5,200,0
5,1200,4
5,300,0
5,300,0
5,600,1
5,1900,6
5,200,0
5,599,1
5,1801,6
5,200,0
5,500,1
5,1000,3
5,900,2
5,1400,5
5,1000,3
5,1901,6
5,300,0
5,2400,8
5,200,0
5,900,2
5,700,2
5,599,1
5,1300,4
5,4601,18
5,400,1
5,2099,7
5,401,0
5,800,2
5,2800,10
5,2199,7
5,3901,15
5,1700,5
5,400,0
5,1499,5
5,600,1
5,1101,3
5,200,0
5,2200,7
5,1600,4
5,999,3
5,300,0
5,400,1
5,5200,19
5,300,0
5,1400,4
5,699,1
5,1000,3
5,1401,4
5,800,2
5,1500,5
5,900,2
5,4800,18
5,1300,4
5,1400,4
5,1100,3
5,199,0
5,800,2
5,300,0
5,201,0
5,5400,22
5,1499,5
5,501,1
5,3900,14
5,300,0
5,2900,9
5,1700,6
5,2500,10
5,3300,12
5,1700,5
5,1800,6
5,500,1
5,1000,3
5,1200,4
5,1101,2
5,200,0
5,300,0
5,3000,11
5,6100,24
5,1400,5
5,2599,10
5,301,0
5,500,1
5,300,0
5,4300,10
5,1099,3
5,4001,16
5,1100,3
5,1399,4
5,500,1
5,700,2
5,200,0
5,1000,2
5,300,0
5,700,2
5,1200,4
5,1700,6
5,300,0
5,6800,21
5,1800,3
5,999,2
5,800,1
5,2400,6
5,600,1
5,600,1
5,300,0
5,400,0
5,300,0
5,3301,10
5,1300,3
5,400,0
5,700,1
5,7800,22
5,2400,5
5,1100,2
5,19299,37
5,1801,4
5,4500,12
5,3000,7
5,800,1
5,400,0
5,6100,14
5,900,1
5,900,1
5,2999,7
5,1901,6
5,1600,5
5,4500,18
5,1400,5
5,400,1
5,7600,29
5,1400,5
5,800,2
5,300,0
5,3700,14
5,400,1
5,300,0
5,3799,14
5,1601,5
5,700,2
5,500,1
5,500,1
5,1800,6
5,800,2
5,1399,5
5,301,0
5,2200,9
5,3300,12
5,300,0
5,900,3
5,3600,14
5,600,1
5,3000,11
5,300,0
5,1499,5
5,1000,3
5,300,0
5,800,2
5,200,0
5,300,0
5,6500,25
5,600,1
5,1300,4
5,300,0
5,500,1
5,1799,5
5,2001,7
5,11000,13
5,400,1
5,1399,5
5,700,2
5,400,1
5,1001,3
5,300,0
5,300,0
5,900,3
5,2300,8
5,599,1
5,1600,5
5,5100,20
5,1499,6
5,500,1
5,200,0
5,600,2
5,2700,10
5,1000,3
5,300,0
5,6100,23
5,2199,8
5,2001,7
5,300,0
5,3400,13
5,1899,7
5,1201,4
5,2800,9
5,1200,4
5,1499,5
5,700,2
5,801,2
5,2000,7
5,600,1
5,699,2
5,2301,8
5,500,1
5,500,1
5,3000,11
5,200,0
5,900,2
5,501,1
5,4100,16
5,1999,7
5,1501,5
5,200,0
5,500,1
5,1900,7
5,1000,3
5,700,2
5,1499,5
5,300,0
5,401,1
5,2700,10
5,900,3
5,3500,14
5,200,0
5,3800,14
5,4700,18
5,200,0
5,200,0
5,600,1
5,2600,10
5,699,2
5,400,1
5,300,0
5,1500,5
5,300,0
5,800,2
5,600,1
5,700,2
5,1200,4
5,699,2
5,2301,8
5,300,0
5,5299,21
5,601,1
5,3900,14
5,500,1
5,6300,24
5,1000,3
5,300,0
5,1599,6
5,1201,4
5,200,0
5,200,0
5,1300,4
5,2401,9
5,200,0
5,2400,10
5,1100,4
5,200,0
5,1899,6
5,1301,4
5,1200,4
5,600,1
5,500,1
5,1800,6
5,1500,5
5,4100,15
5,3800,15
5,800,2
5,2000,7
5,200,0
5,800,2
5,2199,8
5,1201,4
5,500,1
5,5899,22
5,3001,11
5,700,2
5,300,0
5,300,0
5,1400,4
5,199,0
5,800,2
5,1501,5
5,1000,3
5,3200,12
5,1199,4
5,500,1
5,1601,5
5,1100,4
5,700,2
5,200,0
5,500,1
5,300,0
5,700,2
5,299,0
5,3101,12
5,2700,10
5,200,0
5,500,1
5,3600,13
5,2300,8
5,200,0
5,3500,13
5,1100,3
5,800,2
5,800,2
5,799,2
5,2701,9
5,2100,8
5,9699,7
5,3101,12
5,2600,9
5,3100,13
5,1300,5
5,1000,3
5,1800,6
5,2199,8
5,2701,10
5,2000,7
5,300,0
5,2099,7
5,2201,8
5,2300,8
5,600,1
5,3300,8
5,700,1
5,600,1
5,800,2
5,200,0
5,500,1
5,500,1
5,5200,20
5,900,3
5,4099,15
5,701,2
5,500,1
5,500,1
5,200,0
5,200,0
5,800,2
5,200,0
5,1600,6
5,699,2
5,500,1
5,600,1
5,901,2
5,300,0
5,200,0
5,500,1
5,200,0
5,200,0
5,700,2
5,2899,12
5,801,3
5,2700,9
5,500,1
5,2799,11
5,4301,14
5,500,1
5,300,0
5,5299,21
5,2001,7
5,1500,5
5,500,1
5,200,0
5,300,0
5,1800,6
5,2200,7
5,1000,3
5,1600,5
5,1000,3
5,1200,4
5,5700,14
5,1899,4
5,1801,4
5,500,0
5,2100,5
5,2899,4
5,800,1
5,2100,5
5,1700,4
5,400,0
5,4400,10
5,10200,26
5,1199,2
5,2301,5
5,1300,3
5,600,1
5,800,1
5,300,0
5,300,0
5,1000,2
5,1901,5
5,900,0
5,300,0
5,3200,4
5,600,0
5,7400,17
5,700,1
5,400,0
5,9200,4
5,1099,2
5,2801,6
5,2200,5
5,1000,1
5,900,1
5,1301,2
5,1300,2
5,500,0
5,1300,2
5,1099,2
5,899,2
5,1701,3
5,800,1
5,6300,16
5,2900,8
5,1899,4
5,2601,5
5,6500,13
5,2600,4
5,1099,2
5,700,1
5,11101,24
5,9200,19
5,1799,3
5,3401,8
5,6700,14
5,6200,13
5,2100,4
5,900,1
5,900,1
5,900,1
5,900,1
5,400,0
5,3500,7
5,3200,7
5,4100,9
5,399,0
5,1601,3
5,17200,40
5,1100,1
5,3099,6
5,501,0
5,2300,5
5,1000,1
5,2199,4
5,1401,2
5,3900,8
5,1200,2
5,1000,1
5,4001,8
5,1100,1
5,500,0
5,3700,7
5,2200,4
5,500,0
5,5900,12
5,1100,1
5,3400,6
5,4800,10
5,799,1
5,2401,4
5,3400,6
5,3601,7
5,1400,2
5,1999,3
5,1501,2
5,900,1
5,1300,2
5,400,0
5,13100,28
5,500,0
5,2200,4
5,899,1
5,4301,8
5,5800,13
5,1400,2
5,2800,5
5,9100,19
5,1001,1
5,1800,3
5,10300,21
5,2601,5
5,3600,8
5,4400,10
5,2700,8
5,1199,4
5,1901,7
5,700,2
5,3300,13
5,9900,39
5,2000,7
5,200,0
5,2999,12
5,1801,7
5,200,0
5,200,0
5,600,1
5,4499,16
5,200,0
5,1701,6
5,500,1
5,3400,14
5,1599,6
5,700,2
5,4101,16
5,500,1
5,1000,3
5,1399,5
5,801,2
5,1900,7
5,800,2
5,3699,15
5,1201,4
5,600,1
5,300,0
5,6600,27
5,1301,4
5,2400,8
5,200,0
5,500,1
5,200,0
5,300,0
5,200,0
5,3500,13
5,1500,5
5,1700,6
5,1300,4
5,499,1
5,500,1
5,200,0
5,1601,5
5,1400,4
5,900,3
5,500,1
5,200,0
5,900,3
5,3000,11
5,2500,9
5,2000,7
5,2400,9
5,1000,3
5,800,2
5,200,0
5,3099,12
5,2601,10
5,1200,4
5,700,2
5,200,0
5,300,0
5,1599,5
5,1100,3
5,701,2
5,800,2
5,200,0
5,1900,7
5,200,0
5,1000,3
5,2399,9
5,5801,22
5,499,1
5,200,0
5,3501,14
5,1700,6
5,900,3
5,1099,3
5,3801,14
5,2000,7
5,200,0
5,2100,8
5,900,3
5,1000,3
5,500,1
5,999,3
5,600,1
5,801,2
5,700,2
5,1900,7
5,1800,6
5,200,0
5,2300,8
5,6199,26
5,200,0
5,2501,9
5,700,2
5,4099,16
5,1001,3
5,1100,4
5,1300,4
5,300,0
5,900,3
5,1499,5
5,1901,6
5,2800,11
5,2999,12
5,200,0
5,1701,6
5,2400,9
5,500,1
5,200,0
5,2499,9
5,1901,7
5,700,1
5,9400,39
5,2299,8
5,1301,5
5,3800,14
5,7100,28
5,500,1
5,4100,15
5,1800,6
5,2600,10
5,799,2
5,2601,9
5,1100,3
5,1000,3
5,1899,7
5,500,1
5,1401,4
5,900,2
5,500,1
5,300,0
5,1699,6
5,700,2
5,4401,17
5,4000,16
5,1900,7
5,800,2
5,200,0
5,4000,5
5,1900,7
5,1100,3
5,1700,6
5,1699,6
5,300,0
5,1200,4
5,1600,6
5,1500,5
5,1000,3
5,899,3
5,1001,3
5,2000,7
5,300,0
5,1300,4
5,300,0
5,2199,7
5,500,1
5,1001,3
5,2000,7
5,2200,8
5,2199,8
5,201,0
5,3000,11
5,200,0
5,1700,6
5,799,2
5,2601,9
5,1500,5
5,8300,33
5,500,1
5,1999,8
5,500,1
5,1001,3
5,3900,12
5,1299,4
5,2701,10
5,700,2
5,500,1
5,700,2
5,8500,35
5,500,1
5,3600,14
5,1900,7
5,4901,20
5,4300,17
5,700,2
5,500,1
5,2100,7
5,1500,5
5,4000,8
5,1200,4
5,800,2
5,1600,5
5,1199,4
5,901,2
5,1600,6
5,1000,3
5,1800,7
5,300,0
5,1900,7
5,4100,11
5,2599,10
5,2401,8
5,2100,8
5,900,3
5,4300,17
5,1300,4
5,300,0
5,300,0
5,3099,11
5,1001,3
5,1600,5
5,2500,6
5,3500,8
5,500,0
5,3899,6
5,5001,19
5,700,2
5,3000,11
5,1100,3
5,3500,13
5,500,1
5,299,0
5,800,2
5,1701,2
5,1000,3
5,500,1
5,900,3
5,2299,9
5,300,0
5,3801,15
5,500,1
5,1200,4
5,800,2
5,4100,16
5,299,0
5,1100,4
5,1101,4
5,600,1
5,1400,5
5,1200,4
5,1399,5
5,1300,4
5,901,3
5,5899,24
5,701,2
5,1300,4
5,700,2
5,1500,6
5,2199,8
5,500,1
5,2601,10
5,500,1
5,500,1
5,700,2
5,1799,7
5,500,1
5,600,2
5,2001,8
5,300,0
5,1900,7
5,1799,6
5,200,0
5,1901,7
5,700,2
5,200,0
5,1100,3
5,5100,21
5,500,1
5,800,2
5,300,0
5,1600,6
5,999,3
5,200,0
5,2901,12
5,300,0
5,700,2
5,1300,4
5,2499,9
5,1501,5
5,1500,5
5,300,0
5,1700,6
5,5100,19
5,2200,8
5,2099,8
5,2300,8
5,1200,4
5,1099,4
5,500,1
5,2201,8
5,1200,4
5,200,0
5,1200,4
5,900,3
5,1599,6
5,601,1
5,1300,5
5,1700,6
5,1000,3
5,300,0
5,5200,22
5,600,1
5,700,2
5,1399,5
5,2601,9
5,2900,11
5,500,1
5,1399,5
5,500,1
5,901,3
5,800,2
5,1200,3
5,1200,4
5,5500,21
5,800,2
5,2000,7
5,1299,4
5,700,2
5,701,2
5,1800,6
5,300,0
5,200,0
5,2400,9
5,2199,8
5,200,0
5,600,1
5,4500,17
5,4100,16
5,1100,4
5,500,1
5,700,2
5,300,0
5,599,2
5,5501,21
5,700,2
5,999,3
5,3201,13
5,300,0
5,1499,3
5,2201,5
5,1700,3
5,2600,6
5,4001,11
5,400,0
5,3099,9
5,1101,2
5,700,1
5,700,1
5,2700,7
5,3400,8
5,2100,4
5,2999,7
5,701,1
5,1100,2
5,800,1
5,1500,3
5,1699,5
5,300,0
5,500,1
5,2001,7
5,900,3
5,200,0
5,1600,6
5,6000,23
5,300,0
5,800,2
5,600,1
5,1399,5
5,3101,12
5,2000,7
5,300,0
5,800,3
5,1000,3
5,2101,8
5,500,1
5,2100,8
5,800,2
5,1199,4
5,3101,12
5,800,2
5,200,0
5,2200,8
5,1299,5
5,1001,3
5,1400,5
5,400,1
5,200,0
5,10899,46
5,400,1
5,300,0
5,2801,10
5,1900,7
5,700,2
5,200,0
5,4299,17
5,1000,3
5,1000,3
5,300,0
5,2000,7
5,700,2
5,300,0
5,3801,15
5,1000,3
5,1100,4
5,800,3
5,2099,8
5,500,1
5,400,1
5,300,0
5,1900,7
5,1300,4
5,700,2
5,1200,4
5,901,3
5,400,1
5,2800,10
5,500,1
5,300,0
5,500,1
5,800,2
5,700,2
5,601,1
5,200,0
5,900,3
5,2800,10
5,400,1
5,499,1
5,2201,8
5,2200,9
5,1200,4
5,200,0
5,200,0
5,2600,10
5,1100,3
5,800,2
5,5099,21
5,801,2
5,200,0
5,5099,20
5,600,1
5,3101,12
5,400,1
5,1100,4
5,2699,10
5,1100,4
5,1199,4
5,1000,3
5,9201,14
5,800,2
5,5200,17
5,200,0
5,1700,6
5,1100,3
5,1100,4
5,4700,18
5,500,1
5,300,0
5,2400,8
5,299,0
5,200,0
5,300,0
5,700,2
5,700,2
5,900,3
5,1000,3
5,1400,5
5,200,0
5,900,2
5,7400,31
5,2900,10
5,2200,8
5,400,1
5,500,1
5,800,2
5,699,2
5,3301,13
5,500,1
5,500,1
5,600,1
5,600,1
5,300,0
5,1199,4
5,1401,5
5,900,3
5,3700,14
5,300,0
5,499,1
5,3501,13
5,300,0
5,600,1
5,500,1
5,800,2
5,500,1
5,1399,5
5,801,2
5,200,0
5,300,0
5,700,2
5,2299,8
5,400,1
5,1301,4
5,1000,3
5,300,0
5,2100,8
5,500,1
5,1999,6
5,5000,21
5,999,2
5,4201,10
5,400,0
5,1300,3
5,700,1
5,4201,6
5,4400,10
5,7800,14
5,1600,3
5,900,1
5,1100,2
5,399,0
5,1901,4
5,3100,7
5,1400,3
5,500,0
5,600,0
5,800,1
5,7299,17
5,1800,5
5,1400,4
5,7700,24
5,600,1
5,2400,7
5,200,0
5,1800,5
5,300,0
5,6200,17
5,1500,2
5,800,1
5,1299,2
5,500,0
5,1801,4
5,3700,9
5,999,1
5,2401,4
5,1200,2
5,1200,3
5,1000,2
5,3300,10
5,300,0
5,800,2
5,2300,6
5,1300,3
5,400,0
5,3900,12
5,600,1
5,2500,8
5,2399,4
5,3801,8
5,1300,2
5,899,1
5,3101,5
5,600,0
5,4399,13
5,2201,6
5,1700,6
5,300,0
5,300,0
5,500,1
5,599,1
5,900,2
5,3301,12
5,800,2
5,300,0
5,3400,11
5,900,2
5,300,0
5,600,1
5,2000,6
5,800,2
5,1099,2
5,1801,6
5,1700,3
5,1500,2
5,2800,6
5,400,0
5,600,0
5,2300,4
5,1200,2
5,2700,5
5,300,0
5,300,0
5,500,1
5,800,2
5,4400,12
5,3300,7
5,500,0
5,3700,10
5,3100,7
5,2099,5
5,401,0
5,4300,10
5,1999,4
5,2401,5
5,5400,12
5,4501,11
5,9400,25
5,700,1
5,5401,14
5,7100,20
5,300,0
5,1499,3
5,300,0
5,1401,3
5,2000,4
5,800,1
5,999,2
5,3701,9
5,2600,6
5,1099,3
5,1601,5
5,1400,5
5,200,0
5,300,0
5,7600,27
5,1800,6
5,5600,20
5,1100,3
5,6600,24
5,700,2
5,900,2
5,6400,17
5,500,1
5,1799,2
5,300,0
5,2801,9
5,600,1
5,300,0
5,1800,6
5,1699,5
5,4801,16
5,3500,13
5,500,1
5,500,1
5,300,0
5,4599,17
5,3901,14
5,4700,18
5,300,0
5,2500,8
5,900,2
5,800,2
5,1199,4
5,400,0
5,4601,10
5,4600,11
5,2800,7
5,3999,9
5,2801,6
5,2800,6
5,999,1
5,1801,4
5,1100,2
5,6100,15
5,800,1
5,500,0
5,1600,3
5,500,0
5,1699,3
5,4301,9
5,900,1
5,400,0
5,600,0
5,1201,2
5,700,1
5,2300,5
5,3700,9
5,400,0
5,3800,10
5,8000,18
5,2101,6
5,1900,6
5,2900,11
5,299,0
5,300,0
5,700,2
5,1401,5
5,700,2
5,4099,15
5,2801,11
5,1800,6
5,1300,4
5,1799,6
5,5201,19
5,300,0
5,2099,7
5,2401,8
5,1000,3
5,1400,4
5,900,2
5,799,2
5,4101,15
5,1900,6
5,3300,13
5,500,1
5,1100,3
5,1100,4
5,200,0
5,600,1
5,1500,5
5,1300,4
5,1000,3
5,999,3
5,300,0
5,2601,8
5,1600,5
5,900,3
5,3600,13
5,1000,3
5,700,2
5,500,1
5,1100,3
5,3000,11
5,600,1
5,2000,7
5,5500,20
5,200,0
5,200,0
5,4599,16
5,1301,4
5,2000,6
5,5600,22
5,2300,8
5,1000,3
5,2799,11
5,1001,3
5,700,2
5,3400,8
5,1499,2
5,1200,2
5,400,0
5,900,1
5,500,1
5,6700,25
5,900,2
5,300,0
5,1000,3
5,1200,3
5,699,2
5,1000,2
5,801,2
5,800,2
5,4100,14
5,499,1
5,3801,13
5,700,2
5,3399,12
5,1901,7
5,1400,4
5,500,1
5,6800,26
5,2501,8
5,3500,12
5,800,2
5,2301,8
5,1400,4
5,700,2
5,400,1
5,800,2
5,800,2
5,1999,6
5,3301,13
5,2100,7
5,200,0
5,1100,3
5,7900,30
5,501,1
5,800,2
5,2200,9
5,700,2
5,800,2
5,899,3
5,3201,12
5,1400,5
5,3099,12
5,25301,21
5,500,1
5,700,2
5,1700,5
5,2700,10
5,300,0
5,1200,4
5,4699,18
5,1801,6
5,3000,11
5,300,0
5,400,1
5,3400,12
5,2100,7
5,700,2
5,500,1
5,1799,7
5,2401,8
5,1500,0
5,1000,3
5,3600,14
5,400,1
5,1200,3
5,6100,14
5,400,1
5,900,3
5,1300,4
5,900,2
5,4299,18
5,401,1
5,200,0
5,3200,12
5,900,2
5,300,0
5,400,0
5,800,2
5,1201,4
5,900,2
5,900,3
5,4399,16
5,1001,3
5,4200,16
5,300,0
5,3400,12
5,1000,3
5,2500,9
5,4100,15
5,700,2
5,300,0
5,800,2
5,3999,14
5,10600,16
5,1900,6
5,2700,10
5,500,1
5,2500,10
5,1000,3
5,700,2
5,2200,7
5,400,1
5,1500,5
5,1100,3
5,800,2
5,2799,11
5,4201,17
5,1000,3
5,300,0
5,2900,11
5,1500,5
5,300,0
5,4099,16
5,400,0
5,700,2
5,3100,12
5,3399,13
5,2200,8
5,1400,5
5,800,2
5,2399,9
5,200,0
5,1499,5
5,1100,4
5,3900,15
5,2699,10
5,3601,13
5,300,0
5,500,1
5,3199,11
5,2901,10
5,1800,6
5,300,0
5,5600,21
5,600,1
5,2099,7
5,300,0
5,1101,3
5,1000,3
5,2500,9
5,1400,5
5,999,3
5,2201,8
5,600,1
5,1400,4
5,1700,6
5,2299,9
5,2001,8
5,600,1
5,3199,7
5,6401,16
5,200,0
5,3500,12
5,1300,3
5,3299,10
5,3701,9
5,400,0
5,1200,2
5,400,0
5,1099,2
5,400,0
5,2601,6
5,400,0
5,2999,7
5,800,1
5,3401,7
5,4400,10
5,1400,4
5,1900,7
5,200,0
5,1399,5
5,300,0
5,1601,6
5,1700,6
5,3901,14
5,700,2
5,1200,4
5,3100,6
5,700,2
5,500,1
5,1700,6
5,900,3
5,1700,6
5,4100,12
5,700,2
5,400,1
5,2200,8
5,2400,9
5,500,1
5,400,1
5,300,0
5,700,1
5,200,0
5,799,2
5,2001,7
5,1600,5
5,500,1
5,1200,4
5,2499,10
5,201,0
5,300,0
5,200,0
5,1000,3
5,1100,3
5,500,1
5,300,0
5,1000,3
5,2900,11
5,300,0
5,1900,7
5,3299,12
5,2501,9
5,900,3
5,300,0
5,900,3
5,1100,4
5,4400,17
5,1800,7
5,1800,6
5,799,2
5,700,2
5,3600,14
5,400,1
5,2199,8
5,1401,5
5,800,2
5,900,2
5,800,2
5,2101,7
5,1200,4
5,2400,9
5,200,0
5,1100,3
5,1799,7
5,600,1
5,1200,4
5,800,2
5,2899,11
5,3501,14
5,500,1
5,400,1
5,400,1
5,300,0
5,5200,20
5,300,0
5,200,0
5,4499,17
5,300,0
5,301,0
5,2100,8
5,700,2
5,3399,12
5,3201,13
5,600,1
5,1600,6
5,800,2
5,8500,29
5,4501,12
5,200,0
5,4500,16
5,700,2
5,4699,18
5,500,1
5,3901,14
5,3900,14
5,300,0
5,1800,6
5,300,0
5,500,1
5,1800,7
5,200,0
5,1099,3
5,200,0
5,3101,13
5,1200,4
5,800,2
5,600,2
5,5501,22
5,900,3
5,2101,7
5,500,1
5,1200,4
5,3199,12
5,600,1
5,1400,5
5,200,0
5,600,1
5,1400,4
5,500,1
5,1000,2
5,199,0
5,300,0
5,700,2
5,2001,7
5,8000,31
5,500,1
5,1200,4
5,2199,8
5,300,0
5,500,1
5,1301,4
5,3300,12
5,2199,8
5,4301,15
5,2200,8
5,3801,14
5,2600,9
5,1799,6
5,700,2
5,1701,6
5,1100,3
5,1700,6
5,900,2
5,199,0
5,1400,5
5,1700,6
5,800,2
5,800,2
5,1100,3
5,1499,5
5,700,2
5,1401,5
5,300,0
5,4899,13
5,400,0
5,801,1
5,1000,1
5,900,1
5,2600,9
5,1500,5
5,901,3
5,2700,11
5,500,1
5,1501,5
5,600,1
5,2300,8
5,500,1
5,500,1
5,500,1
5,800,2
5,200,0
5,300,0
5,301,0
5,3200,13
5,1200,4
5,700,2
5,1000,3
5,601,1
5,3100,12
5,3899,15
5,1101,3
5,200,0
5,2400,9
5,600,2
5,7400,29
5,1200,4
5,1601,6
5,400,1
5,1500,5
5,1800,6
5,800,2
5,4400,17
5,1700,6
5,1200,4
5,5200,14
5,500,1
5,3999,16
5,4801,19
5,1099,4
5,500,1
5,2101,7
5,3100,11
5,1300,4
5,2100,8
5,300,0
5,2900,11
5,400,0
5,1400,5
5,1699,6
5,1001,3
5,500,1
5,500,1
5,3000,12
5,699,2
5,5099,20
5,4001,15
5,700,2
5,500,1
5,2799,11
5,1501,5
5,400,1
5,1000,3
5,1900,7
5,899,3
5,2401,9
5,700,2
5,4499,18
5,500,1
5,401,1
5,1000,4
5,1300,4
5,2200,8
5,200,0
5,199,0
5,600,1
5,200,0
5,1101,3
5,1400,5
5,2800,11
5,899,3
5,400,1
5,800,2
5,901,3
5,1900,7
5,200,0
5,600,1
5,200,0
5,200,0
5,1499,5
5,400,0
5,1201,4
5,500,1
5,2700,9
5,2499,9
5,1000,3
5,1300,5
5,1700,6
5,2999,11
5,500,1
5,300,0
5,901,3
5,500,1
5,200,0
5,200,0
5,300,0
5,1300,4
5,1300,4
5,599,2
5,1100,3
5,700,2
5,700,2
5,2499,9
5,1100,3
5,1501,5
5,3700,14
5,1299,4
5,700,2
5,1301,5
5,300,0
5,1500,5
5,200,0
5,1000,3
5,1799,7
5,1101,3
5,1700,5
5,8200,18
5,1000,3
5,1200,4
5,600,2
5,2100,8
5,300,0
5,800,3
5,2000,8
5,2000,8
5,2500,9
5,4900,21
5,799,3
5,500,1
5,401,1
5,200,0
5,2000,8
5,1500,6
5,500,1
5,4200,14
5,3500,8
5,299,0
5,1000,2
5,601,2
5,1200,4
5,700,2
5,2300,9
5,2199,8
5,1101,4
5,1000,3
5,2900,13
5,1000,3
5,300,0
5,500,1
5,1801,7
5,1800,7
5,300,0
5,2200,8
5,700,2
5,4600,18
5,500,1
5,400,1
5,400,1
5,1600,6
5,2499,10
5,3201,12
5,800,2
5,1600,6
5,2299,9
5,1001,3
5,1000,3
5,500,1
5,1700,6
5,1799,7
5,800,3
5,401,1
5,600,2
5,2800,11
5,3399,14
5,1701,6
5,200,0
5,1800,7
5,900,4
5,1599,6
5,1901,7
5,1600,5
5,4199,18
5,2301,9
5,200,0
5,1900,7
5,3600,14
5,800,3
5,2500,10
5,900,3
5,2899,11
5,700,2
5,500,1
5,1600,6
5,900,3
5,1699,6
5,2801,10
5,1700,6
5,800,2
5,1100,4
5,799,3
5,1601,6
5,1700,7
5,1300,5
5,800,2
5,2201,8
5,5599,23
5,1201,4
5,1100,4
5,1100,4
5,500,1
5,2999,12
5,1101,4
5,200,0
5,3100,13
5,700,2
5,999,3
5,2201,9
5,2600,10
5,1000,3
5,600,2
5,200,0
5,299,0
5,800,2
5,3801,16
5,900,3
5,2499,10
5,1801,6
5,2100,8
5,4300,18
5,1200,4
5,700,2
5,300,0
5,1200,4
5,1200,4
5,2299,9
5,2001,8
5,1100,4
5,700,2
5,200,0
5,2799,11
5,4601,19
5,4000,9
5,700,1
5,2100,5
5,900,3
5,799,3
5,600,1
5,2001,8
5,2000,8
5,900,3
5,200,0
5,2199,9
5,200,0
5,1601,6
5,1000,3
5,2900,12
5,1900,7
5,3000,12
5,4001,17
5,5400,22
5,2300,8
5,2200,9
5,1599,6
5,200,0
5,2201,8
5,2400,10
5,500,1
5,400,1
5,1799,7
5,401,1
5,2400,10
5,200,0
5,300,0
5,1000,3
5,500,1
5,2600,6
5,400,0
5,2000,4
5,1800,4
5,799,1
5,1201,2
5,1800,4
5,1700,6
5,1200,4
5,1499,5
5,2901,12
5,1400,5
5,2099,7
5,800,2
5,2501,10
5,2900,12
5,2500,9
5,2400,9
5,200,0
5,1500,5
5,800,2
5,2800,11
5,2000,7
5,1800,7
5,1399,5
5,1401,5
5,2300,9
5,300,0
5,200,0
5,2100,8
5,699,2
5,5201,22
5,801,2
5,2000,8
5,500,1
5,2999,12
5,1300,5
5,4101,17
5,900,3
5,799,3
5,700,2
5,300,0
5,2201,8
5,700,2
5,500,1
5,1300,4
5,400,1
5,899,3
5,200,0
5,3001,12
5,1100,4
5,500,1
5,500,1
5,2999,7
5,2700,12
5,4099,18
5,2501,9
5,500,1
5,300,0
5,2000,8
5,4200,17
5,2500,10
5,1699,6
5,200,0
5,3701,15
5,700,2
5,200,0
5,700,2
5,1100,3
5,799,3
5,4901,21
5,1000,4
5,1999,8
5,701,2
5,3600,16
5,500,1
5,800,2
5,1300,5
5,401,1
5,900,3
5,300,0
5,200,0
5,2500,10
5,500,1
5,5500,23
5,3800,16
5,2600,10
5,2699,11
5,1601,6
5,1600,6
5,2100,7
5,200,0
5,1499,5
5,1401,5
5,900,3
5,200,0
5,1300,4
5,3499,14
5,200,0
5,1800,6
5,400,1
5,3300,13
5,1299,5
5,801,2
5,500,1
5,1400,5
5,1200,4
5,400,1
5,2499,10
5,300,0
5,201,0
5,900,3
5,300,0
5,200,0
5,2700,10
5,1499,6
5,1901,7
5,1000,3
5,2100,8
5,1500,5
5,1299,5
5,701,2
5,300,0
5,500,1
5,4600,19
5,1299,4
5,601,2
5,800,2
5,1900,7
5,700,2
5,1500,6
5,299,0
5,400,1
5,1401,5
5,1800,7
5,3999,16
5,1100,4
5,5000,21
5,4100,17
5,500,1
5,1599,6
5,700,2
5,400,1
5,700,2
5,900,3
5,2800,12
5,3000,3
5,600,1
5,1300,5
5,1800,7
5,300,0
5,400,1
5,699,2
5,2401,10
5,1100,4
5,2100,9
5,700,2
5,1499,5
5,2801,10
5,1600,6
5,2399,9
5,1201,4
5,800,3
5,1600,6
5,800,2
5,2299,9
5,2601,10
5,600,2
5,1000,3
5,600,2
5,500,1
5,500,1
5,3100,14
5,1000,4
5,1300,5
5,800,2
5,1100,4
5,499,1
5,1601,6
5,3400,14
5,200,0
5,2799,11
5,2301,9
5,1900,7
5,300,0
5,200,0
5,700,2
5,1399,4
5,701,2
5,500,1
5,2300,9
5,1599,6
5,701,2
5,1400,5
5,800,2
5,200,0
5,700,2
5,900,3
5,1099,4
5,500,1
5,200,0
5,501,1
5,300,0
5,2600,10
5,2799,12
5,800,2
5,901,3
5,200,0
5,900,3
5,2200,9
5,2399,9
5,500,1
5,1501,5
5,200,0
5,300,0
5,200,0
5,300,0
5,1000,3
5,1999,8
5,400,1
5,2301,9
5,800,2
5,300,0
5,1300,5
5,1500,6
5,1899,7
5,700,2
5,1200,4
5,4499,19
5,200,0
5,400,1
5,500,1
5,1200,5
5,1400,5
5,2299,9
5,300,0
5,1000,3
5,1801,7
5,400,1
5,1300,5
5,6200,26
5,600,2
5,1700,6
5,300,0
5,900,2
5,2900,12
5,500,1
5,200,0
5,300,0
5,3700,16
5,500,1
5,1200,4
5,300,0
5,700,2
5,2299,9
5,801,3
5,500,1
5,300,0
5,2800,11
5,3000,12
5,800,2
5,200,0
5,300,0
5,2500,10
5,1200,4
5,1499,5
5,200,0
5,3300,14
5,900,3
5,4100,17
5,1500,6
5,300,0
5,200,0
5,3099,13
5,500,1
5,801,3
5,1000,3
5,800,3
5,1200,4
5,1900,7
5,599,2
5,800,2
5,3701,15
5,1100,4
5,1899,7
5,2701,10
5,800,2
5,200,0
5,200,0
5,2699,11
5,2501,10
5,3200,13
5,600,2
5,1799,7
5,1301,5
5,1500,5
5,200,0
5,300,0
5,701,2
5,400,1
5,1200,5
5,4499,19
5,2001,7
5,1200,4
5,900,3
5,1500,6
5,1799,7
5,1401,5
5,2500,10
5,300,0
5,1700,7
5,1199,4
5,601,2
5,200,0
5,700,2
5,1000,4
5,200,0
5,1500,5
5,900,3
5,1699,6
5,701,2
5,1100,4
5,700,2
5,2800,12
5,999,3
5,200,0
5,1201,4
5,200,0
5,500,1
5,1800,7
5,500,1
5,200,0
5,900,3
5,300,0
5,200,0
5,299,0
5,500,1
5,1201,5
5,1500,6
5,1400,5
5,700,2
5,600,2
5,3800,15
5,2800,11
5,1699,6
5,1200,5
5,200,0
5,3000,12
5,700,2
5,200,0
5,2701,10
5,1600,6
5,200,0
5,4100,12
5,4999,12
5,200,0
5,5401,22
5,900,3
5,899,3
5,7700,33
5,2201,8
5,2200,9
5,1100,4
5,2699,10
5,2601,10
5,3300,10
5,700,2
5,2801,11
5,5499,22
5,200,0
5,700,2
5,2000,8
5,2599,10
5,2401,7
5,600,1
5,200,0
5,800,2
5,3599,11
5,400,1
5,4801,18
5,3300,12
5,2500,9
5,500,1
5,3199,12
5,4301,16
5,3599,14
5,3901,14
5,300,0
5,1300,5
5,599,1
5,1701,6
5,1900,7
5,3699,15
5,500,1
5,7900,27
5,300,0
5,2300,8
5,1900,7
5,300,0
5,499,1
5,700,2
5,2200,7
5,1199,4
5,900,3
5,1701,6
5,1000,3
5,1100,3
5,600,1
5,300,0
5,200,0
5,899,3
5,1901,7
5,1500,6
5,2000,7
5,1000,3
5,799,2
5,4001,15
5,8100,32
5,800,2
5,300,0
5,600,2
5,300,0
5,5500,22
5,2399,9
5,1200,4
5,1801,6
5,200,0
5,2700,11
5,800,2
5,599,1
5,7100,26
5,1501,3
5,500,0
5,1900,4
5,4900,12
5,2501,7
5,1900,2
5,2200,2
5,1599,6
5,1301,4
5,300,0
5,2400,9
5,2499,9
5,2201,9
5,2600,10
5,1400,5
5,600,1
5,700,2
5,4401,11
5,4800,11
5,2100,3
5,3699,11
5,4701,20
5,1900,6
5,3700,15
5,5499,23
5,901,3
5,500,1
5,700,2
5,3100,13
5,200,0
5,999,3
5,500,1
5,1501,6
5,1800,6
5,2000,8
5,1599,6
5,601,2
5,700,2
5,800,3
5,1400,5
5,2000,8
5,2100,7
5,500,1
5,500,1
5,4400,12
5,200,0
5,300,0
5,2401,9
5,1600,6
5,2699,11
5,700,2
5,300,0
5,2901,12
5,4299,17
5,1001,3
5,3900,15
5,500,1
5,2299,9
5,3901,16
5,1000,3
5,400,1
5,2100,8
5,2800,11
5,3199,14
5,3401,13
5,2200,8
5,300,0
5,600,2
5,1199,4
5,500,1
5,2401,5
5,2400,9
5,3300,13
5,300,0
5,5600,24
5,2600,11
5,300,0
5,800,2
5,1199,5
5,1701,8
5,700,2
5,300,0
5,700,2
5,1000,4
5,3299,13
5,501,1
5,200,0
5,2600,9
5,200,0
5,1400,5
5,1499,5
5,2201,8
5,1300,5
5,1700,7
5,400,1
5,899,3
5,1401,5
5,1500,5
5,200,0
5,1100,4
5,800,2
5,700,2
5,1999,8
5,601,2
5,1400,5
5,300,0
5,2700,10
5,1399,6
5,2501,10
5,600,1
5,200,0
5,500,1
5,2200,9
5,4200,17
5,300,0
5,500,1
5,2200,8
5,699,2
5,1400,5
5,701,2
5,1200,4
5,1100,4
5,300,0
5,9400,20
5,200,0
5,300,0
5,700,2
5,300,0
5,5400,23
5,400,1
5,1400,5
5,1000,3
5,400,1
5,400,1
5,2300,9
5,3000,12
5,600,2
5,500,1
5,200,0
5,1000,3
5,900,3
5,4301,17
5,200,0
5,1200,4
5,2600,10
5,1800,7
5,600,1
5,300,0
5,900,3
5,300,0
5,1000,3
5,200,0
5,1300,4
5,201,0
5,2000,7
5,1900,7
5,1200,4
5,299,0
5,400,1
5,600,2
5,3201,13
5,200,0
5,5900,25
5,600,1
5,2600,11
5,599,1
5,400,1
5,1000,3
5,1200,4
5,2100,8
5,2000,8
5,299,0
5,5101,21
5,2100,8
5,2901,11
5,1100,4
5,300,0
5,800,3
5,2399,10
5,300,0
5,600,1
5,200,0
5,1100,4
5,1200,4
5,200,0
5,500,1
5,399,1
5,200,0
5,2001,8
5,1600,6
5,400,1
5,500,1
5,600,2
5,900,3
5,2800,11
5,700,2
5,3100,13
5,500,1
5,1399,5
5,200,0
5,300,0
5,301,0
5,300,0
5,400,1
5,4899,21
5,1901,7
5,200,0
5,200,0
5,1500,5
5,2600,11
5,1099,4
5,500,1
5,2001,8
5,1000,3
5,500,1
5,3099,12
5,1101,4
5,500,1
5,2200,8
5,400,1
5,3299,15
5,1101,4
5,3000,12
5,1700,6
5,301,0
5,700,2
5,1100,4
5,300,0
5,200,0
5,3899,15
5,500,1
5,500,1
5,1800,7
5,1499,5
5,1401,5
5,300,0
5,2800,11
5,1000,3
5,700,2
5,200,0
5,899,3
5,1401,5
5,1500,5
5,700,2
5,2500,10
5,2700,11
5,500,1
5,3400,13
5,500,1
5,1299,4
5,2201,9
5,1400,5
5,300,0
5,900,3
5,1599,5
5,300,0
5,1501,6
5,500,1
5,2600,11
5,2499,11
5,3901,16
5,4599,19
5,3501,14
5,400,1
5,700,2
5,1899,7
5,2801,11
5,700,2
5,300,0
5,1400,5
5,3900,16
5,200,0
5,900,2
5,600,1
5,700,2
5,1400,5
5,2100,8
5,1600,6
5,900,3
5,700,2
5,1800,7
5,2300,9
5,1100,4
5,2100,8
5,6600,27
5,1000,3
5,5199,22
5,1000,3
5,300,0
5,400,1
5,1400,5
5,900,3
5,800,2
5,400,1
5,900,3
5,800,2
5,2901,11
5,1600,6
5,500,1
5,200,0
5,800,2
5,1299,4
5,701,2
5,700,2
5,2100,2
5,500,1
5,1400,5
5,1099,3
5,1101,4
5,1700,6
5,300,0
5,1400,5
5,2799,10
5,1101,4
5,2500,9
5,400,1
5,1000,3
5,3200,8
5,400,0
5,3000,4
5,300,0
5,2099,5
5,1400,2
5,5099,18
5,400,1
5,1201,4
5,300,0
5,1700,6
5,1100,4
5,700,2
5,200,0
5,4100,17
5,1000,1
5,6900,19
5,2500,7
5,1000,2
5,701,1
5,2500,7
5,1400,3
5,3099,8
5,13001,32
5,399,0
5,300,0
5,300,0
5,601,1
5,5799,17
5,1501,4
5,400,0
5,600,1
5,2400,8
5,1000,2
5,3400,11
5,300,0
5,1200,3
5,2899,8
5,2501,7
5,300,0
5,1500,3
5,3299,9
5,3501,9
5,300,0
5,5700,23
5,400,1
5,200,0
5,5300,22
5,1900,8
5,300,0
5,1000,3
5,3700,15
5,2800,11
5,400,0
5,2399,9
5,1401,5
5,6399,27
5,1501,6
5,4300,17
5,1799,7
5,701,2
5,800,2
5,200,0
5,300,0
5,3600,15
5,200,0
5,400,1
5,1301,4
5,900,3
5,4499,18
5,300,0
5,1701,7
5,200,0
5,899,3
5,500,1
5,2801,10
5,1600,6
5,900,3
5,200,0
5,4400,18
5,300,0
5,1000,3
5,2499,10
5,4201,17
5,1500,6
5,999,3
5,200,0
5,2001,8
5,1400,5
5,1100,3
5,2199,9
5,2101,8
5,3100,12
5,200,0
5,1999,8
5,901,3
5,200,0
6,17501,0
6,2900,8
6,2300,7
6,11399,25
6,500,0
6,400,0
6,5100,16
6,1900,6
6,5000,17
6,4800,16
6,600,1
6,800,2
6,300,0
6,500,1
6,599,1
6,1901,5
6,2400,8
6,900,2
6,1500,4
6,499,1
6,4101,14
6,1000,3
6,1000,3
6,2800,8
6,8100,28
6,3600,12
6,1599,5
6,2701,9
6,3600,8
6,500,0
6,400,0
6,4399,9
6,400,0
6,1300,4
6,900,2
6,3699,13
6,7101,19
6,3401,8
6,1200,2
6,4600,10
6,5000,11
6,3900,9
6,4799,11
6,501,0
6,10000,25
6,4199,10
6,3500,8
6,1900,6
6,2800,10
6,2600,9
6,2199,7
6,1300,4
6,2401,8
6,6900,25
6,600,1
6,300,0
6,3899,14
6,200,0
6,3401,12
6,1600,5
6,700,2
6,999,3
6,1301,4
6,1300,4
6,500,1
6,4599,17
6,1001,3
6,10700,9
6,5600,21
6,500,0
6,3799,9
6,3801,10
6,1300,3
6,8699,22
6,10901,27
6,400,0
6,900,1
6,400,0
6,1999,4
6,4800,11
6,500,0
6,3099,11
6,501,1
6,300,0
6,300,0
6,2600,11
6,6500,16
6,300,0
6,5000,12
6,500,0
6,1600,3
6,400,0
6,1000,1
6,499,0
6,1301,2
6,1300,2
6,5499,15
6,300,0
6,9400,24
6,2700,6
6,2700,6
6,800,1
6,1300,2
6,1200,2
6,500,0
6,6900,16
6,1399,3
6,4501,7
6,800,1
6,2399,5
6,5301,11
6,4700,8
6,500,0
6,500,0
6,4500,9
6,1000,0
6,9700,22
6,3700,7
6,900,1
6,8500,18
6,3099,6
6,3401,7
6,3099,6
6,1101,2
6,1500,2
6,10500,22
6,2900,5
6,3800,7
6,500,0
6,1099,1
6,11000,22
6,1200,2
6,2199,4
6,1701,3
6,500,0
6,12499,26
6,2700,6
6,2899,6
6,2001,4
6,4300,7
6,1499,2
6,3301,5
6,3099,5
6,4001,7
6,600,0
6,6400,12
6,2700,5
6,500,0
6,1001,1
6,8300,17
6,1700,3
6,1200,2
6,1200,1
6,4801,11
6,1300,2
6,1599,3
6,2301,5
6,1300,2
6,900,1
6,4300,10
6,500,0
6,2600,5
6,3500,8
6,2500,5
6,3800,8
6,5600,12
6,500,0
6,1801,3
6,6199,14
6,3600,8
6,3799,8
6,2900,6
6,2100,4
6,1699,3
6,4800,11
6,3100,6
6,2500,6
6,3199,10
6,1301,3
6,3400,7
6,1300,2
6,1401,2
6,900,1
6,6100,13
6,1200,3
6,300,0
6,1600,4
6,900,1
6,400,0
6,1699,3
6,2200,4
6,3200,6
6,2301,4
6,1000,1
6,2700,5
6,2499,8
6,2501,8
6,500,0
6,1400,2
6,3800,9
6,2000,4
6,900,1
6,5200,11
6,1600,2
6,400,0
6,3800,9
6,500,0
6,3200,7
6,4300,9
6,3300,8
6,8700,21
6,3301,7
6,500,0
6,4100,9
6,1600,3
6,1400,2
6,1200,2
6,799,1
6,5301,8
6,1000,0
6,1901,1
6,2200,3
6,12300,29
6,800,1
6,2500,5
6,500,0
6,899,1
6,3801,11
6,800,1
6,300,0
6,4200,13
6,800,2
6,3500,11
6,7400,17
6,1700,3
6,4200,9
6,2400,8
6,400,1
6,6200,24
6,300,0
6,3299,12
6,1201,4
6,900,3
6,600,1
6,2200,8
6,1100,3
6,1299,3
6,1001,3
6,2900,10
6,5300,21
6,900,3
6,3699,10
6,1701,3
6,8500,21
6,1700,3
6,3900,10
6,1000,2
6,500,1
6,300,0
6,2200,8
6,1399,4
6,300,0
6,900,3
6,1101,3
6,600,1
6,2100,7
6,4400,11
6,4300,11
6,2400,6
6,900,1
6,1100,2
6,800,1
6,2799,7
6,1801,4
6,900,2
6,1700,3
6,6200,15
6,700,1
6,500,0
6,500,0
6,4600,10
6,3099,9
6,300,0
6,900,3
6,1801,6
6,1000,2
6,2899,9
6,4901,6
6,500,1
6,1699,6
6,501,1
6,500,1
6,4000,10
6,1599,0
6,2201,5
6,2400,6
6,1300,2
6,5601,14
6,10499,30
6,900,1
6,1700,3
6,400,0
6,800,1
6,1799,4
6,3101,7
6,3100,7
6,5501,12
6,900,1
6,3300,8
6,1900,7
6,1100,3
6,500,1
6,700,2
6,1199,4
6,500,1
6,801,2
6,10000,16
6,2899,10
6,300,0
6,300,0
6,11401,43
6,800,2
6,700,2
6,999,3
6,2301,8
6,3400,12
6,7500,28
6,800,2
6,399,0
6,1801,7
6,800,2
6,800,2
6,500,1
6,1300,4
6,800,2
6,699,2
6,7600,29
6,300,0
6,600,1
6,300,0
6,299,0
6,3601,14
6,3100,12
6,1599,6
6,1601,5
6,2300,8
6,6300,24
6,1900,7
6,500,1
6,5400,21
6,9700,35
6,2599,8
6,1601,3
6,5399,10
6,1100,2
6,2200,5
6,4299,10
6,13501,40
6,1999,7
6,1400,5
6,1000,3
6,1700,6
6,300,0
6,1199,4
6,2501,9
6,1100,3
6,1700,6
6,2699,9
6,2001,7
6,8000,30
6,3500,13
6,299,0
6,300,0
6,2001,7
6,300,0
6,1000,3
6,1000,3
6,4200,15
6,1100,3
6,2300,8
6,700,2
6,1099,3
6,3201,11
6,1500,5
6,1000,2
6,1100,3
6,2300,8
6,300,0
6,2099,7
6,1601,5
6,1600,5
6,1500,5
6,2499,9
6,300,0
6,300,0
6,6300,24
6,500,1
6,1801,6
6,1600,5
6,700,2
6,2200,8
6,5901,23
6,1100,3
6,1799,3
6,3001,6
6,5300,13
6,5899,15
6,5301,15
6,1299,4
6,2101,7
6,4300,17
6,1499,6
6,3401,10
6,1300,2
6,1399,2
6,3001,7
6,3000,7
6,1499,3
6,401,0
6,3200,7
6,400,0
6,500,0
6,2099,4
6,4001,11
6,9500,38
6,3001,8
6,6700,17
6,4000,9
6,3700,9
6,1200,2
6,5600,13
6,1000,2
6,800,1
6,400,0
6,8200,30
6,6200,17
6,400,0
6,800,1
6,6100,14
6,300,0
6,1400,2
6,4100,9
6,500,0
6,3000,7
6,3400,7
6,2500,5
6,1200,2
6,1999,5
6,501,0
6,1900,4
6,2700,6
6,399,0
6,1701,3
6,800,1
6,2600,5
6,900,1
6,1399,3
6,6400,15
6,2201,4
6,7200,17
6,1200,2
6,1200,2
6,3299,7
6,6800,15
6,2801,9
6,3899,15
6,3301,12
6,1800,6
6,5100,19
6,5899,23
6,3301,12
6,2100,5
6,400,0
6,1400,2
6,1601,3
6,1200,2
6,500,0
6,4900,12
6,900,1
6,500,0
6,2000,4
6,3700,9
6,600,1
6,1300,4
6,4900,19
6,6900,27
6,1300,4
6,3600,13
6,399,0
6,800,2
6,1100,3
6,200,0
6,1200,4
6,899,3
6,3201,13
6,200,0
6,1700,6
6,2299,8
6,1401,5
6,1700,6
6,800,3
6,700,2
6,6500,24
6,600,2
6,2499,10
6,1101,3
6,1700,6
6,1000,3
6,1300,4
6,999,3
6,3501,13
6,2500,9
6,800,2
6,299,0
6,300,0
6,3401,13
6,900,2
6,300,0
6,1000,3
6,3500,13
6,4100,16
6,500,1
6,1199,4
6,2501,9
6,2300,8
6,1400,5
6,9901,32
6,700,2
6,1700,6
6,1000,3
6,1799,6
6,500,1
6,600,1
6,301,0
6,300,0
6,3200,11
6,1100,3
6,200,0
6,599,2
6,1701,6
6,700,2
6,1700,6
6,2300,8
6,1300,5
6,3300,12
6,1099,3
6,1701,5
6,2100,8
6,1800,7
6,400,1
6,499,1
6,900,3
6,701,2
6,1800,6
6,300,0
6,600,1
6,900,2
6,1000,3
6,799,2
6,1000,3
6,12001,47
6,4200,16
6,1000,3
6,2200,7
6,1899,7
6,5301,21
6,1100,4
6,799,2
6,1401,3
6,700,1
6,1700,3
6,4200,11
6,1300,4
6,2700,10
6,4100,16
6,500,1
6,300,0
6,500,1
6,1700,6
6,1699,6
6,500,1
6,4601,18
6,500,1
6,500,1
6,1499,5
6,200,0
6,2801,10
6,500,1
6,3299,11
6,1201,4
6,300,0
6,1800,4
6,1100,2
6,1300,2
6,500,0
6,1200,2
6,5500,14
6,2900,6
6,5700,13
6,8600,22
6,1900,5
6,299,0
6,2501,6
6,3300,7
6,500,0
6,3300,8
6,400,0
6,800,1
6,1200,2
6,2299,5
6,401,0
6,1700,3
6,4199,8
6,13401,22
6,2400,7
6,2700,7
6,3399,7
6,2701,5
6,4599,9
6,1001,1
6,5200,11
6,1500,2
6,2401,4
6,4099,8
6,1601,3
6,1900,2
6,2300,5
6,899,1
6,2901,5
6,17900,32
6,899,1
6,6001,10
6,5300,10
6,900,1
6,11700,25
6,7500,16
6,500,0
6,800,1
6,500,0
6,4500,9
6,2400,5
6,1300,2
6,6800,15
6,500,0
6,800,1
6,5301,11
6,11500,23
6,2700,5
6,13000,25
6,900,1
6,1200,1
6,7300,17
6,8099,20
6,8600,17
6,5700,11
6,6701,12
6,3900,7
6,4699,9
6,1001,1
6,9600,20
6,4800,9
6,1200,2
6,3300,6
6,6500,13
6,2399,4
6,5201,11
6,2599,5
6,3800,8
6,4900,10
6,1300,2
6,1600,3
6,5100,10
6,1200,2
6,2200,4
6,13001,28
6,7400,17
6,6400,13
6,900,1
6,1099,2
6,600,0
6,11301,22
6,1400,2
6,500,0
6,3700,7
6,3000,6
6,14500,32
6,400,0
6,899,1
6,2101,4
6,4200,8
6,5200,10
6,9400,21
6,9699,20
6,1201,2
6,400,0
6,6400,13
6,7400,16
6,1400,2
6,2800,5
6,5100,10
6,500,0
6,3501,7
6,900,1
6,1500,2
6,4600,9
6,3299,6
6,1400,2
6,900,1
6,3100,6
6,500,0
6,1999,4
6,501,0
6,1400,2
6,3400,6
6,1199,2
6,601,0
6,1500,2
6,8800,19
6,2400,4
6,6900,14
6,599,0
6,800,1
6,500,0
6,1700,3
6,5399,11
6,901,1
6,4600,9
6,13300,33
6,1700,4
6,1400,3
6,1801,5
6,3200,7
6,3100,8
6,2600,6
6,2199,5
6,8500,22
6,2401,3
6,7800,16
6,1200,1
6,900,1
6,7700,16
6,3800,7
6,1100,1
6,13100,19
6,4000,8
6,5001,10
6,999,1
6,5801,11
6,13300,29
6,1800,3
6,5000,10
6,500,0
6,900,1
6,4200,9
6,800,1
6,5400,11
6,3300,6
6,1400,2
6,14700,34
6,1299,2
6,900,1
6,500,0
6,13099,27
6,1000,1
6,6001,12
6,1601,3
6,800,1
6,2800,5
6,4800,10
6,1400,2
6,3199,6
6,500,0
6,2901,5
6,3200,6
6,11201,23
6,3100,6
6,1399,2
6,501,0
6,500,0
6,4300,8
6,399,0
6,2501,5
6,500,0
6,3200,6
6,8699,19
6,3101,6
6,3100,6
6,7900,17
6,4701,9
6,2799,5
6,1000,1
6,601,0
6,5999,12
6,10901,21
6,3300,6
6,1799,3
6,14099,29
6,3500,6
6,1400,2
6,1700,2
6,5000,10
6,600,0
6,3199,6
6,2301,4
6,500,0
6,3599,7
6,1000,1
6,9001,19
6,1600,3
6,500,0
6,4300,9
6,500,0
6,3100,6
6,5700,12
6,2800,5
6,6301,12
6,1999,3
6,1001,1
6,500,0
6,1000,1
6,1700,3
6,3199,6
6,11201,24
6,2399,4
6,4801,9
6,1500,2
6,3400,7
6,500,0
6,3799,8
6,3701,7
6,3699,2
6,2801,4
6,900,1
6,5000,10
6,900,1
6,2100,4
6,12100,26
6,2500,5
6,2199,4
6,4801,10
6,1100,1
6,3300,6
6,500,0
6,2700,5
6,900,1
6,601,0
6,27100,30
6,1500,2
6,12100,23
6,8400,12
6,2500,5
6,600,0
6,500,0
6,9501,19
6,3200,5
6,5300,11
6,1000,1
6,5300,10
6,5199,10
6,2401,4
6,500,0
6,500,0
6,2100,3
6,1399,2
6,2001,3
6,4899,9
6,900,1
6,2800,5
6,1000,1
6,1000,1
6,2300,4
6,2700,5
6,5300,10
6,4799,10
6,20101,43
6,3399,6
6,601,0
6,1900,3
6,4999,9
6,3800,7
6,4300,8
6,1700,2
6,2800,5
6,8000,16
6,2701,5
6,1900,3
6,2599,4
6,14600,30
6,9501,19
6,4700,9
6,1599,3
6,501,0
6,3800,7
6,5800,12
6,500,0
6,1000,1
6,1699,3
6,1401,2
6,4501,8
6,3999,7
6,3600,7
6,1800,3
6,1000,1
6,1401,2
6,3600,7
6,11500,25
6,2800,5
6,2299,4
6,9001,18
6,1700,3
6,1400,2
6,11800,25
6,7100,15
6,7600,16
6,1000,1
6,3200,6
6,400,0
6,900,1
6,3001,6
6,500,0
6,5000,9
6,500,0
6,1000,1
6,4800,10
6,10400,20
6,500,0
6,500,0
6,500,0
6,1599,2
6,4801,9
6,600,0
6,4300,8
6,1400,2
6,2899,5
6,2001,3
6,8900,18
6,2000,3
6,800,0
6,3001,5
6,900,1
6,500,0
6,16600,8
6,2399,4
6,501,0
6,2500,4
6,1400,2
6,1000,1
6,1400,2
6,501,0
6,4601,8
6,500,0
6,900,1
6,1499,2
6,4401,8
6,13400,28
6,600,0
6,2300,5
6,2700,5
6,2300,4
6,8900,18
6,10800,18
6,500,0
6,9500,16
6,700,0
6,2399,3
6,501,0
6,2200,4
6,400,0
6,500,0
6,500,0
6,500,0
6,7000,6
6,1799,3
6,1401,2
6,900,1
6,6200,13
6,1400,2
6,5099,11
6,401,0
6,1900,3
6,2500,5
6,1999,3
6,1001,1
6,1900,4
6,9900,22
6,9299,21
6,2701,5
6,500,0
6,900,1
6,7100,16
6,4300,9
6,2400,4
6,900,1
6,6400,13
6,3599,7
6,2501,5
6,1000,1
6,500,0
6,3800,7
6,4700,9
6,5400,11
6,3000,6
6,1100,1
6,5401,11
6,4800,10
6,1500,3
6,1000,1
6,2199,4
6,2501,4
6,900,1
6,2200,4
6,2399,4
6,3300,6
6,3599,6
6,2400,4
6,1400,2
6,2999,6
6,901,1
6,500,0
6,4499,10
6,1000,1
6,4601,9
6,3500,7
6,5899,12
6,3901,8
6,3399,6
6,1901,3
6,2500,5
6,1500,2
6,5200,11
6,9100,19
6,6300,12
6,2899,5
6,10101,21
6,1600,3
6,5100,12
6,1700,3
6,1600,3
6,4301,11
6,1200,2
6,1100,2
6,12300,29
6,400,0
6,5400,13
6,2200,4
6,4000,10
6,3600,7
6,1300,2
6,600,1
6,500,0
6,1900,4
6,10600,25
6,2600,5
6,4200,10
6,1799,3
6,5400,7
6,499,0
6,4801,12
6,5000,12
6,3400,8
6,500,0
6,5100,11
6,500,0
6,900,1
6,7600,18
6,500,0
6,500,0
6,10001,23
6,2100,4
6,6800,15
6,1000,1
6,500,0
6,12201,26
6,1200,1
6,3800,5
6,5099,9
6,300,0
6,300,0
6,1601,2
6,600,0
6,8500,16
6,5000,9
6,1200,2
6,4399,9
6,901,1
6,3100,7
6,4100,8
6,500,0
6,1400,2
6,2500,5
6,2701,5
6,3600,7
6,799,1
6,3701,7
6,1500,2
6,4300,8
6,2100,4
6,1600,3
6,3300,6
6,6700,15
6,900,1
6,2300,5
6,1699,3
6,4201,9
6,800,1
6,21900,52
6,2999,7
6,4201,9
6,700,1
6,1999,3
6,8501,19
6,1200,2
6,500,0
6,1300,2
6,5500,13
6,13400,23
6,5799,12
6,2500,5
6,11399,28
6,7700,9
6,500,0
6,2900,6
6,400,0
6,2599,5
6,1200,2
6,1400,2
6,1000,1
6,1799,4
6,2201,4
6,3400,7
6,500,0
6,5300,12
6,6100,13
6,3699,8
6,700,1
6,400,0
6,2700,5
6,7600,17
6,400,0
6,6200,15
6,3399,8
6,3101,6
6,900,1
6,6500,15
6,500,0
6,2800,6
6,399,0
6,2901,6
6,4899,12
6,400,0
6,1601,3
6,2200,5
6,400,0
6,1300,2
6,1899,4
6,4501,10
6,4400,10
6,12300,30
6,3400,7
6,10700,27
6,5000,11
6,400,0
6,3699,9
6,1601,3
6,400,0
6,2300,5
6,500,0
6,500,0
6,399,0
6,1501,2
6,3700,9
6,2299,5
6,4101,10
6,600,1
6,900,1
6,4300,10
6,400,0
6,500,0
6,2799,6
6,4801,11
6,800,1
6,3400,8
6,1500,3
6,2100,4
6,400,0
6,3700,8
6,2200,5
6,3299,8
6,1500,3
6,1900,4
6,1200,2
6,9099,22
6,3001,6
6,1800,3
6,4000,9
6,400,0
6,2600,6
6,3400,8
6,27700,9
6,2301,2
6,700,0
6,4099,6
6,1201,1
6,4400,6
6,6701,11
6,5400,9
6,3900,7
6,3200,5
6,700,0
6,2200,4
6,500,0
6,7100,12
6,500,0
6,5300,10
6,1000,1
6,600,0
6,1099,1
6,500,0
6,2701,5
6,600,0
6,2200,3
6,1299,3
6,1301,2
6,2100,3
6,1600,2
6,1099,1
6,4801,10
6,1700,3
6,2400,5
6,2500,5
6,13900,4
6,3299,4
6,701,0
6,6499,9
6,4201,7
6,5100,8
6,2500,4
6,5700,9
6,1000,1
6,600,0
6,2599,4
6,1001,1
6,15200,29
6,1800,3
6,3299,7
6,5701,10
6,2700,5
6,1900,3
6,1300,2
6,7000,13
6,6300,13
6,2300,4
6,4000,6
6,9900,17
6,16600,32
6,1000,1
6,300,0
6,5100,10
6,3900,6
6,899,1
6,3101,5
6,4999,11
6,4401,10
6,900,1
6,2900,5
6,1100,1
6,400,0
6,16700,36
6,3600,6
6,4400,8
6,25700,25
6,2600,1
6,14800,18
6,5700,6
6,5200,5
6,16500,19
6,7500,9
6,11899,16
6,9801,12
6,800,0
6,900,0
6,4500,5
6,23300,34
6,16300,22
6,10099,14
6,1301,1
6,9200,12
6,5900,8
6,8400,11
6,1300,1
6,6000,8
6,1400,1
6,1900,2
6,4601,5
6,2100,2
6,4100,5
6,2600,3
6,5200,7
6,1100,1
6,3600,5
6,2400,3
6,1900,2
6,3700,5
6,2300,3
6,4800,7
6,1400,1
6,9600,14
6,5900,8
6,700,0
6,800,0
6,1399,1
6,700,0
6,2800,3
6,4299,5
6,7299,10
6,600,0
6,2200,2
6,6400,10
6,1400,1
6,11399,16
6,3100,4
6,1700,1
6,10300,15
6,700,0
6,11700,16
6,9901,14
6,8200,11
6,4899,6
6,12801,18
6,3100,4
6,600,0
6,3400,4
6,500,0
6,5301,7
6,8400,13
6,600,0
6,2100,2
6,800,0
6,1900,0
6,599,0
6,9801,16
6,4599,4
6,1100,0
6,3900,4
6,9699,15
6,4501,6
6,2899,3
6,1201,1
6,7100,11
6,5299,9
6,6801,11
6,999,1
6,2301,3
6,4300,6
6,600,0
6,1901,2
6,3400,4
6,1799,2
6,8200,12
6,1301,1
6,13399,22
6,13901,21
6,2901,4
6,1900,2
6,2799,4
6,4001,6
6,8800,14
6,700,0
6,1299,1
6,1701,2
6,6600,10
6,1900,2
6,6000,8
6,4000,6
6,20600,32
6,13500,21
6,3399,4
6,7800,13
6,3401,5
6,1600,2
6,3500,5
6,4500,6
6,7899,13
6,1300,1
6,600,0
6,2800,4
6,11400,18
6,8900,14
6,4499,7
6,14201,24
6,6301,9
6,5500,9
6,700,0
6,10899,19
6,1200,1
6,1800,2
6,2400,3
6,9601,14
6,600,0
6,1200,1
6,7300,11
6,2300,3
6,4100,6
6,1800,2
6,2799,4
6,699,0
6,1601,2
6,6399,9
6,1800,2
6,2400,3
6,16799,26
6,17401,29
6,2400,3
6,3099,5
6,1601,2
6,2400,3
6,3099,5
6,14399,25
6,601,0
6,3100,4
6,18699,17
6,14600,22
6,8601,14
6,2500,4
6,900,0
6,3400,6
6,4300,9
6,2199,4
6,9700,20
6,1200,1
6,600,0
6,4100,6
6,700,0
6,11299,19
6,2901,1
6,12099,18
6,8901,16
6,14600,21
6,1300,1
6,2800,4
6,3900,5
6,1400,1
6,3799,6
6,2201,3
6,4199,6
6,8501,14
6,4100,6
6,600,0
6,1199,1
6,1201,1
6,1100,1
6,600,0
6,15500,27
6,13400,22
6,2100,3
6,2301,3
6,3700,6
6,1099,1
6,1501,2
6,1800,2
6,3500,5
6,2501,3
6,4300,7
6,6201,9
6,8000,12
6,9599,16
6,1100,1
6,1100,1
6,8900,17
6,11500,19
6,2900,4
6,1699,2
6,2401,3
6,1100,1
6,500,0
6,1100,1
6,1299,1
6,3901,6
6,9000,15
6,3500,5
6,4000,6
6,5800,10
6,11499,19
6,1301,1
6,5199,9
6,3101,4
6,6800,11
6,3500,5
6,1099,1
6,11101,14
6,2400,3
6,1399,1
6,1501,2
6,5599,9
6,2101,3
6,1800,2
6,17199,27
6,1601,2
6,700,0
6,2800,4
6,1599,2
6,8800,13
6,4800,7
6,599,0
6,1499,2
6,4901,10
6,900,1
6,8300,16
6,3500,7
6,10700,23
6,999,1
6,3301,6
6,4499,8
6,600,0
6,11401,19
6,1700,2
6,3601,6
6,2300,3
6,1899,3
6,1901,3
6,11200,19
6,2700,4
6,1700,2
6,500,0
6,8500,15
6,3700,5
6,4500,7
6,1199,1
6,2701,4
6,700,0
6,4800,8
6,4100,6
6,1100,1
6,2501,4
6,4699,8
6,4701,8
6,600,0
6,1100,1
6,2100,3
6,3400,5
6,1200,1
6,9599,17
6,1200,1
6,7600,14
6,1700,2
6,4900,8
6,2300,3
6,1500,2
6,9599,10
6,7199,13
6,601,0
6,3900,6
6,999,1
6,5101,9
6,1300,1
6,600,0
6,1100,1
6,4199,7
6,1501,2
6,2500,4
6,6000,11
6,2300,3
6,7600,13
6,7700,15
6,7400,16
6,500,0
6,5401,10
6,599,0
6,11101,21
6,19199,36
6,6601,12
6,2400,5
6,5999,11
6,1001,1
6,2100,3
6,3599,2
6,5101,9
6,1799,2
6,4101,7
6,18999,36
6,2201,3
6,2300,3
6,5500,7
6,15400,28
6,10300,19
6,7500,13
6,2501,3
6,2400,4
6,5200,8
6,3800,6
6,2900,4
6,600,0
6,7200,13
6,600,0
6,2400,4
6,4600,7
6,3799,6
6,1501,2
6,1500,2
6,900,1
6,600,0
6,600,0
6,2700,4
6,1100,1
6,500,0
6,2800,4
6,9499,1
6,3101,5
6,1100,1
6,14300,27
6,7500,13
6,500,0
6,9899,18
6,600,0
6,601,0
6,3800,6
6,2799,4
6,5501,9
6,599,0
6,7201,13
6,4401,7
6,8400,15
6,1599,2
6,601,0
6,9200,17
6,600,0
6,3499,5
6,7700,14
6,1701,2
6,8600,16
6,3699,6
6,20801,38
6,3100,7
6,700,1
6,4100,7
6,1601,3
6,6399,1
6,5801,14
6,2400,4
6,2300,3
6,4299,7
6,6400,12
6,2001,3
6,1100,1
6,3399,6
6,2001,4
6,1900,3
6,1000,2
6,2299,6
6,2001,5
6,10100,27
6,3299,8
6,700,1
6,1500,3
6,700,1
6,400,0
6,500,0
6,2200,5
6,1700,1
6,1900,3
6,3200,6
6,1000,1
6,500,0
6,1100,1
6,3199,8
6,2301,4
6,700,1
6,300,0
6,2000,5
6,3001,8
6,11500,25
6,10001,19
6,1100,1
6,1000,1
6,4099,8
6,4700,8
6,1599,2
6,7000,13
6,4901,8
6,800,1
6,2400,3
6,6199,11
6,5401,10
6,1899,3
6,9101,17
6,1300,2
6,7500,14
6,1600,2
6,600,0
6,1099,1
6,12901,25
6,1599,2
6,5901,10
6,2700,4
6,1100,1
6,600,0
6,600,0
6,8900,19
6,2499,4
6,4300,8
6,11000,21
6,1200,1
6,500,0
6,1900,2
6,900,1
6,9701,17
6,6499,10
6,3000,4
6,8000,13
6,2899,4
6,1200,1
6,5999,10
6,5100,8
6,599,0
6,2101,3
6,3900,6
6,9699,13
6,6299,11
6,2201,3
6,1000,1
6,8000,15
6,9899,17
6,2101,3
6,10300,18
6,5100,8
6,13399,23
6,1100,1
6,3000,4
6,3500,6
6,3400,5
6,1000,1
6,3800,6
6,20499,37
6,6599,12
6,5301,9
6,7700,13
6,2300,3
6,6999,12
6,3201,5
6,2100,3
6,2100,3
6,1500,2
6,5299,9
6,2900,4
6,20700,30
6,2800,4
6,1100,1
6,5700,11
6,4700,6
6,400,0
6,1400,2
6,8200,18
6,8500,17
6,1099,1
6,13801,17
6,1400,2
6,2101,3
6,3600,6
6,599,0
6,3401,6
6,3400,6
6,1701,2
6,600,0
6,1800,2
6,1700,2
6,1599,2
6,6301,12
6,9200,9
6,1500,2
6,4599,8
6,10601,20
6,3899,6
6,1601,2
6,3300,6
6,8300,16
6,3000,6
6,4300,8
6,7200,16
6,7700,15
6,1399,2
6,9101,16
6,4899,8
6,600,0
6,2001,3
6,600,0
6,600,0
6,1500,2
6,899,1
6,800,1
6,3201,6
6,6300,11
6,900,1
6,4800,8
6,1100,1
6,1600,2
6,2699,4
6,2701,4
6,1000,1
6,2300,4
6,1400,2
6,501,0
6,4700,8
6,3600,6
6,7100,13
6,1800,2
6,15500,28
6,500,0
6,1100,1
6,18700,35
6,3000,5
6,1999,3
6,6201,11
6,3600,6
6,600,0
6,1200,1
6,1100,1
6,500,0
6,9000,16
6,4801,8
6,5800,11
6,2599,4
6,500,0
6,2601,4
6,2400,4
6,12900,24
6,2800,5
6,9100,17
6,9200,17
6,5700,10
6,11200,20
6,700,0
6,1099,1
6,5201,9
6,1700,2
6,1000,1
6,3001,5
6,5700,11
6,3100,5
6,2900,5
6,600,0
6,5799,11
6,2101,3
6,1600,2
6,8000,14
6,1400,2
6,11101,21
6,10500,20
6,2700,4
6,1100,1
6,3000,5
6,6200,10
6,500,0
6,9299,18
6,11101,11
6,1700,2
6,1199,1
6,3800,6
6,600,0
6,6800,12
6,12399,24
6,2201,3
6,600,0
6,600,0
6,2599,4
6,1101,1
6,1800,2
6,1100,1
6,5800,9
6,3799,6
6,4401,9
6,2399,4
6,2101,3
6,8900,16
6,3200,5
6,10301,20
6,7000,14
6,3200,6
6,1200,1
6,600,0
6,7700,14
6,1701,3
6,2700,5
6,500,0
6,500,0
6,1599,2
6,1401,2
6,7000,12
6,800,0
6,3200,5
6,599,0
6,600,0
6,1001,1
6,2800,4
6,11699,21
6,1100,1
6,3400,6
6,2600,4
6,2400,4
6,7200,13
6,4299,8
6,5401,9
6,6000,11
6,8000,15
6,9099,18
6,2901,5
6,19499,33
6,1501,2
6,11500,19
6,3200,5
6,3000,5
6,4699,8
6,4201,7
6,3599,6
6,2701,4
6,1500,2
6,1100,1
6,4500,8
6,1100,1
6,5000,9
6,1200,1
6,5900,11
6,500,0
6,3000,5
6,5700,10
6,1100,1
6,600,0
6,1499,2
6,7600,14
6,2000,3
6,1800,2
6,3500,6
6,5599,10
6,4201,7
6,600,0
6,5300,9
6,1000,1
6,6600,12
6,2000,3
6,600,0
6,3500,6
6,7600,14
6,500,0
6,2800,4
6,5101,8
6,500,0
6,2199,3
6,5601,11
6,1899,3
6,3501,8
6,8200,17
6,2099,4
6,2901,6
6,4299,8
6,400,0
6,8100,18
6,1001,1
6,2600,5
6,3499,5
6,501,0
6,6199,13
6,4601,10
6,1000,1
6,899,1
6,1901,3
6,5599,13
6,400,0
6,3301,7
6,1200,2
6,2799,5
6,1401,2
6,1000,1
6,5800,13
6,1900,4
6,400,0
6,2300,4
6,399,0
6,500,0
6,3901,8
6,1600,3
6,3600,8
6,3500,7
6,2199,4
6,3301,7
6,5800,13
6,7700,17
6,1600,3
6,3599,7
6,500,0
6,2700,5
6,4300,6
6,900,0
6,6300,7
6,11800,23
6,2001,3
6,400,0
6,2200,4
6,3800,9
6,3300,8
6,400,0
6,1100,2
6,3701,9
6,1100,2
6,1900,5
6,2401,4
6,900,1
6,1200,2
6,2400,4
6,2901,7
6,1900,3
6,700,1
6,2000,5
6,1699,3
6,400,0
6,5001,13
6,700,1
6,500,0
6,300,0
6,900,1
6,801,1
6,400,0
6,6199,17
6,1700,3
6,2100,4
6,400,0
6,1999,4
6,2401,6
6,800,1
6,1000,1
6,4500,9
6,1800,3
6,2499,5
6,400,0
6,5301,12
6,1099,2
6,1301,3
6,11500,28
6,4600,8
6,4699,9
6,3001,7
6,1600,2
6,899,1
6,1100,1
6,901,1
6,1600,3
6,15000,31
6,16100,35
6,2899,5
6,5701,13
6,2600,5
6,4200,9
6,7000,15
6,2599,5
6,800,1
6,400,0
6,5699,12
6,2201,4
6,900,1
6,1300,2
6,5000,11
6,3200,6
6,1299,2
6,500,0
6,2301,4
6,6600,14
6,800,1
6,3599,7
6,2401,4
6,1900,3
6,500,0
6,1499,2
6,2501,5
6,2200,4
6,1800,3
6,5800,13
6,2199,4
6,900,1
6,1701,3
6,5099,11
6,1201,2
6,2500,5
6,1300,2
6,499,0
6,3901,8
6,6600,14
6,5599,10
6,4400,10
6,500,0
6,1299,2
6,500,0
6,10401,23
6,6900,14
6,2899,6
6,1701,3
6,1400,2
6,4799,10
6,801,1
6,901,1
6,1200,2
6,500,0
6,2200,4
6,1799,3
6,501,0
6,4900,0
6,399,0
6,900,1
6,3001,5
6,2500,5
6,8699,18
6,1001,1
6,2600,5
6,900,1
6,4900,11
6,1500,2
6,500,0
6,2900,5
6,600,0
6,5001,11
6,1100,1
6,6800,14
6,13500,30
6,1300,2
6,8499,20
6,1000,1
6,901,1
6,2700,5
6,500,0
6,2299,4
6,1201,2
6,3400,7
6,900,1
6,899,1
6,400,0
6,4801,11
6,1400,2
6,1801,3
6,4500,9
6,1299,2
6,1301,2
6,500,0
6,4600,10
6,799,1
6,500,0
6,2101,4
6,5299,11
6,4701,10
6,4000,8
6,900,1
6,900,1
6,2400,4
6,4601,10
6,5000,10
6,400,0
6,11800,26
6,999,1
6,500,0
6,3401,7
6,2200,4
6,2600,5
6,5099,11
6,1401,2
6,1800,3
6,10000,24
6,1699,3
6,4000,7
6,2600,5
6,3699,8
6,801,1
6,1000,1
6,1300,2
6,3999,4
6,3700,7
6,1700,3
6,11301,24
6,2100,4
6,400,0
6,500,0
6,2900,5
6,2900,5
6,2999,3
6,2100,4
6,900,1
6,3099,6
6,500,0
6,1700,3
6,900,1
6,500,0
6,13000,28
6,4599,9
6,1401,2
6,2000,3
6,1600,3
6,3400,6
6,3100,6
6,1000,1
6,5000,10
6,500,0
6,5400,11
6,400,0
6,1600,3
6,3399,7
6,2601,4
6,1600,2
6,500,0
6,15200,33
6,2900,5
6,8400,16
6,500,0
6,3400,7
6,3601,7
6,5099,10
6,12801,26
6,600,0
6,3301,7
6,7400,14
6,601,0
6,1800,3
6,2100,3
6,18500,37
6,4999,10
6,600,0
6,1901,3
6,3200,6
6,2299,4
6,1001,1
6,4000,8
6,2800,5
6,4800,9
6,5500,10
6,800,1
6,4700,9
6,6400,13
6,2700,4
6,2399,4
6,6701,14
6,800,1
6,500,0
6,5900,11
6,2401,4
6,1900,3
6,2300,4
6,2500,4
6,1000,1
6,1800,3
6,3599,6
6,1400,2
6,1300,2
6,500,0
6,500,0
6,3800,7
6,1900,3
6,2799,4
6,1501,2
6,4400,8
6,7800,16
6,3800,7
6,2700,5
6,1399,2
6,1000,1
6,6800,13
6,2301,4
6,4299,8
6,600,0
6,5001,10
6,2599,4
6,3701,6
6,700,0
6,9700,16
6,1700,2
6,500,0
6,6701,11
6,12800,23
6,9400,15
6,2299,3
6,4601,7
6,5200,8
6,11899,23
6,2801,4
6,3699,6
6,500,0
6,6700,6
6,1000,0
6,1700,2
6,4399,9
6,3101,5
6,12199,25
6,5601,11
6,4300,10
6,3299,6
6,6201,12
6,4900,9
6,900,1
6,4600,9
6,3500,6
6,2499,4
6,2001,3
6,1400,2
6,6700,13
6,4900,7
6,600,0
6,3400,6
6,3700,7
6,3000,4
6,10800,23
6,2000,3
6,3099,6
6,1501,2
6,500,0
6,1100,1
6,4599,9
6,501,0
6,500,0
6,5499,11
6,7100,15
6,1401,2
6,3300,7
6,5301,11
6,600,0
6,1799,3
6,7901,16
6,3500,7
6,4600,9
6,2700,5
6,2299,4
6,1801,3
6,3200,6
6,1799,3
6,500,0
6,17901,38
6,7000,15
6,1800,3
6,7500,15
6,5700,12
6,500,0
6,8700,11
6,900,1
6,1299,2
6,2701,5
6,500,0
6,500,0
6,6400,13
6,1300,2
6,5400,11
6,11200,24
6,7100,15
6,2800,5
6,4300,9
6,2800,5
6,1200,2
6,5699,11
6,1001,1
6,1500,2
6,1800,3
6,1000,1
6,1200,2
6,6300,13
6,1200,2
6,3901,5
6,900,1
6,1499,2
6,1401,2
6,500,0
6,3500,7
6,1801,1
6,500,0
6,7800,17
6,4499,9
6,999,1
6,900,1
6,4500,9
6,1899,3
6,2501,4
6,10000,21
6,7700,18
6,6700,14
6,2999,6
6,501,0
6,3400,7
6,900,1
6,400,0
6,4600,9
6,3999,8
6,6801,12
6,500,0
6,900,1
6,900,1
6,6500,14
6,500,0
6,1800,3
6,500,0
6,2499,5
6,3101,6
6,400,0
6,800,1
6,3099,6
6,3801,7
6,2899,6
6,5301,11
6,2399,4
6,3701,7
6,3599,8
6,2301,2
6,10400,21
6,1799,3
6,500,0
6,901,1
6,5299,11
6,4001,9
6,900,1
6,800,1
6,4500,9
6,900,1
6,5100,9
6,1300,2
6,4499,8
6,1501,2
6,3300,7
6,4500,9
6,3200,6
6,5599,10
6,901,1
6,4200,8
6,899,1
6,6801,14
6,3500,7
6,400,0
6,2500,5
6,4600,9
6,2200,4
6,2499,5
6,3701,8
6,1700,3
6,1199,2
6,8500,18
6,6899,15
6,400,0
6,500,0
6,1000,1
6,500,0
6,1400,2
6,1500,2
6,799,1
6,400,0
6,901,1
6,900,1
6,500,0
6,8500,19
6,2200,4
6,499,0
6,800,1
6,3901,8
6,900,1
6,2199,4
6,1401,2
6,1400,2
6,1100,1
6,2999,6
6,3801,8
6,1500,3
6,3000,6
6,3900,8
6,3100,6
6,3100,6
6,1800,3
6,1499,2
6,1801,3
6,500,0
6,1400,2
6,1600,3
6,500,0
6,3301,7
6,3500,7
6,18400,43
6,899,1
6,7400,16
6,900,1
6,5901,13
6,11900,26
6,500,0
6,3599,7
6,3901,9
6,1300,2
6,2199,4
6,1301,2
6,3100,6
6,2799,5
6,901,1
6,900,1
6,500,0
6,12099,28
6,1201,2
6,400,0
6,1800,3
6,900,1
6,1699,3
6,4901,11
6,3599,7
6,1400,2
6,3500,7
6,4200,9
6,1400,2
6,900,1
6,1699,3
6,1201,2
6,5100,10
6,800,1
6,5101,11
6,5200,11
6,1800,3
6,1399,2
6,7001,16
6,399,0
6,500,0
6,2001,4
6,500,0
6,3899,7
6,1000,1
6,1901,3
6,900,1
6,3999,9
6,3801,8
6,2200,4
6,1000,1
6,500,0
6,2199,4
6,600,0
6,2301,4
6,3000,6
6,4700,10
6,2000,3
6,4400,9
6,3000,6
6,2599,5
6,4200,9
6,2799,6
6,3001,6
6,1300,2
6,3900,8
6,4100,9
6,5100,11
6,900,1
6,2699,5
6,801,1
6,3900,8
6,3099,6
6,2001,3
6,8300,17
6,3799,8
6,1201,2
6,4400,9
6,3000,6
6,500,0
6,900,1
6,3100,6
6,800,1
6,6700,15
6,6301,14
6,899,1
6,4201,9
6,6200,11
6,3800,8
6,399,0
6,2501,5
6,1500,2
6,8300,19
6,800,1
6,1699,3
6,3501,7
6,8500,18
6,6100,14
6,5700,13
6,500,0
6,2200,4
6,6200,7
6,900,1
6,3600,7
6,1699,3
6,1701,3
6,1400,2
6,4699,10
6,9000,20
6,6500,15
6,1600,2
6,3299,8
6,10701,21
6,3600,7
6,499,0
6,2901,6
6,1800,3
6,1300,2
6,999,1
6,3301,7
6,500,0
6,3299,6
6,2201,4
6,5999,13
6,7800,17
6,1700,3
6,4499,10
6,2901,6
6,800,1
6,500,0
6,3399,7
6,901,1
6,7400,15
6,9700,18
6,2300,4
6,1899,3
6,6600,14
6,500,0
6,400,0
6,1600,2
6,6000,12
6,3700,7
6,6400,15
6,3499,9
6,300,0
6,12699,31
6,600,0
6,600,0
6,4401,9
6,5200,11
6,2000,3
6,600,0
6,2500,5
6,1001,1
6,11400,24
6,1899,3
6,900,1
6,1401,2
6,3800,8
6,1399,2
6,10301,22
6,2700,5
6,5400,11
6,2200,4
6,500,0
6,1201,2
6,4700,10
6,4300,9
6,1000,1
6,8500,18
6,7400,15
6,8600,17
6,899,1
6,4901,10
6,500,0
6,4900,10
6,900,1
6,3199,6
6,3701,7
6,4600,9
6,900,1
6,1500,3
6,900,1
6,8200,16
6,4000,7
6,6800,14
6,1300,2
6,3799,8
6,5001,11
6,3300,7
6,10400,5
6,500,0
6,1799,3
6,3401,6
6,3400,6
6,1799,3
6,2200,4
6,11799,24
6,4301,9
6,8100,19
6,1599,3
6,400,0
6,2201,4
6,8300,18
6,4500,9
6,500,0
6,3000,6
6,1000,1
6,901,1
6,500,0
6,1300,2
6,5700,12
6,9800,20
6,3099,8
6,7900,18
6,1500,3
6,400,0
6,800,1
6,11400,24
6,6800,14
6,1900,3
6,6200,12
6,2200,4
6,2499,5
6,2601,5
6,3000,6
6,500,0
6,4000,8
6,3999,8
6,500,0
6,9101,19
6,14199,31
6,900,1
6,6199,13
6,7701,15
6,900,1
6,500,0
6,3500,6
6,1200,2
6,8301,19
6,1800,3
6,5300,11
6,5899,12
6,1401,2
6,800,1
6,1700,3
6,3599,7
6,11701,16
6,5600,11
6,3799,7
6,2601,4
6,3700,7
6,2600,5
6,8000,17
6,899,1
6,1401,2
6,4700,9
6,7200,15
6,4000,6
6,900,1
6,400,0
6,1700,3
6,2400,4
6,8500,11
6,700,0
6,9400,15
6,1199,1
6,600,0
6,2601,3
6,2300,3
6,1799,2
6,600,0
6,6800,12
6,2701,4
6,6600,11
6,1000,1
6,7900,15
6,1600,3
6,1299,2
6,3601,7
6,7600,15
6,1000,1
6,1499,2
6,4301,6
6,2599,3
6,3101,5
6,3100,5
6,2300,4
6,1500,2
6,4399,6
6,13101,23
6,8000,12
6,10001,18
6,9400,17
6,2499,4
6,400,0
6,500,0
6,401,0
6,1000,2
6,5499,17
6,701,1
6,400,0
6,600,1
6,2200,6
6,4401,11
6,2500,5
6,2600,6
6,700,1
6,10400,27
6,1999,4
6,2101,5
6,5299,14
6,1401,3
6,400,0
6,1000,2
6,1800,4
6,1300,3
6,1699,4
6,1301,3
6,2900,6
6,1500,2
6,500,0
6,1101,1
6,4400,8
6,8000,21
6,2376000,28
6,1800,3
6,5900,11
6,5899,13
6,1301,2
6,3500,7
6,400,0
6,1299,2
6,400,0
6,401,0
6,2800,5
6,10100,24
6,13401,29
6,1100,1
6,5701,11
6,4200,9
6,1100,1
6,2900,5
6,2901,5
6,900,1
6,2100,3
6,2600,4
6,6099,11
6,3401,8
6,1500,3
6,3500,6
6,900,1
6,4299,10
6,800,1
6,7400,14
6,2100,3
6,1400,2
6,1999,4
6,9700,23
6,900,1
6,500,0
6,9999,24
6,1201,2
6,900,1
6,2000,4
6,1699,3
6,400,0
6,901,1
6,2400,5
6,2800,6
6,999,2
6,400,0
6,6099,12
6,1401,2
6,400,0
6,400,0
6,2400,4
6,900,1
6,1499,2
6,6500,16
6,1701,3
6,6599,15
6,3101,6
6,3199,8
6,1201,3
6,700,1
6,1500,4
6,1600,5
6,300,0
6,400,0
6,1899,4
6,1301,2
6,3600,6
6,2800,6
6,3000,7
6,2100,4
6,4100,9
6,400,0
6,4199,10
6,4201,11
6,2699,6
6,4401,10
6,600,1
6,6600,17
6,500,0
6,7100,18
6,4001,10
6,3000,8
6,499,0
6,2901,7
6,1300,2
6,1000,2
6,2099,5
6,1000,2
6,1801,4
6,5899,16
6,500,0
6,4200,11
6,1699,4
6,1001,2
6,400,0
6,10200,21
6,1200,2
6,1199,2
6,1301,2
6,4900,11
6,1200,2
6,6000,13
6,1400,3
6,3400,10
6,400,0
6,900,1
6,3600,10
6,4200,11
6,599,1
6,700,1
6,2301,8
6,1500,4
6,700,2
6,400,0
6,1299,4
6,1200,2
6,901,2
6,4999,14
6,2701,7
6,4100,12
6,1299,4
6,3501,9
6,1100,2
6,300,0
6,1299,4
6,4601,14
6,400,0
6,1600,4
6,1799,4
6,1801,4
6,1100,2
6,2900,9
6,800,2
6,1199,3
6,800,2
6,2101,5
6,2500,6
6,300,0
6,600,1
6,1999,7
6,901,2
6,300,0
6,300,0
6,1800,4
6,700,1
6,800,2
6,6800,22
6,1000,2
6,3800,12
6,2100,6
6,800,2
6,2900,8
6,1500,4
6,600,1
6,3499,11
6,2601,9
6,3800,11
6,300,0
6,200,0
6,800,2
6,14800,50
6,1701,4
6,1800,5
6,400,1
6,700,1
6,900,2
6,5200,17
6,1400,4
6,1799,5
6,4601,15
6,2100,7
6,1799,6
6,4700,15
6,900,2
6,799,2
6,4101,14
6,300,0
6,1300,4
6,300,0
6,4000,13
6,3500,11
6,899,2
6,500,1
6,1701,5
6,3500,13
6,2000,6
6,1000,2
6,1200,4
6,6100,22
6,400,0
6,800,2
6,2300,7
6,2400,8
6,3099,11
6,800,2
6,300,0
6,400,0
6,300,0
6,1700,6
6,2900,9
6,599,1
6,2801,10
6,200,0
6,5599,20
6,5400,18
6,599,1
6,3901,13
6,1100,3
6,4600,16
6,1100,3
6,2400,8
6,4800,17
6,1400,3
6,500,1
6,1500,4
6,3100,11
6,900,2
6,2400,8
6,9199,33
6,1501,4
6,2300,8
6,3199,11
6,1400,4
6,700,2
6,1500,5
6,600,1
6,5500,20
6,1500,5
6,6400,22
6,700,2
6,6400,23
6,1300,4
6,2300,7
6,15999,16
6,400,0
6,3499,7
6,6901,17
6,899,2
6,2901,4
6,900,1
6,4600,11
6,2400,4
6,1500,4
6,3500,7
6,9100,24
6,2600,4
6,200,0
6,7600,19
6,399,0
6,2101,3
6,2700,8
6,10899,21
6,600,0
6,600,0
6,1000,1
6,3999,9
6,2901,5
6,5500,16
6,1800,1
6,800,2
6,500,1
6,6600,3
6,3199,11
6,300,0
6,8301,29
6,900,2
6,2400,8
6,1300,4
6,1299,3
6,1401,5
6,600,1
6,700,1
6,300,0
6,2300,8
6,5400,20
6,5800,11
6,1200,4
6,2800,10
6,2700,10
6,900,2
6,1500,5
6,500,1
6,5700,8
6,3300,12
6,3100,11
6,1600,5
6,1900,6
6,5099,17
6,801,2
6,2600,8
6,3299,13
6,300,0
6,501,1
6,1500,4
6,2600,9
6,4500,16
6,3100,11
6,1999,7
6,300,0
6,1901,7
6,5699,8
6,1700,6
6,300,0
6,300,0
6,1500,5
6,1499,4
6,6001,23
6,1399,5
6,1901,7
6,300,0
6,200,0
6,300,0
6,300,0
6,3000,12
6,2500,9
6,1400,4
6,3700,12
6,299,0
6,1701,5
6,4200,16
6,2999,11
6,500,1
6,1400,5
6,300,0
6,700,1
6,5100,5
6,1800,7
6,1100,3
6,1100,4
6,1099,3
6,300,0
6,300,0
6,1301,4
6,2100,8
6,5900,23
6,300,0
6,1200,3
6,600,1
6,1801,4
6,1500,3
6,1500,3
6,7700,29
6,1299,3
6,1901,6
6,300,0
6,3000,11
6,800,2
6,600,1
6,6000,14
6,800,2
6,799,2
6,4001,10
6,6300,15
6,800,2
6,3899,3
6,5101,12
6,5500,11
6,2600,5
6,2700,5
6,7600,19
6,500,1
6,8800,27
6,300,0
6,3900,14
6,5300,15
6,1299,3
6,1301,4
6,3100,6
6,1300,4
6,2901,9
6,900,2
6,2799,6
6,600,1
6,801,2
6,3600,7
6,500,1
6,6200,15
6,1100,4
6,3400,7
6,800,2
6,1800,2
6,300,0
6,3099,7
6,1601,5
6,300,0
6,2800,9
6,1901,5
6,6800,17
6,3400,7
6,400,0
6,8700,21
6,200,0
6,1500,5
6,699,2
6,800,2
6,400,1
6,2001,7
6,2800,10
6,300,0
6,2400,8
6,1800,6
6,500,1
6,5200,19
6,2700,10
6,700,2
6,1200,3
6,4700,18
6,500,1
6,3199,12
6,1501,5
6,6399,15
6,1001,3
6,900,2
6,1500,5
6,700,2
6,300,0
6,2099,8
6,500,1
6,2201,7
6,1900,6
6,600,1
6,500,1
6,300,0
6,599,1
6,700,2
6,700,2
6,300,0
6,2700,10
6,2899,10
6,2201,7
6,3600,14
6,3100,11
6,1500,4
6,800,2
6,1400,4
6,1799,6
6,1100,3
6,501,1
6,1500,5
6,400,0
6,5900,13
6,3099,11
6,801,2
6,3000,12
6,1500,5
6,3100,11
6,1000,2
6,400,1
6,2100,8
6,300,0
6,300,0
6,1599,5
6,300,0
6,2000,7
6,500,1
6,1900,7
6,1399,4
6,2601,10
6,1600,5
6,3899,14
6,4301,17
6,12100,34
6,800,1
6,500,1
6,500,1
6,3600,13
6,2300,8
6,500,1
6,900,2
6,1000,3
6,1799,6
6,1901,7
6,1500,5
6,900,3
6,600,1
6,599,1
6,1901,7
6,1900,6
6,3599,14
6,1701,6
6,1200,3
6,4499,17
6,300,0
6,300,0
6,2300,8
6,700,2
6,300,0
6,499,1
6,700,2
6,1101,3
6,4800,13
6,1900,7
6,1900,7
6,599,1
6,3501,13
6,2300,9
6,1999,7
6,1101,4
6,1000,3
6,2000,7
6,800,2
6,200,0
6,1199,4
6,1601,5
6,2000,7
6,4199,16
6,1701,6
6,3100,6
6,3700,9
6,1200,4
6,600,1
6,1100,3
6,2999,7
6,501,1
6,1100,4
6,1700,5
6,4000,12
6,5699,13
6,3801,10
6,600,1
6,7300,20
6,700,2
6,1499,1
6,1200,4
6,301,0
6,2200,3
6,300,0
6,500,1
6,6600,17
6,3200,8
6,500,1
6,5001,7
6,4700,18
6,1500,5
6,900,2
6,1500,5
6,1100,4
6,2000,8
6,4900,19
6,500,1
6,5199,21
6,4101,16
6,700,2
6,2599,9
6,300,0
6,1600,5
6,2099,8
6,500,1
6,500,1
6,6099,17
6,2801,7
6,200,0
6,6000,17
6,1200,4
6,2200,4
6,7600,22
6,2800,6
6,300,0
6,600,2
6,6300,16
6,3000,7
6,500,1
6,2499,9
6,5201,15
6,1299,0
6,1701,6
6,2300,4
6,1200,4
6,2599,5
6,5001,7
6,3400,12
6,200,0
6,600,1
6,900,2
6,3399,12
6,1401,5
6,1500,5
6,1800,7
6,2000,7
6,500,1
6,5101,21
6,300,0
6,1999,7
6,4201,17
6,1600,6
6,1499,5
6,1401,5
6,1700,6
6,3799,14
6,2901,5
6,300,0
6,700,2
6,5800,16
6,8100,23
6,7000,19
6,2400,5
6,1201,4
6,500,1
6,1700,1
6,3899,12
6,9600,26
6,2100,7
6,2299,4
6,3301,8
6,1200,4
6,2899,6
6,7500,8
6,1201,4
6,7200,21
6,200,0
6,2200,8
6,7200,28
6,2200,8
6,699,2
6,300,0
6,800,2
6,1701,6
6,1900,7
6,1200,4
6,700,2
6,499,1
6,1000,3
6,2601,10
6,2700,10
6,1099,3
6,800,2
6,1201,4
6,800,2
6,4299,9
6,4201,12
6,2400,5
6,1700,6
6,1500,4
6,800,2
6,2999,8
6,2201,4
6,2900,8
6,700,2
6,500,1
6,600,1
6,20401,23
6,499,0
6,2101,3
6,2900,8
6,3500,9
6,7500,21
6,5400,13
6,499,1
6,300,0
6,500,1
6,5400,4
6,300,0
6,1200,4
6,3700,15
6,4100,16
6,1199,4
6,300,0
6,3801,15
6,2000,8
6,299,0
6,400,1
6,3501,14
6,2200,8
6,2699,11
6,301,0
6,1100,3
6,2800,10
6,300,0
6,300,0
6,3000,10
6,2600,9
6,500,1
6,6200,3
6,300,0
6,2100,7
6,999,3
6,3001,12
6,800,2
6,2000,7
6,2299,9
6,1601,6
6,1000,3
6,300,0
6,1800,6
6,1099,4
6,2901,11
6,3000,11
6,500,1
6,1299,4
6,2201,8
6,900,2
6,1100,3
6,2599,10
6,3901,15
6,1000,3
6,7300,12
6,1800,6
6,300,0
6,3100,11
6,300,0
6,2599,9
6,301,0
6,3100,11
6,1200,4
6,300,0
6,9699,39
6,3000,11
6,2400,9
6,599,1
6,800,2
6,501,1
6,7500,29
6,1400,5
6,4699,3
6,2001,7
6,300,0
6,2000,7
6,500,1
6,1200,4
6,3300,13
6,600,1
6,1300,4
6,2000,7
6,1399,5
6,901,2
6,2200,8
6,500,1
6,500,1
6,300,0
6,300,0
6,900,3
6,2000,7
6,300,0
6,1600,5
6,2400,8
6,1699,6
6,500,1
6,701,2
6,500,1
6,3300,13
6,900,3
6,1199,4
6,1001,3
6,500,1
6,4100,14
6,3900,15
6,199,0
6,3701,14
6,800,2
6,1000,3
6,2199,8
6,800,2
6,699,1
6,7600,30
6,300,0
6,2801,10
6,400,1
6,3499,13
6,500,1
6,801,2
6,2500,9
6,500,1
6,3299,13
6,8000,18
6,2001,3
6,1500,5
6,600,1
6,2499,5
6,3101,7
6,500,1
6,7100,19
6,2900,6
6,300,0
6,600,1
6,200,0
6,11101,32
6,5200,15
6,9800,30
6,2099,8
6,1401,5
6,300,0
6,2100,8
6,300,0
6,2499,9
6,700,2
6,1101,3
6,2300,9
6,1100,3
6,1700,6
6,1499,5
6,2000,7
6,1500,6
6,1000,3
6,6400,26
6,600,1
6,3200,13
6,600,1
6,1400,5
6,1100,3
6,1800,7
6,299,0
6,6001,25
6,1599,6
6,4801,19
6,200,0
6,300,0
6,1400,4
6,900,3
6,1499,5
6,5501,22
6,1100,3
6,999,3
6,1000,3
6,3000,12
6,300,0
6,700,2
6,5400,6
6,200,0
6,2200,8
6,500,1
6,1900,7
6,500,1
6,1000,3
6,4000,16
6,600,1
6,300,0
6,1001,3
6,200,0
6,1600,5
6,1200,4
6,1000,3
6,1699,6
6,1301,4
6,300,0
6,1100,4
6,1600,6
6,1900,7
6,2100,7
6,200,0
6,3200,13
6,1500,5
6,4200,16
6,400,1
6,600,1
6,300,0
6,2199,8
6,500,1
6,901,3
6,1200,4
6,3000,11
6,8400,35
6,4200,16
6,1200,4
6,1100,3
6,800,2
6,1599,6
6,300,0
6,801,2
6,2600,10
6,1300,4
6,1599,6
6,300,0
6,1201,4
6,500,1
6,1600,6
6,600,2
6,700,2
6,5900,24
6,600,1
6,500,1
6,1600,5
6,3100,11
6,300,0
6,2800,11
6,3700,15
6,800,3
6,8100,34
6,1100,3
6,300,0
6,11501,40
6,200,0
6,1500,5
6,23100,25
6,3500,1
6,3500,5
6,1799,3
6,3001,2
6,300,0
6,800,3
6,900,3
6,2299,9
6,300,0
6,4201,16
6,1300,5
6,6500,27
6,1399,4
6,300,0
6,700,2
6,1701,6
6,200,0
6,300,0
6,1000,3
6,1100,3
6,4100,16
6,1000,3
6,1000,3
6,800,2
6,700,2
6,2100,8
6,800,2
6,2400,8
6,600,1
6,1301,4
6,500,1
6,2600,9
6,500,1
6,700,2
6,2099,8
6,300,0
6,1500,5
6,5900,25
6,1700,6
6,3200,13
6,299,0
6,1500,5
6,2200,8
6,1500,5
6,3399,14
6,501,1
6,500,1
6,300,0
6,800,2
6,900,3
6,2299,8
6,1600,6
6,1200,4
6,1000,3
6,800,2
6,2400,9
6,500,1
6,2001,8
6,5899,24
6,700,2
6,3900,15
6,900,3
6,500,1
6,799,2
6,1000,3
6,3600,14
6,300,0
6,500,1
6,2699,10
6,5801,23
6,1400,5
6,200,0
6,300,0
6,4800,19
6,699,2
6,3301,13
6,1200,4
6,1400,5
6,2500,8
6,2599,10
6,5001,19
6,700,2
6,300,0
6,5000,20
6,900,3
6,600,1
6,4600,18
6,500,1
6,1900,7
6,300,0
6,2599,10
6,2101,7
6,300,0
6,3000,12
6,2400,9
6,300,0
6,3100,12
6,1300,4
6,300,0
6,200,0
6,1400,5
6,1601,6
6,1600,5
6,8200,34
6,2199,8
6,800,2
6,4901,20
6,300,0
6,999,3
6,1100,3
6,2101,8
6,500,1
6,5199,21
6,3100,13
6,700,2
6,3499,13
6,1600,5
6,6600,25
6,3100,12
6,600,2
6,300,0
6,1299,4
6,1301,5
6,1200,4
6,2300,9
6,900,3
6,2199,9
6,2401,9
6,500,1
6,1299,4
6,401,1
6,9000,37
6,500,1
6,1200,4
6,700,2
6,200,0
6,1399,5
6,400,1
6,3401,14
6,1200,4
6,200,0
6,400,1
6,500,1
6,1699,6
6,2101,8
6,2400,9
6,3600,14
6,700,2
6,1000,3
6,1800,7
6,500,1
6,300,0
6,300,0
6,800,2
6,400,1
6,5201,21
6,200,0
6,2500,9
6,4800,20
6,3500,13
6,1600,6
6,1100,4
6,500,1
6,3400,14
6,8100,34
6,2900,12
6,1400,5
6,4100,16
6,1600,6
6,5000,20
6,300,0
6,300,0
6,3999,17
6,900,3
6,1101,4
6,700,2
6,600,1
6,800,2
6,2999,12
6,1701,6
6,300,0
6,2599,9
6,600,1
6,301,0
6,700,2
6,1400,5
6,300,0
6,1200,4
6,300,0
6,1899,7
6,1201,4
6,1200,4
6,4699,19
6,300,0
6,4101,17
6,1000,3
6,1100,4
6,2201,8
6,600,1
6,2300,9
6,300,0
6,1899,7
6,700,3
6,701,2
6,3100,12
6,200,0
6,2899,11
6,300,0
6,4301,6
6,4400,17
6,800,2
6,1700,6
6,500,1
6,300,0
6,1100,3
6,499,1
6,700,2
6,1601,6
6,1600,6
6,1700,6
6,1000,3
6,799,2
6,901,3
6,1200,4
6,1600,6
6,1000,3
6,600,2
6,3200,13
6,5100,14
6,1400,4
6,601,1
6,2400,9
6,1400,5
6,1200,4
6,2800,10
6,2199,8
6,3801,14
6,500,1
6,1800,6
6,700,2
6,2000,8
6,700,2
6,800,2
6,1700,6
6,1900,7
6,299,0
6,1901,7
6,2200,8
6,200,0
6,300,0
6,500,1
6,2099,8
6,3201,12
6,2500,10
6,900,3
6,499,1
6,1000,3
6,3701,14
6,800,2
6,1200,4
6,2100,9
6,300,0
6,5299,22
6,900,3
6,701,2
6,2800,11
6,300,0
6,2599,10
6,700,2
6,501,1
6,2100,8
6,1300,4
6,1100,4
6,800,3
6,3101,13
6,200,0
6,500,1
6,2600,10
6,200,0
6,1900,7
6,1000,3
6,700,2
6,1900,7
6,3299,13
6,701,2
6,1000,3
6,1300,4
6,300,0
6,4599,19
6,200,0
6,3601,14
6,700,2
6,800,2
6,3100,12
6,1200,4
6,800,2
6,400,1
6,1700,6
6,4700,10
6,2000,3
6,3500,10
6,2300,8
6,1000,3
6,5400,20
6,500,1
6,1800,6
6,799,2
6,1300,5
6,201,0
6,1100,3
6,3700,14
6,2099,8
6,1501,5
6,2000,8
6,1800,7
6,599,2
6,2801,11
6,500,1
6,1000,3
6,700,2
6,2199,8
6,4301,9
6,1600,6
6,1499,5
6,500,1
6,500,1
6,3301,12
6,3099,13
6,500,1
6,701,2
6,4800,18
6,2299,10
6,2100,7
6,500,1
6,700,2
6,5400,21
6,12499,16
6,1301,4
6,700,2
6,700,2
6,200,0
6,300,0
6,500,1
6,1700,5
6,1999,3
6,500,1
6,801,2
6,1200,4
6,2600,10
6,1300,4
6,299,0
6,1701,6
6,4500,17
6,1100,4
6,6301,22
6,600,2
6,1199,4
6,1501,2
6,1300,5
6,500,1
6,200,0
6,300,0
6,400,1
6,2299,8
6,700,2
6,3601,15
6,3099,12
6,500,1
6,4301,18
6,300,0
6,1699,6
6,300,0
6,1501,5
6,1500,5
6,7500,31
6,900,3
6,5100,21
6,800,2
6,900,3
6,1400,5
6,1400,5
6,2100,8
6,800,2
6,4400,17
6,999,3
6,500,1
6,2401,8
6,3000,12
6,1899,7
6,601,1
6,700,2
6,800,2
6,900,3
6,2900,11
6,300,0
6,1700,6
6,700,2
6,700,2
6,3700,14
6,4200,15
6,3300,13
6,800,3
6,300,0
6,2700,10
6,1399,5
6,3801,14
6,6300,25
6,3100,12
6,3000,12
6,700,2
6,500,1
6,2000,7
6,800,2
6,2500,10
6,700,2
6,2300,9
6,4500,17
6,8400,24
6,2700,8
6,1499,4
6,1500,4
6,1800,5
6,1100,3
6,3999,13
6,901,2
6,4300,13
6,2099,6
6,1101,3
6,700,2
6,1300,4
6,4200,14
6,900,2
6,1400,4
6,500,1
6,200,0
6,2499,8
6,1000,3
6,801,2
6,600,1
6,2300,8
6,1800,5
6,499,1
6,700,1
6,300,0
6,700,2
6,2200,7
6,999,3
6,2901,11
6,200,0
6,400,0
6,5000,18
6,1200,4
6,6800,23
6,800,2
6,300,0
6,5500,20
6,2600,9
6,900,2
6,400,0
6,11700,46
6,300,0
6,4999,18
6,200,0
6,3901,14
6,200,0
6,300,0
6,1000,3
6,3000,10
6,4600,16
6,2500,9
6,1200,4
6,2400,8
6,1500,5
6,299,0
6,200,0
6,200,0
6,1401,4
6,9000,36
6,800,2
6,600,1
6,500,1
6,200,0
6,2199,8
6,500,1
6,2500,8
6,800,2
6,200,0
6,1100,4
6,300,0
6,1099,3
6,2001,7
6,900,2
6,500,1
6,1700,6
6,500,1
6,2300,8
6,600,1
6,500,1
6,1999,6
6,800,2
6,1401,5
6,1300,4
6,2800,10
6,500,1
6,5901,22
6,500,1
6,500,1
6,2800,9
6,2700,10
6,6000,23
6,3999,15
6,500,1
6,700,2
6,201,0
6,300,0
6,5000,18
6,299,0
6,2701,10
6,600,1
6,2700,11
6,6800,26
6,1500,5
6,1299,4
6,1301,4
6,5899,23
6,1701,0
6,900,3
6,5299,22
6,201,0
6,1700,6
6,4699,18
6,1301,4
6,1000,3
6,900,2
6,1000,3
6,5200,21
6,700,2
6,4199,16
6,300,0
6,5001,19
6,800,2
6,200,0
6,1199,3
6,801,2
6,1200,4
6,4599,18
6,5001,20
6,801,2
6,1600,5
6,4599,17
6,2201,8
6,200,0
6,2400,9
6,3300,12
6,900,3
6,400,1
6,1000,3
6,3099,11
6,1601,6
6,500,1
6,300,0
6,1100,3
6,1700,6
6,5200,20
6,1500,5
6,2899,11
6,1101,3
6,500,1
6,1400,6
6,1800,6
6,1299,5
6,1801,6
6,3000,11
6,2399,8
6,5201,21
6,1100,4
6,3600,15
6,600,2
6,1800,6
6,1600,5
6,800,2
6,701,2
6,2000,7
6,600,1
6,5200,8
6,600,1
6,900,3
6,200,0
6,3499,12
6,500,1
6,1601,6
6,900,3
6,1700,6
6,1000,3
6,2099,8
6,7400,20
6,400,0
6,1000,1
6,1600,3
6,1701,3
6,2800,6
6,600,1
6,399,0
6,1200,2
6,601,1
6,1800,4
6,1100,2
6,400,0
6,1399,3
6,2701,6
6,4299,15
6,1400,4
6,3101,11
6,300,0
6,1900,7
6,1999,7
6,1101,4
6,3600,15
6,2599,9
6,1301,4
6,1300,4
6,3399,13
6,900,3
6,701,2
6,300,0
6,400,0
6,2600,10
6,600,1
6,6300,25
6,200,0
6,3499,14
6,601,1
6,600,1
6,600,1
6,2400,8
6,1899,7
6,800,2
6,2201,8
6,2600,10
6,1799,6
6,2501,9
6,2600,9
6,1899,6
6,1601,6
6,800,2
6,1800,6
6,1900,7
6,3900,15
6,2600,9
6,4000,15
6,4601,18
6,900,3
6,1400,4
6,3900,15
6,1100,4
6,800,2
6,200,0
6,1599,6
6,500,1
6,901,3
6,600,2
6,500,1
6,500,1
6,700,2
6,3399,14
6,701,2
6,300,0
6,400,1
6,3400,13
6,1000,3
6,999,3
6,2301,9
6,1900,7
6,8700,34
6,2199,8
6,29200,30
6,1601,6
6,700,2
6,800,2
6,800,3
6,4599,17
6,53100,6
6,13500,19
6,7500,2
6,2100,1
6,7600,12
6,1000,1
6,3200,5
6,2900,5
6,1400,2
6,2399,3
6,4801,8
6,3600,5
6,3400,6
6,9899,9
6,3801,6
6,7200,14
6,1100,1
6,2499,4
6,401,0
6,2700,5
6,1100,1
6,4800,8
6,5599,12
6,6301,13
6,2299,3
6,17601,33
6,3999,7
6,500,0
6,8101,16
6,2400,4
6,8300,18
6,1500,2
6,1699,2
6,1601,3
6,2000,3
6,900,1
6,4900,8
6,5399,11
6,401,0
6,600,0
6,900,1
6,400,0
6,1000,1
6,10199,20
6,4101,9
6,7200,15
6,3299,8
6,4101,9
6,4800,9
6,700,1
6,800,1
6,5199,11
6,4400,10
6,3800,8
6,3000,7
6,1600,3
6,2000,4
6,600,0
6,4400,10
6,1299,3
6,500,0
6,1001,1
6,10200,27
6,800,1
6,5100,12
6,1700,3
6,1899,3
6,3801,8
6,4800,12
6,3800,8
6,3199,7
6,1501,3
6,600,0
6,4099,10
6,2901,6
6,2500,6
6,4900,12
6,3600,8
6,1299,3
6,3501,8
6,300,0
6,500,0
6,4400,11
6,3500,8
6,300,0
6,2399,4
6,2700,6
6,3499,8
6,2901,7
6,1000,2
6,8400,22
6,300,0
6,4200,11
6,2500,6
6,300,0
6,5500,14
6,6400,17
6,8900,23
6,700,1
6,300,0
6,2999,6
6,701,1
6,5499,14
6,600,1
6,1101,2
6,1000,2
6,700,1
6,3299,9
6,6201,16
6,3000,8
6,1400,4
6,1400,3
6,300,0
6,1300,2
6,2200,6
6,4900,13
6,400,0
6,4600,13
6,3499,9
6,600,1
6,4701,13
6,7900,22
6,700,1
6,400,0
6,12600,34
6,600,1
6,2899,8
6,7001,4
6,2600,6
6,5199,12
6,700,1
6,3301,8
6,6900,16
6,1400,3
6,2299,5
6,4001,11
6,9900,28
6,2700,6
6,5199,14
6,2801,6
6,1900,4
6,1800,4
6,5200,14
6,2799,6
6,3501,8
6,4499,11
6,801,1
6,2300,5
6,1100,2
6,500,0
6,1599,4
6,600,1
6,1101,2
6,1200,1
6,2300,5
6,700,1
6,999,2
6,1201,2
6,400,0
6,500,0
6,300,0
6,2300,5
6,400,0
6,3800,9
6,1100,2
6,6000,14
6,2100,5
6,800,1
6,900,1
6,8699,23
6,900,2
6,700,1
6,2100,5
6,2799,7
6,2901,7
6,501,0
6,1000,2
6,5899,16
6,2901,8
6,1400,3
6,12000,25
6,1500,2
6,2699,5
6,2401,6
6,2500,6
6,1200,2
6,799,1
6,1801,4
6,700,1
6,2700,7
6,500,0
6,1299,3
6,3301,8
6,2000,5
6,700,1
6,1999,5
6,2301,6
6,700,1
6,1400,3
6,1299,3
6,3201,10
6,400,0
6,1300,3
6,900,1
6,7200,20
6,3300,9
6,700,1
6,3000,8
6,6900,19
6,600,1
6,2800,8
6,900,2
6,700,1
6,1000,2
6,3899,10
6,3200,9
6,1700,4
6,400,0
6,699,1
6,1201,2
6,1700,4
6,2200,6
6,7200,22
6,5400,14
6,1000,2
6,3299,9
6,6100,17
6,2000,5
6,1000,2
6,599,1
6,5001,14
6,400,0
6,7100,20
6,1300,3
6,1999,5
6,1000,2
6,1000,2
6,2500,6
6,799,2
6,4001,12
6,1000,2
6,400,0
6,3800,11
6,1200,3
6,1100,2
6,500,1
6,2499,7
6,1000,2
6,2301,7
6,2900,7
6,899,2
6,2501,7
6,3200,9
6,2900,7
6,700,1
6,12899,38
6,700,1
6,1401,3
6,1000,2
6,1300,3
6,1500,4
6,2800,7
6,2600,8
6,1700,4
6,3600,10
6,6400,18
6,3500,10
6,3299,10
6,401,0
6,4200,13
6,1699,4
6,8300,19
6,2601,5
6,400,0
6,4099,9
6,5101,13
6,2599,5
6,1500,3
6,899,1
6,1200,2
6,5200,13
6,799,1
6,1100,2
6,1300,1
6,4599,12
6,2701,6
6,900,2
6,1700,3
6,800,1
6,2700,7
6,1600,4
6,400,0
6,4900,13
6,900,2
6,2800,6
6,800,1
6,3400,8
6,3100,8
6,800,1
6,400,0
6,2601,6
6,3300,8
6,10399,18
6,401,0
6,1300,3
6,1700,4
6,1900,6
6,599,1
6,9101,31
6,1300,4
6,3400,11
6,5500,19
6,4900,17
6,1400,5
6,6400,23
6,2400,7
6,500,1
6,1799,6
6,7101,26
6,4100,13
6,1100,3
6,200,0
6,1200,3
6,2399,8
6,2301,7
6,2400,9
6,3200,11
6,800,2
6,2099,7
6,3401,13
6,500,0
6,500,1
6,1000,3
6,999,3
6,300,0
6,5701,20
6,8699,32
6,3901,9
6,2100,5
6,500,0
6,400,0
6,700,1
6,3701,14
6,200,0
6,1500,5
6,5400,21
6,1700,4
6,3500,12
6,300,0
6,300,0
6,1400,5
6,200,0
6,1100,3
6,2900,11
6,400,0
6,4100,14
6,300,0
6,2200,8
6,300,0
6,2200,7
6,300,0
6,1000,3
6,3900,14
6,8800,35
6,300,0
6,3799,14
6,500,1
6,1901,7
6,1400,4
6,800,2
6,1400,4
6,300,0
6,300,0
6,800,2
6,901,2
6,4800,18
6,199,0
6,2601,8
6,1000,3
6,4399,17
6,4201,16
6,2101,7
6,500,1
6,700,2
6,3999,15
6,300,0
6,700,2
6,1400,4
6,3700,14
6,300,0
6,700,2
6,3201,12
6,5300,19
6,1100,3
6,700,2
6,1100,4
6,1600,4
6,599,1
6,1901,7
6,1500,5
6,900,3
6,1700,5
6,1099,3
6,1000,2
6,1001,3
6,1600,6
6,300,0
6,1200,2
6,900,3
6,300,0
6,4201,16
6,3399,12
6,2101,7
6,1100,3
6,1800,6
6,200,0
6,2399,8
6,4701,16
6,1899,6
6,2201,7
6,4699,16
6,3901,4
6,300,0
6,2300,9
6,2000,7
6,2900,11
6,700,2
6,1700,5
6,899,2
6,4101,15
6,3099,12
6,1401,5
6,600,1
6,2501,9
6,700,2
6,200,0
6,1300,4
6,900,2
6,200,0
6,299,0
6,1601,6
6,1400,5
6,2600,8
6,2099,7
6,500,1
6,2201,5
6,1200,4
6,1700,6
6,6100,24
6,1900,7
6,1699,6
6,701,2
6,1800,7
6,4099,16
6,4801,18
6,1400,5
6,2300,8
6,2100,8
6,500,1
6,2000,7
6,7600,31
6,4400,17
6,1000,3
6,7500,30
6,1800,6
6,1499,5
6,2701,9
6,900,3
6,1100,4
6,3099,11
6,3900,14
6,1999,7
6,2501,10
6,300,0
6,3800,15
6,3900,15
6,1100,3
6,1300,4
6,3700,13
6,2300,8
6,2500,9
6,6600,26
6,300,0
6,1600,6
6,1400,5
6,800,2
6,299,0
6,3001,11
6,1400,4
6,1200,4
6,3500,12
6,3900,15
6,2499,9
6,1201,4
6,700,2
6,5699,23
6,4701,19
6,900,3
6,2500,10
6,2200,8
6,1400,4
6,800,2
6,2299,8
6,4400,17
6,1899,7
6,300,0
6,1501,5
6,3800,15
6,800,2
6,1299,4
6,1701,6
6,300,0
6,1600,5
6,3399,13
6,901,2
6,1000,3
6,300,0
6,1800,6
6,800,2
6,2799,11
6,2501,9
6,7000,28
6,500,1
6,600,1
6,3699,14
6,501,1
6,1900,6
6,1500,5
6,1900,7
6,999,3
6,700,2
6,3400,13
6,1100,3
6,1599,5
6,1801,6
6,3399,12
6,1500,5
6,900,2
6,1800,7
6,600,1
6,1499,5
6,200,0
6,801,2
6,2400,9
6,2500,10
6,1399,5
6,901,2
6,300,0
6,900,2
6,2500,9
6,300,0
6,1899,7
6,500,1
6,1300,4
6,800,2
6,2300,8
6,1000,3
6,1801,7
6,4800,18
6,4100,15
6,500,1
6,600,1
6,300,0
6,300,0
6,1700,6
6,3200,11
6,1200,4
6,6400,28
6,4399,17
6,2001,8
6,2000,7
6,300,0
6,2700,10
6,1799,6
6,2300,8
6,1400,5
6,300,0
6,1599,6
6,500,1
6,4901,14
6,5600,13
6,6900,17
6,3100,6
6,4400,11
6,4399,11
6,5301,10
6,2800,6
6,2000,5
6,1399,2
6,1401,4
6,5599,15
6,2101,5
6,2000,5
6,400,0
6,1100,3
6,1999,5
6,1201,3
6,1900,4
6,500,0
6,300,0
6,4800,15
6,1600,4
6,1000,2
6,400,0
6,4200,12
6,1500,4
6,4299,12
6,2701,8
6,400,0
6,1300,3
6,400,0
6,1999,6
6,3001,9
6,600,1
6,9200,21
6,4000,12
6,700,1
6,3500,10
6,600,1
6,3501,10
6,2800,8
6,1699,5
6,1701,5
6,11100,5
6,1999,5
6,10001,32
6,3100,10
6,5000,15
6,6300,20
6,400,0
6,3599,12
6,2301,7
6,1400,4
6,2900,8
6,1299,3
6,701,1
6,6399,21
6,900,2
6,500,1
6,900,2
6,400,0
6,2501,7
6,2300,7
6,300,0
6,400,0
6,1199,3
6,800,2
6,1301,3
6,800,2
6,7500,26
6,900,2
6,300,0
6,2000,7
6,1999,6
6,3801,11
6,300,0
6,4300,8
6,5799,20
6,5201,17
6,3400,11
6,3700,14
6,900,2
6,3200,11
6,1000,3
6,300,0
6,1900,6
6,2899,10
6,8300,16
6,3300,11
6,700,1
6,299,0
6,300,0
6,2301,6
6,3600,6
6,300,0
6,1499,4
6,400,0
6,801,1
6,900,2
6,3600,10
6,5300,16
6,2500,7
6,3501,11
6,600,1
6,2600,7
6,2199,7
6,2200,7
6,1200,3
6,1400,4
6,4399,13
6,1201,3
6,14499,21
6,300,0
6,301,0
6,1300,4
6,600,1
6,5400,10
6,300,0
6,2400,7
6,1800,5
6,1699,5
6,2401,8
6,16300,31
6,1300,3
6,1000,2
6,4400,15
6,1600,5
6,2299,6
6,1200,3
6,701,1
6,400,0
6,200,0
6,700,2
6,1600,3
6,2499,9
6,901,1
6,2000,3
6,3499,5
6,500,0
6,2901,8
6,500,1
6,900,2
6,3299,12
6,1101,3
6,2500,8
6,1300,5
6,600,1
6,2500,9
6,6299,23
6,2701,9
6,2200,7
6,2599,8
6,2201,7
6,2400,8
6,1099,3
6,1100,3
6,1701,5
6,300,0
6,700,2
6,200,0
6,400,0
6,1301,4
6,3200,11
6,1800,5
6,299,0
6,800,2
6,1001,3
6,1200,4
6,1700,5
6,1900,6
6,2601,9
6,500,1
6,1300,4
6,1900,6
6,500,1
6,1299,4
6,13801,23
6,699,1
6,300,0
6,600,1
6,2801,10
6,4599,17
6,1001,3
6,500,1
6,4200,13
6,2700,9
6,300,0
6,2400,9
6,3099,11
6,1301,4
6,1700,6
6,700,2
6,5700,21
6,7600,28
6,1900,7
6,200,0
6,7000,27
6,3399,13
6,5700,22
6,800,2
6,901,2
6,1100,4
6,3200,12
6,300,0
6,500,1
6,5900,23
6,2199,8
6,2501,9
6,4200,17
6,200,0
6,1701,6
6,2300,9
6,1801,6
6,200,0
6,1800,7
6,200,0
6,1900,6
6,3100,11
6,2200,8
6,2899,11
6,1201,4
6,2900,10
6,2300,7
6,2600,9
6,1300,4
6,1500,4
6,600,1
6,1799,6
6,700,2
6,2901,11
6,3599,12
6,600,1
6,500,1
6,2500,10
6,300,0
6,800,2
6,1500,5
6,599,1
6,4301,15
6,300,0
6,2000,7
6,2400,8
6,2100,8
6,300,0
6,2400,9
6,299,0
6,800,2
6,1701,6
6,3000,11
6,5200,20
6,2900,10
6,1599,5
6,800,2
6,3401,12
6,1200,4
6,3100,11
6,1600,6
6,1100,3
6,2799,10
6,3301,11
6,600,1
6,1900,6
6,2999,11
6,1801,6
6,3800,14
6,2399,8
6,3501,13
6,1500,5
6,500,1
6,1499,5
6,2701,9
6,2900,10
6,1199,4
6,300,0
6,1601,5
6,400,1
6,1700,6
6,2799,10
6,3401,13
6,700,2
6,1200,3
6,2999,11
6,901,3
6,2600,10
6,300,0
6,2799,11
6,1301,4
6,300,0
6,1100,3
6,2000,7
6,4400,17
6,900,3
6,1500,5
6,3800,15
6,1900,7
6,900,2
6,300,0
6,1300,4
6,700,2
6,1100,3
6,1601,6
6,1700,6
6,800,2
6,900,3
6,1199,4
6,700,2
6,901,3
6,1200,4
6,2500,9
6,500,1
6,1099,4
6,2901,10
6,4899,20
6,500,1
6,2401,8
6,3000,11
6,300,0
6,3900,14
6,299,0
6,3201,11
6,1800,7
6,1300,5
6,1199,4
6,2401,9
6,4600,18
6,1801,6
6,200,0
6,200,0
6,6099,24
6,1601,5
6,1000,3
6,2000,7
6,700,2
6,3300,12
6,5000,16
6,1501,3
6,2700,6
6,4900,13
6,1100,3
6,1400,4
6,2200,8
6,699,2
6,900,3
6,1400,4
6,3400,12
6,4400,17
6,3400,13
6,1199,4
6,1401,5
6,800,2
6,5399,20
6,200,0
6,3601,13
6,4400,18
6,1400,5
6,4199,17
6,2401,9
6,1200,4
6,800,3
6,300,0
6,300,0
6,500,1
6,1899,7
6,800,2
6,2701,10
6,1800,6
6,801,2
6,2200,9
6,5600,23
6,3300,12
6,500,1
6,2700,11
6,1100,3
6,800,2
6,2200,8
6,1599,5
6,8400,22
6,3500,13
6,600,1
6,700,2
6,699,2
6,4001,15
6,3100,11
6,500,1
6,1000,3
6,301,0
6,6899,26
6,301,0
6,1300,4
6,300,0
6,2200,8
6,1899,7
6,600,1
6,1701,5
6,200,0
6,200,0
6,800,2
6,300,0
6,1200,4
6,1100,3
6,1199,4
6,2601,10
6,300,0
6,7300,20
6,300,0
6,2500,9
6,1899,7
6,3001,11
6,1100,3
6,300,0
6,400,1
6,400,1
6,2299,8
6,2100,8
6,700,2
6,2799,11
6,1100,3
6,701,2
6,22400,79
6,3099,12
6,3301,12
6,700,2
6,1100,4
6,2099,8
6,2001,7
6,2200,8
6,1700,6
6,899,3
6,1401,5
6,600,2
6,600,1
6,300,0
6,1400,5
6,900,3
6,2599,7
6,501,0
6,400,0
6,4500,11
6,599,1
6,3401,9
6,6300,17
6,1100,2
6,600,1
6,7300,19
6,800,1
6,3600,11
6,1100,3
6,2000,4
6,400,0
6,1699,3
6,15700,15
6,1400,3
6,1600,3
6,1199,3
6,3501,9
6,1100,2
6,5800,15
6,2300,5
6,13200,37
6,3199,8
6,400,0
6,3001,7
6,2000,4
6,1099,2
6,400,0
6,400,0
6,1301,2
6,5299,13
6,701,1
6,4900,14
6,800,1
6,12799,15
6,400,0
6,500,0
6,1800,3
6,1700,3
6,799,1
6,1301,2
6,6899,6
6,2000,4
6,10800,19
6,700,1
6,800,1
6,400,0
6,400,0
6,3000,7
6,500,0
6,699,1
6,600,1
6,5601,3
6,499,0
6,5701,15
6,400,0
6,1499,3
6,901,2
6,4299,8
6,500,0
6,16400,24
6,3500,6
6,2800,4
6,6199,16
6,37700,16
6,2699,3
6,1201,1
6,4400,6
6,8399,16
6,400,0
6,1101,2
6,900,1
6,1400,2
6,9100,20
6,3100,5
6,1700,2
6,2000,3
6,21600,45
6,3400,5
6,1000,1
6,4899,12
6,400,0
6,1401,2
6,3300,8
6,8400,18
6,4700,10
6,500,0
6,8800,20
6,2299,3
6,1201,2
6,4000,8
6,1899,3
6,4801,9
6,1699,3
6,2801,5
6,2300,4
6,7000,15
6,5700,1
6,5300,10
6,500,0
6,2000,4
6,4800,11
6,2500,6
6,300,0
6,8900,12
6,600,1
6,2100,5
6,5500,14
6,3599,10
6,1601,3
6,2800,7
6,3599,9
6,9801,31
6,700,1
6,5800,17
6,1000,2
6,1100,2
6,2199,5
6,1400,2
6,2201,4
6,1400,2
6,500,0
6,11800,29
6,3700,9
6,7800,19
6,899,1
6,2101,5
6,6800,17
6,9300,21
6,3699,7
6,3400,8
6,2399,5
6,1101,2
6,3800,9
6,3099,7
6,3801,10
6,2800,7
6,2700,7
6,4000,12
6,400,0
6,4400,10
6,3000,7
6,599,1
6,2701,7
6,1000,2
6,2600,6
6,5000,15
6,1300,3
6,3700,10
6,4400,13
6,2299,6
6,401,0
6,7900,24
6,200,0
6,600,1
6,2400,6
6,2399,7
6,1001,2
6,300,0
6,1100,3
6,1800,5
6,1300,3
6,1699,4
6,300,0
6,2201,6
6,2500,7
6,1699,4
6,1201,3
6,3800,12
6,1500,4
6,699,2
6,1601,4
6,300,0
6,1700,5
6,3000,8
6,5901,19
6,3099,10
6,2301,7
6,1200,3
6,2100,6
6,399,0
6,1401,4
6,2000,6
6,2900,9
6,300,0
6,2900,10
6,400,0
6,1899,6
6,3801,12
6,1100,3
6,300,0
6,1199,3
6,1000,2
6,1401,4
6,1100,3
6,900,2
6,1300,3
6,3700,11
6,1800,5
6,4399,14
6,2401,7
6,3699,13
6,800,1
6,3901,11
6,1600,5
6,2399,7
6,801,2
6,1400,3
6,3899,11
6,1501,4
6,3300,11
6,4800,16
6,2400,9
6,12000,42
6,400,1
6,1600,5
6,300,0
6,1800,5
6,300,0
6,499,1
6,400,0
6,4001,14
6,500,1
6,11099,38
6,2001,6
6,200,0
6,1000,3
6,2499,9
6,2001,6
6,1000,3
6,2000,7
6,1200,3
6,799,2
6,400,1
6,2401,8
6,2800,10
6,4800,18
6,400,0
6,3400,12
6,2299,8
6,1300,4
6,700,1
6,4299,16
6,1001,4
6,2500,8
6,300,0
6,3299,12
6,1701,5
6,300,0
6,1600,5
6,300,0
6,200,0
6,2000,7
6,4101,17
6,1200,4
6,1300,4
6,3100,10
6,1500,5
6,6600,25
6,1200,3
6,3000,10
6,2101,7
6,1400,4
6,700,2
6,1200,4
6,1999,7
6,300,0
6,700,2
6,300,0
6,2900,10
6,2499,10
6,3701,13
6,1700,5
6,600,1
6,1399,4
6,900,2
6,300,0
6,1801,6
6,300,0
6,3100,12
6,999,3
6,5301,20
6,3900,14
6,6399,26
6,3801,13
6,5200,21
6,300,0
6,600,2
6,300,0
6,2500,8
6,1200,3
6,4400,15
6,900,3
6,300,0
6,2100,7
6,499,1
6,600,1
6,2001,7
6,1000,3
6,2100,7
6,1999,6
6,200,0
6,1501,5
6,1900,7
6,1700,5
6,999,3
6,1701,5
6,500,1
6,1000,3
6,2800,10
6,500,1
6,2500,8
6,1500,5
6,200,0
6,600,1
6,2000,7
6,2900,11
6,1100,3
6,2400,7
6,600,0
6,799,1
6,1601,3
6,1300,2
6,1300,2
6,1700,3
6,1499,3
6,4301,11
6,600,0
6,6500,16
6,700,1
6,2199,5
6,2000,4
6,3499,8
6,2501,6
6,400,0
6,2800,6
6,500,0
6,2100,5
6,1000,3
6,4999,20
6,9400,14
6,1199,4
6,2901,11
6,2900,11
6,899,2
6,4401,15
6,4700,19
6,1300,4
6,200,0
6,2400,9
6,5100,18
6,300,0
6,3799,15
6,2801,10
6,1900,6
6,1899,7
6,300,0
6,300,0
6,400,0
6,1401,5
6,400,1
6,2100,8
6,500,1
6,1599,5
6,1200,4
6,1800,6
6,1000,2
6,900,3
6,6200,22
6,1900,5
6,1699,5
6,6301,20
6,400,0
6,2501,8
6,900,2
6,4399,14
6,1301,4
6,300,0
6,2100,6
6,1500,5
6,2099,7
6,1901,6
6,500,1
6,2600,7
6,5100,18
6,4299,15
6,500,1
6,300,0
6,600,1
6,3200,12
6,4800,18
6,1700,5
6,6301,23
6,3100,10
6,1700,6
6,2700,9
6,2099,7
6,1301,4
6,200,0
6,600,1
6,4499,17
6,7900,29
6,601,1
6,900,3
6,700,2
6,200,0
6,7800,28
6,200,0
6,800,2
6,6200,23
6,2799,10
6,1400,5
6,1601,5
6,3500,12
6,1699,6
6,300,0
6,4801,7
6,200,0
6,3500,13
6,800,2
6,9200,23
6,1600,4
6,1699,4
6,5899,7
6,2901,5
6,1700,4
6,799,1
6,1300,3
6,401,0
6,2600,4
6,6500,7
6,11199,36
6,2601,7
6,500,1
6,1400,2
6,14800,38
6,4900,12
6,500,0
6,5000,13
6,900,1
6,3300,8
6,4600,11
6,12299,32
6,1699,3
6,11401,33
6,1500,3
6,7100,17
6,700,1
6,5900,17
6,2599,7
6,4301,11
6,11499,31
6,300,0
6,2500,5
6,5300,13
6,400,0
6,1500,3
6,4100,11
6,2100,4
6,1800,4
6,1799,5
6,4501,11
6,7600,22
6,3900,11
6,500,0
6,800,1
6,3200,7
6,699,1
6,8700,24
6,1900,5
6,2000,5
6,900,1
6,1099,2
6,8100,23
6,500,0
6,1900,4
6,5900,14
6,800,1
6,700,1
6,1100,2
6,1299,2
6,7201,12
6,5901,15
6,1599,3
6,1000,2
6,2301,5
6,1600,3
6,700,1
6,1299,0
6,2901,7
6,700,1
6,1200,3
6,400,0
6,3099,7
6,1001,2
6,6199,17
6,901,1
6,700,1
6,2100,6
6,8500,21
6,1299,3
6,800,1
6,501,0
6,300,0
6,2700,6
6,700,1
6,1799,4
6,31601,34
6,4400,7
6,4601,9
6,2999,6
6,1801,3
6,1800,3
6,3599,8
6,400,0
6,1401,2
6,4899,11
6,1000,2
6,1801,4
6,2300,6
6,1800,4
6,499,0
6,1201,2
6,6799,18
6,4101,10
6,400,0
6,8300,20
6,3300,7
6,3300,8
6,1100,2
6,1599,3
6,200,0
6,2401,6
6,5900,15
6,400,0
6,6399,17
6,301,0
6,1500,3
6,1200,2
6,2100,5
6,5100,14
6,2500,8
6,4601,6
6,5600,17
6,10800,30
6,1100,2
6,3800,11
6,2800,9
6,700,1
6,1000,2
6,3200,8
6,2100,5
6,200,0
6,1000,2
6,999,2
6,1701,4
6,3100,10
6,15300,50
6,500,1
6,2399,6
6,400,0
6,2101,6
6,1100,2
6,900,2
6,600,1
6,2199,7
6,801,2
6,6699,22
6,1501,4
6,3500,10
6,2599,9
6,301,0
6,900,2
6,2000,6
6,900,2
6,400,0
6,2099,5
6,2401,7
6,600,1
6,3099,5
6,8900,24
6,701,1
6,1400,4
6,6400,19
6,3700,9
6,3500,9
6,5899,18
6,4001,12
6,4099,12
6,301,0
6,600,1
6,2800,8
6,700,1
6,2399,7
6,1001,2
6,4500,15
6,2900,5
6,6100,12
6,900,1
6,1300,2
6,399,0
6,500,0
6,8301,7
6,2000,3
6,3399,6
6,1000,1
6,6099,14
6,2501,6
6,3300,10
6,8799,25
6,600,1
6,9601,26
6,1400,3
6,5400,15
6,300,0
6,4000,10
6,400,0
6,2801,6
6,1800,3
6,1100,2
6,5100,12
6,1600,3
6,2299,5
6,1601,3
6,5199,14
6,4801,14
6,1700,4
6,399,0
6,6301,19
6,3900,10
6,600,1
6,9900,29
6,1300,3
6,2201,4
6,4600,11
6,599,1
6,13501,28
6,300,0
6,300,0
6,1599,4
6,2601,9
6,1900,7
6,3400,12
6,1000,2
6,2600,8
6,400,0
6,1200,3
6,2400,8
6,400,0
6,2899,9
6,1801,6
6,400,0
6,2700,9
6,1300,4
6,1100,4
6,3801,14
6,1500,4
6,600,1
6,299,0
6,900,3
6,3701,12
6,800,2
6,4600,17
6,300,0
6,1500,5
6,4099,12
6,400,0
6,1000,2
6,1700,6
6,900,2
6,1200,3
6,2101,7
6,1200,3
6,1600,5
6,1300,4
6,800,2
6,1100,3
6,4801,17
6,200,0
6,300,0
6,2700,10
6,700,2
6,600,1
6,1200,3
6,2799,10
6,2101,8
6,2300,7
6,1000,3
6,1100,3
6,2099,6
6,5101,17
6,5000,19
6,600,1
6,500,1
6,3299,13
6,1100,3
6,1600,5
6,300,0
6,1700,5
6,700,1
6,400,0
6,1300,4
6,799,2
6,300,0
6,1301,4
6,3200,12
6,700,1
6,1899,7
6,1301,4
6,3400,13
6,600,1
6,300,0
6,3400,10
6,1800,6
6,800,2
6,900,2
6,3200,11
6,3800,13
6,2199,7
6,3001,11
6,2900,9
6,1299,4
6,2501,10
6,1900,7
6,300,0
6,1500,5
6,2199,8
6,701,2
6,3500,12
6,1400,4
6,1499,5
6,901,2
6,2900,10
6,1200,3
6,2199,8
6,1101,3
6,300,0
6,500,1
6,2400,9
6,800,2
6,300,0
6,299,0
6,200,0
6,600,1
6,2901,11
6,900,3
6,1200,4
6,2599,10
6,1601,5
6,4999,20
6,600,1
6,1200,3
6,1800,6
6,800,2
6,300,0
6,4501,17
6,2699,9
6,601,1
6,1900,7
6,300,0
6,4099,14
6,3601,13
6,5000,18
6,1000,3
6,2000,7
6,2100,7
6,499,1
6,1401,4
6,1300,4
6,2500,10
6,5000,18
6,4299,16
6,800,2
6,8001,31
6,2800,10
6,1100,3
6,2799,10
6,2001,7
6,400,1
6,600,1
6,500,1
6,7100,29
6,1600,6
6,1099,3
6,300,0
6,4401,16
6,500,0
6,3700,6
6,3800,9
6,4500,16
6,1800,6
6,500,1
6,2099,7
6,500,1
6,500,1
6,2701,10
6,600,1
6,2799,10
6,500,1
6,600,1
6,1101,3
6,1100,3
6,1099,2
6,300,0
6,1701,6
6,5599,21
6,1100,4
6,2300,9
6,2500,8
6,4900,20
6,700,2
6,600,1
6,300,0
6,1200,4
6,3100,12
6,1500,5
6,700,2
6,1200,4
6,2199,8
6,301,0
6,300,0
6,2300,9
6,300,0
6,1200,4
6,4100,16
6,2300,8
6,1000,4
6,600,1
6,999,3
6,2601,10
6,200,0
6,300,0
6,900,3
6,8300,27
6,2099,4
6,1601,3
6,4400,12
6,1699,4
6,1101,2
6,2200,6
6,1100,2
6,10800,31
6,4400,13
6,1399,3
6,800,1
6,2800,7
6,400,0
6,400,0
6,1100,2
6,2500,5
6,1600,3
6,500,0
6,1200,2
6,400,0
6,2500,5
6,2300,5
6,600,0
6,1000,1
6,4499,10
6,1801,4
6,800,1
6,6100,14
6,3900,9
6,1499,3
6,1601,3
6,5299,12
6,3801,8
6,6500,12
6,6400,13
6,2800,4
6,2900,7
6,16300,39
6,8600,16
6,2300,4
6,2099,3
6,4400,9
6,3700,7
6,1400,2
6,2899,5
6,7900,13
6,4701,7
6,9000,16
6,3900,5
6,7200,9
6,8700,12
6,2599,3
6,13201,18
6,5100,7
6,3200,4
6,5700,7
6,1500,1
6,4101,5
6,10100,4
6,14099,19
6,5999,8
6,4601,6
6,1100,1
6,21600,34
6,800,0
6,3300,4
6,6299,9
6,1401,1
6,2200,2
6,1300,1
6,13700,20
6,3300,4
6,2599,3
6,4401,7
6,6100,10
6,3199,4
6,3001,4
6,4999,5
6,2301,3
6,2500,3
6,9599,16
6,601,0
6,3600,5
6,4100,7
6,8700,13
6,900,1
6,2899,5
6,600,0
6,14700,24
6,7400,12
6,4500,6
6,1799,2
6,6499,10
6,1301,1
6,700,0
6,1700,2
6,1300,1
6,10600,17
6,1300,1
6,700,0
6,3699,5
6,2801,3
6,600,0
6,1800,2
6,4000,6
6,8700,13
6,2999,4
6,5101,5
6,1100,1
6,599,0
6,600,0
6,11501,19
6,600,0
6,500,0
6,3600,5
6,1000,1
6,4699,8
6,1200,1
6,3100,5
6,2900,4
6,3800,6
6,22400,33
6,1300,1
6,1299,1
6,6700,11
6,700,0
6,1701,0
6,1700,2
6,700,0
6,2899,3
6,3900,7
6,4200,4
6,2000,2
6,1200,1
6,3000,4
6,9100,16
6,500,0
6,8400,13
6,1300,2
6,1699,2
6,1701,2
6,5399,9
6,701,0
6,9900,8
6,3001,3
6,3799,0
6,3900,3
6,3399,3
6,5600,7
6,7201,12
6,400,0
6,13701,14
6,3300,4
6,12200,19
6,3301,5
6,14400,27
6,6099,12
6,2501,4
6,900,1
6,3799,7
6,1800,3
6,4999,10
6,2301,4
6,6000,12
6,500,0
6,400,0
6,1300,2
6,6400,12
6,1000,1
6,1700,2
6,3000,5
6,501,0
6,800,1
6,500,0
6,11699,24
6,7300,14
6,16000,33
6,10101,20
6,4999,9
6,1100,1
6,1700,2
6,12700,23
6,2200,3
6,5900,11
6,900,1
6,2100,3
6,12300,22
6,5400,12
6,3400,6
6,500,0
6,1499,3
6,3601,7
6,4800,10
6,1200,2
6,1900,3
6,8000,18
6,16199,26
6,28601,8
6,600,0
6,2801,5
6,1400,2
6,8200,16
6,13600,30
6,1000,1
6,5900,10
6,3899,8
6,7500,15
6,7399,18
6,1500,2
6,9100,21
6,17999,38
6,4801,11
6,400,0
6,500,0
6,400,0
6,60400,41
6,5800,11
6,2099,3
6,800,1
6,4901,10
6,1400,3
6,5300,16
6,600,1
6,600,1
6,3400,8
6,3000,7
6,3299,8
6,1901,5
6,3300,8
6,300,0
6,5900,18
6,9100,24
6,500,0
6,2000,5
6,6499,17
6,701,1
6,7399,20
6,1100,2
6,6600,17
6,300,0
6,2600,6
6,1000,2
6,3200,8
6,3400,9
6,5700,11
6,6300,13
6,3400,6
6,3600,6
6,1000,1
6,8500,18
6,6100,14
6,1700,3
6,6200,14
6,3000,6
6,499,0
6,1401,2
6,8200,20
6,6700,15
6,8200,22
6,5700,15
6,1300,2
6,900,2
6,900,1
6,2899,7
6,2701,7
6,3400,7
6,5201,10
6,1000,1
6,18700,40
6,1000,1
6,2900,7
6,700,1
6,800,1
6,5200,15
6,8600,25
6,7300,15
6,3800,8
6,700,1
6,1301,2
6,1100,1
6,1000,1
6,900,1
6,3800,7
6,8700,18
6,4499,8
6,5501,11
6,2399,5
6,1801,3
6,2100,4
6,4100,8
6,1800,3
6,2500,5
6,499,0
6,1901,3
6,12800,28
6,2601,5
6,3500,8
6,3600,7
6,1000,2
6,3100,5
6,3900,8
6,4599,9
6,2501,4
6,500,0
6,500,0
6,2999,8
6,2001,4
6,4400,10
6,1299,2
6,1101,2
6,6799,21
6,1300,3
6,1500,3
6,3599,11
6,1301,3
6,2400,6
6,600,1
6,9799,12
6,3601,10
6,2799,8
6,1300,4
6,15800,40
6,5701,13
6,1699,4
6,800,1
6,3101,6
6,1800,3
6,400,0
6,5101,12
6,500,0
6,2499,6
6,801,1
6,1800,4
6,3799,7
6,1701,3
6,2400,5
6,300,0
6,1600,4
6,499,0
6,1401,3
6,900,1
6,2400,6
6,1400,3
6,2000,5
6,4400,11
6,400,0
6,4700,13
6,2700,7
6,1801,4
6,2800,7
6,800,1
6,1899,4
6,2201,4
6,5999,13
6,2600,5
6,1700,3
6,1699,3
6,400,0
6,8601,21
6,3800,10
6,700,1
6,300,0
6,2501,6
6,10200,32
6,3100,9
6,1500,4
6,3700,10
6,4300,13
6,400,0
6,2600,7
6,5700,17
6,1300,3
6,500,0
6,3700,10
6,1100,2
6,399,0
6,2501,6
6,500,0
6,3100,6
6,799,1
6,5101,13
6,900,1
6,499,1
6,2501,4
6,46700,1
6,1100,1
6,500,0
6,500,0
6,2800,5
6,400,0
6,500,0
6,500,0
6,8700,16
6,2399,5
6,1200,1
6,1700,2
6,3000,6
6,1499,2
6,801,1
6,1300,2
6,5299,11
6,801,1
6,900,1
6,3500,7
6,899,1
6,11001,27
6,500,0
6,800,1
6,400,0
6,800,1
6,7300,19
6,1599,2
6,2301,4
6,4699,10
6,3301,7
6,1000,1
6,2999,5
6,501,0
6,4300,11
6,3000,6
6,1300,3
6,3300,8
6,300,0
6,1700,4
6,1400,3
6,500,0
6,2599,6
6,400,0
6,3801,9
6,9700,20
6,2200,4
6,1200,2
6,7400,23
6,5299,16
6,301,0
6,400,0
6,1100,3
6,2500,7
6,1199,2
6,5801,8
6,5200,12
6,1000,2
6,1600,5
6,3000,8
6,4500,13
6,1799,5
6,700,1
6,601,1
6,800,2
6,2300,8
6,800,1
6,1000,3
6,3401,11
6,1200,3
6,1600,4
6,1599,5
6,3701,11
6,1700,4
6,1999,6
6,9401,33
6,300,0
6,2700,9
6,2099,6
6,3601,11
6,1400,4
6,500,1
6,1199,4
6,1601,5
6,5100,18
6,399,0
6,1000,2
6,6300,16
6,5401,12
6,4300,12
6,700,1
6,700,0
6,5799,16
6,3301,9
6,4399,13
6,701,1
6,1600,4
6,5299,11
6,2000,4
6,2000,4
6,6100,14
6,1200,2
6,6200,13
6,3099,10
6,500,1
6,1901,6
6,2000,7
6,2000,6
6,1700,5
6,2200,8
6,1500,5
6,1899,6
6,3601,12
6,1800,6
6,1400,5
6,1199,3
6,3001,9
6,1100,3
6,1500,5
6,3300,10
6,400,0
6,1400,4
6,6200,22
6,1100,3
6,700,2
6,3099,10
6,4001,13
6,300,0
6,800,2
6,700,2
6,300,0
6,1801,5
6,1400,4
6,1200,3
6,700,1
6,400,0
6,400,1
6,300,0
6,500,0
6,5001,10
6,4500,16
6,6199,21
6,1301,3
6,1400,3
6,700,1
6,1901,6
6,200,0
6,4399,17
6,3701,13
6,3100,10
6,2400,9
6,2400,8
6,3299,11
6,1401,4
6,500,1
6,9000,33
6,39700,2
6,5200,20
6,3200,7
6,4601,11
6,2100,5
6,599,1
6,900,2
6,7600,23
6,4301,12
6,1999,6
6,2601,8
6,2100,6
6,1600,4
6,3300,9
6,900,1
6,8000,19
6,4799,12
6,1100,2
6,600,1
6,300,0
6,300,0
6,600,1
6,700,1
6,1200,3
6,300,0
6,1401,4
6,3800,12
6,600,1
6,3300,10
6,600,1
6,3999,12
6,2501,7
6,1000,2
6,1000,2
6,4800,14
6,700,1
6,400,0
6,1500,4
6,5099,13
6,400,0
6,401,0
6,1300,2
6,300,0
6,6000,15
6,3000,10
6,300,0
6,300,0
6,300,0
6,999,3
6,300,0
6,2701,10
6,1000,3
6,6800,25
6,1200,4
6,1899,4
6,2501,5
6,2200,6
6,3399,10
6,1101,2
6,2500,7
6,1100,2
6,2499,7
6,2200,7
6,1300,3
6,1100,2
6,4800,14
6,1600,4
6,300,0
6,400,0
6,1899,5
6,2901,6
6,500,0
6,2100,4
6,5401,14
6,400,0
6,1000,1
6,3500,8
6,5800,13
6,800,2
6,700,1
6,300,0
6,1800,7
6,1500,5
6,12001,27
6,300,0
6,2599,10
6,2301,8
6,1100,3
6,2800,11
6,800,2
6,801,2
6,1600,5
6,3100,11
6,700,2
6,1701,6
6,800,2
6,300,0
6,1000,3
6,300,0
6,1600,5
6,7400,29
6,3300,13
6,4600,11
6,2901,8
6,2000,6
6,1100,2
6,1099,2
6,1000,2
6,4301,13
6,5100,16
6,1800,5
6,400,0
6,1000,2
6,400,0
6,6300,20
6,600,1
6,400,0
6,2700,8
6,1500,4
6,1600,3
6,1699,3
6,800,1
6,2301,5
6,400,0
6,6100,17
6,400,0
6,1000,2
6,400,0
6,3099,8
6,1201,3
6,4700,14
6,1400,3
6,1301,3
6,400,0
6,2400,7
6,4100,13
6,45500,6
6,1500,4
6,500,1
6,2000,6
6,1200,3
6,1401,3
6,300,0
6,2900,7
6,1899,4
6,400,0
6,5101,13
6,11900,28
6,2600,5
6,7100,16
6,600,1
6,799,2
6,600,1
6,300,0
6,1901,6
6,1400,5
6,1500,5
6,2099,7
6,500,1
6,900,3
6,500,1
6,3400,13
6,1099,3
6,2501,9
6,300,0
6,500,1
6,200,0
6,1100,3
6,500,1
6,500,1
6,300,0
6,1899,7
6,5201,19
6,3100,12
6,4700,17
6,499,1
6,9401,8
6,1300,3
6,5099,19
6,1601,5
6,500,1
6,1800,6
6,4000,15
6,1600,5
6,200,0
6,3300,12
6,1100,3
6,701,2
6,300,0
6,1300,4
6,700,2
6,3699,13
6,1401,4
6,2901,6
6,1000,2
6,8200,26
6,1900,5
6,399,0
6,5901,19
6,600,1
6,1799,5
6,1401,3
6,900,2
6,4499,14
6,4801,13
6,1799,3
6,7100,14
6,2001,4
6,300,0
6,13900,38
6,2800,6
6,300,0
6,5800,21
6,900,2
6,5400,16
6,200,0
6,500,1
6,2899,10
6,700,2
6,901,3
6,1300,4
6,300,0
6,3100,11
6,2400,10
6,4400,18
6,2199,8
6,501,1
6,2600,10
6,1000,3
6,1200,4
6,699,2
6,900,3
6,801,2
6,400,1
6,2800,10
6,1000,3
6,200,0
6,4600,18
6,400,1
6,500,1
6,1200,4
6,300,0
6,699,2
6,500,1
6,1701,6
6,3799,13
6,9501,38
6,3600,13
6,1199,4
6,4001,15
6,1600,5
6,500,1
6,1399,5
6,400,0
6,801,2
6,800,2
6,3900,14
6,1599,5
6,10901,46
6,300,0
6,1500,6
6,999,1
6,600,0
6,6401,9
6,4100,14
6,600,1
6,1300,3
6,3400,6
6,6799,22
6,7200,21
6,1001,2
6,2500,3
6,500,0
6,6300,14
6,400,0
6,3099,8
6,901,2
6,700,1
6,1500,3
6,1600,4
6,2299,6
6,2001,5
6,400,0
6,400,0
6,1800,5
6,4300,12
6,1000,2
6,2600,7
6,999,2
6,5201,15
6,3700,8
6,4800,11
6,2900,7
6,5299,13
6,700,1
6,3601,10
6,700,1
6,400,0
6,1900,5
6,1500,4
6,2501,6
6,1500,3
6,300,0
6,2799,7
6,700,1
6,1100,2
6,300,0
6,1500,3
6,2299,4
6,901,1
6,1300,3
6,400,0
6,900,2
6,1300,3
6,1099,2
6,3601,8
6,3699,9
6,2501,5
6,3900,5
6,3201,7
6,1700,3
6,500,0
6,5700,19
6,1500,5
6,5600,20
6,1800,2
6,600,1
6,999,2
6,1000,3
6,1501,5
6,5099,15
6,1101,3
6,4400,15
6,1699,5
6,200,0
6,1101,3
6,1000,3
6,1400,4
6,1200,4
6,1999,7
6,500,1
6,1701,5
6,500,1
6,700,1
6,4299,14
6,601,1
6,1600,5
6,3999,14
6,900,2
6,1400,4
6,600,1
6,499,1
6,800,2
6,4701,17
6,300,0
6,2099,7
6,1201,3
6,400,0
6,300,0
6,1000,3
6,600,1
6,900,2
6,800,2
6,999,3
6,900,2
6,2000,7
6,1400,4
6,700,2
6,2799,10
6,301,0
6,1300,4
6,800,2
6,300,0
6,2800,11
6,3400,11
6,1500,5
6,2699,10
6,300,0
6,8200,28
6,9801,30
6,7000,22
6,9800,33
6,1300,4
6,8100,5
6,5500,11
6,2999,7
6,2801,6
6,300,0
6,1100,2
6,800,1
6,2800,7
6,2200,5
6,2400,6
6,1099,2
6,1001,2
6,12500,34
6,399,0
6,1601,3
6,400,0
6,600,0
6,600,0
6,1701,4
6,800,1
6,1600,3
6,1000,2
6,800,1
6,1799,4
6,71201,5
6,1000,2
6,1699,4
6,700,1
6,2101,5
6,900,2
6,3200,10
6,2700,8
6,900,2
6,2300,7
6,1200,3
6,4600,13
6,3899,12
6,901,2
6,300,0
6,3500,11
6,1100,3
6,3600,13
6,2200,6
6,4200,13
6,1700,4
6,1700,5
6,3399,11
6,601,1
6,1500,5
6,400,0
6,200,0
6,1900,5
6,4300,15
6,200,0
6,1500,4
6,1300,4
6,2199,6
6,401,0
6,3300,11
6,2899,10
6,300,0
6,601,1
6,4700,16
6,300,0
6,2700,9
6,1400,4
6,600,1
6,200,0
6,2699,9
6,1301,3
6,1299,4
6,2301,7
6,2500,9
6,2900,10
6,2900,9
6,2200,6
6,1699,5
6,1001,3
6,300,0
6,3600,12
6,400,0
6,11200,31
6,5900,16
6,1900,4
6,3300,9
6,6301,19
6,900,2
6,900,2
6,1901,5
6,400,0
6,1500,3
6,2899,8
6,4901,11
6,6200,15
6,2699,6
6,700,1
6,2901,6
6,700,1
6,9800,24
6,2900,10
6,1000,3
6,10500,12
6,8100,21
6,3201,8
6,1300,3
6,11099,13
6,400,0
6,5201,15
6,3900,11
6,300,0
6,900,0
6,800,2
6,3199,8
6,5701,15
6,1399,4
6,301,0
6,1700,4
6,2700,8
6,3200,9
6,5100,14
6,499,0
6,900,2
6,15100,25
6,1401,3
6,4499,14
6,1701,4
6,2200,6
6,2500,7
6,12900,25
6,4700,14
6,1300,3
6,1301,3
6,400,0
6,3600,10
6,3400,10
6,400,0
6,3400,9
6,899,2
6,1601,4
6,400,0
6,1300,3
6,2200,6
6,2400,7
6,1500,4
6,1600,3
6,6500,16
6,300,0
6,2799,7
6,1501,3
6,800,1
6,1100,2
6,2900,8
6,1901,5
6,3800,11
6,2499,7
6,7000,22
6,3201,10
6,1000,2
6,2000,5
6,9399,26
6,1400,3
6,8800,24
6,2000,5
6,799,2
6,3701,11
6,900,1
6,6200,18
6,1300,3
6,300,0
6,2899,9
6,6001,14
6,9599,30
6,1000,2
6,3300,10
6,400,0
6,1200,2
6,9800,31
6,3100,9
6,400,0
6,3199,8
6,2601,6
6,1600,4
6,7800,25
6,900,2
6,1299,3
6,4201,12
6,1000,1
6,1299,2
6,1701,3
6,1100,2
6,2900,7
6,300,0
6,4900,13
6,700,1
6,9699,24
6,1801,3
6,1800,3
6,500,0
6,1000,1
6,2599,5
6,1300,2
6,2100,6
6,1300,4
6,6100,23
6,300,0
6,1200,4
6,2100,7
6,1200,4
6,600,1
6,1000,3
6,2899,11
6,2101,7
6,1200,4
6,1400,4
6,300,0
6,2899,11
6,5201,20
6,501,1
6,7200,9
6,9700,36
6,8400,9
6,1600,5
6,1701,5
6,3900,14
6,1000,3
6,1799,6
6,500,1
6,300,0
6,4800,3
6,1000,2
6,9900,9
6,1999,2
6,3801,7
6,500,1
6,1599,3
6,4101,15
6,1600,0
6,1100,3
6,299,0
6,1701,3
6,13699,17
6,2601,5
6,1100,4
6,1000,3
6,900,3
6,299,0
6,500,1
6,800,2
6,1900,7
6,2700,10
6,3600,13
6,1001,2
6,300,0
6,1500,5
6,3000,10
6,899,2
6,3201,11
6,1300,4
6,2100,7
6,799,2
6,3701,13
6,500,0
6,900,1
6,800,1
6,1499,3
6,801,1
6,1400,3
6,2300,6
6,5800,18
6,2400,7
6,300,0
6,2101,6
6,400,0
6,3100,9
6,1900,5
6,4199,13
6,8400,21
6,1600,3
6,2400,5
6,1999,4
6,1601,3
6,5399,13
6,900,2
6,1201,3
6,2800,10
6,9000,16
6,1500,5
6,2601,8
6,4099,13
6,1001,3
6,700,1
6,700,2
6,1500,5
6,3599,14
6,2601,9
6,4399,16
6,800,2
6,300,0
6,1700,5
6,2500,9
6,1199,4
6,5701,21
6,1599,6
6,500,1
6,700,2
6,5401,9
6,1999,7
6,1301,4
6,900,3
6,3100,11
6,3800,15
6,300,0
6,500,1
6,600,1
6,5400,9
6,1500,5
6,5500,20
6,500,1
6,5699,21
6,201,0
6,3400,13
6,3799,14
6,1701,6
6,7700,30
6,11600,46
6,500,1
6,1400,5
6,1100,3
6,4300,16
6,500,1
6,1900,6
6,4100,15
6,3500,13
6,1299,4
6,1701,6
6,300,0
6,300,0
6,2200,7
6,1900,7
6,1600,5
6,1400,4
6,700,2
6,500,1
6,4099,16
6,1501,5
6,4799,18
6,1300,4
6,901,3
6,4000,14
6,1599,6
6,1501,5
6,400,0
6,5199,18
6,1701,3
6,500,0
6,1500,3
6,800,1
6,1000,1
6,1299,3
6,1001,2
6,400,0
6,800,1
6,500,1
6,600,1
6,7200,22
6,300,0
6,6400,21
6,400,0
6,1200,3
6,1200,3
6,4001,12
6,700,1
6,400,0
6,500,0
6,500,0
6,1699,3
6,3299,8
6,3701,11
6,5300,16
6,800,2
6,400,0
6,1200,3
6,2000,6
6,999,2
6,600,1
6,1501,4
6,8900,29
6,4700,13
6,2000,4
6,2800,7
6,4200,11
6,2900,7
6,4500,12
6,9000,22
6,1899,7
6,2501,9
6,700,2
6,1800,6
6,2999,11
6,1401,5
6,3500,14
6,300,0
6,699,2
6,1000,3
6,1601,5
6,1500,5
6,2800,10
6,2800,10
6,3300,12
6,2099,8
6,2101,7
6,2300,8
6,1500,5
6,600,1
6,999,3
6,3901,15
6,4600,18
6,1200,3
6,300,0
6,2700,10
6,3200,12
6,1500,5
6,3100,11
6,12400,8
6,1899,1
6,11501,19
6,1200,2
6,1100,1
6,2399,5
6,1401,2
6,4800,10
6,3700,7
6,1200,2
6,800,1
6,4200,9
6,10700,22
6,3299,5
6,3401,6
6,2999,4
6,3001,5
6,4499,9
6,10701,24
6,3299,5
6,1100,2
6,900,2
6,5299,14
6,3001,7
6,900,1
6,3099,7
6,400,0
6,1301,3
6,600,1
6,2400,5
6,1700,4
6,299,0
6,300,0
6,900,1
6,2501,6
6,300,0
6,10999,29
6,500,0
6,6201,12
6,3000,6
6,1500,3
6,1000,1
6,700,1
6,6400,15
6,3199,7
6,1501,2
6,5000,11
6,399,0
6,5001,12
6,1100,2
6,1799,4
6,400,0
6,401,0
6,1200,2
6,900,1
6,3000,5
6,1000,1
6,999,1
6,1901,3
6,800,1
6,200,0
6,300,0
6,500,0
6,2699,6
6,2301,6
6,1500,3
6,1000,2
6,600,1
6,6200,16
6,700,1
6,5400,15
6,1700,3
6,1100,2
6,500,1
6,500,1
6,3301,10
6,1800,5
6,1999,5
6,1801,4
6,2700,9
6,5700,14
6,4999,14
6,2401,7
6,200,0
6,5199,15
6,2001,5
6,4899,16
6,4301,13
6,900,2
6,5100,15
6,1100,3
6,5800,17
6,3900,11
6,1599,4
6,5401,16
6,300,0
6,3900,12
6,300,0
6,2500,8
6,3300,10
6,8900,29
6,4899,16
6,400,0
6,1100,3
6,300,0
6,600,1
6,600,1
6,500,1
6,3899,11
6,11601,39
6,300,0
6,2199,6
6,3301,11
6,700,2
6,600,1
6,400,0
6,5000,15
6,4299,13
6,3101,10
6,4699,16
6,900,2
6,601,1
6,3700,13
6,600,1
6,2400,6
6,2500,8
6,2200,7
6,1999,6
6,3401,12
6,900,2
6,300,0
6,5500,16
6,1700,3
6,7900,18
6,9299,30
6,901,2
6,7900,7
6,300,0
6,2300,7
6,500,1
6,1000,2
6,2700,8
6,700,1
6,4499,13
6,4201,13
6,800,2
6,1900,5
6,1499,4
6,1401,4
6,800,2
6,1200,3
6,2100,6
6,2500,7
6,800,1
6,2600,8
6,400,0
6,4600,14
6,900,1
6,6299,13
6,801,1
6,1200,2
6,900,1
6,500,0
6,4000,9
6,1200,2
6,3599,8
6,5301,8
6,6100,9
6,800,1
6,1100,1
6,4200,8
6,500,0
6,1900,3
6,899,1
6,500,0
6,3401,6
6,500,0
6,1600,2
6,899,1
6,2001,4
6,500,0
6,1700,3
6,5900,12
6,600,0
6,1700,3
6,3200,7
6,1100,2
6,15300,35
6,1100,2
6,4600,11
6,2800,7
6,400,0
6,400,0
6,799,1
6,1701,4
6,900,1
6,4999,11
6,1701,3
6,3000,6
6,5300,12
6,5700,14
6,900,1
6,1800,3
6,2899,6
6,4901,12
6,4300,12
6,700,1
6,9700,29
6,2099,5
6,1701,4
6,5099,15
6,1301,3
6,1900,5
6,700,1
6,600,1
6,1600,4
6,399,0
6,2901,7
6,2300,6
6,7700,19
6,1600,3
6,5701,13
6,1200,2
6,1700,3
6,800,1
6,1000,1
6,3700,7
6,500,0
6,4100,9
6,5400,11
6,500,0
6,900,1
6,2800,6
6,800,1
6,1200,2
6,4199,9
6,2800,6
6,700,1
6,5200,12
6,2300,4
6,4900,10
6,7000,15
6,7700,17
6,4199,8
6,900,1
6,400,0
6,5699,12
6,1301,2
6,900,1
6,500,0
6,1700,3
6,2399,5
6,2101,4
6,1800,3
6,6600,16
6,900,1
6,2399,4
6,4601,10
6,1200,2
6,899,1
6,2301,5
6,3299,7
6,4900,10
6,8999,20
6,4601,10
6,1300,2
6,7900,17
6,2701,5
6,6600,15
6,400,0
6,4300,9
6,6100,14
6,2399,5
6,9201,20
6,2900,5
6,7200,16
6,900,1
6,3200,7
6,1700,3
6,4099,9
6,501,0
6,7600,16
6,3700,8
6,1799,3
6,2701,6
6,500,0
6,4999,11
6,400,0
6,7700,17
6,4500,10
6,2201,4
6,3200,7
6,500,0
6,1799,3
6,1701,3
6,1300,2
6,7600,17
6,400,0
6,3199,7
6,901,1
6,1800,4
6,3699,7
6,3901,8
6,3499,7
6,5801,13
6,500,0
6,12300,29
6,2200,4
6,4300,9
6,1300,2
6,2899,6
6,2401,5
6,400,0
6,6201,13
6,500,0
6,1201,2
6,1300,2
6,500,0
6,800,1
6,500,0
6,5700,13
6,11699,27
6,801,1
6,900,1
6,3400,7
6,1299,2
6,900,1
6,2400,4
6,3000,6
6,5000,11
6,2599,5
6,4401,9
6,10300,23
6,6701,15
6,400,0
6,2901,6
6,3400,7
6,3800,8
6,2900,6
6,3000,7
6,2200,4
6,400,0
6,3800,8
6,8300,20
6,7500,17
6,2899,6
6,10201,23
6,1200,2
6,5600,13
6,500,0
6,5699,13
6,1201,2
6,1300,2
6,3499,7
6,10101,23
6,400,0
6,4799,11
6,3701,8
6,1700,3
6,1299,2
6,500,0
6,1301,2
6,3300,7
6,500,0
6,4099,9
6,900,1
6,4001,8
6,2499,5
6,2901,6
6,500,0
6,2500,5
6,4700,10
6,2100,4
6,400,0
6,5300,12
6,800,1
6,3900,8
6,2400,5
6,9400,22
6,5300,12
6,3999,9
6,1500,3
6,3000,7
6,8699,20
6,3301,7
6,3200,7
6,1499,2
6,3101,6
6,6600,15
6,8800,20
6,1600,3
6,14000,3
6,2199,4
6,1601,3
6,1000,1
6,400,0
6,1700,3
6,2499,5
6,6599,16
6,3001,6
6,900,1
6,2599,5
6,3901,8
6,2400,5
6,1299,2
6,1201,2
6,4900,11
6,2001,4
6,4100,9
6,1199,2
6,400,0
6,10601,1
6,9600,16
6,3300,7
6,700,1
6,1999,4
6,601,0
6,400,0
6,900,1
6,21300,13
6,7000,12
6,8000,8
6,500,0
6,1600,0
6,400,0
6,1901,3
6,30600,67
6,1700,3
6,4200,4
6,59500,8
6,7200,16
6,2701,6
6,3799,8
6,5001,12
6,1300,2
6,799,1
6,2801,6
6,7200,14
6,2000,4
6,900,1
6,1799,3
6,10901,27
6,500,0
6,2300,5
6,11901,29
6,3399,7
6,3801,10
6,500,0
6,7200,22
6,1600,5
6,3300,13
6,5099,12
6,1401,3
6,10200,27
6,2400,6
6,1100,2
6,801,1
6,500,0
6,4499,10
6,900,1
6,3601,9
6,1100,2
6,300,0
6,3000,6
6,1899,7
6,1001,3
6,1500,5
6,1000,3
6,1700,6
6,999,3
6,500,1
6,901,3
6,500,1
6,500,1
6,6300,25
6,4600,19
6,799,2
6,900,3
6,2201,8
6,3100,12
6,8999,36
6,1701,6
6,500,1
6,500,1
6,500,1
6,2200,8
6,500,1
6,600,1
6,2101,8
6,3400,14
6,1600,5
6,2000,7
6,900,3
6,1500,5
6,2000,7
6,300,0
6,1299,4
6,2301,7
6,200,0
6,1400,4
6,1600,6
6,2700,5
6,500,0
6,4100,8
6,3300,7
6,1300,2
6,2900,7
6,2800,7
6,400,0
6,800,1
6,400,0
6,1200,2
6,1300,2
6,15000,40
6,1199,2
6,300,0
6,2301,5
6,2000,3
6,500,0
6,1399,3
6,400,0
6,1901,5
6,2700,6
6,4400,11
6,1000,2
6,1000,2
6,1900,4
6,3400,9
6,2800,7
6,9999,27
6,300,0
6,3401,10
6,1000,2
6,1700,4
6,3000,8
6,300,0
6,400,0
6,5499,14
6,1401,3
6,2900,8
6,3600,10
6,1100,3
6,9200,29
6,2899,8
6,1300,3
6,2301,6
6,1100,2
6,8100,25
6,400,0
6,1999,5
6,2301,7
6,800,1
6,3299,11
6,2201,7
6,200,0
6,900,1
6,6900,22
6,700,1
6,7800,0
6,3999,8
6,3701,7
6,1300,2
6,400,0
6,699,1
6,2001,6
6,2600,8
6,6900,22
6,4799,17
6,12901,31
6,7900,19
6,1299,2
6,500,0
6,3601,7
6,800,1
6,5900,13
6,2000,7
6,2800,9
6,1200,3
6,700,2
6,1300,4
6,4600,14
6,400,0
6,1100,3
6,4199,10
6,1301,2
6,1300,3
6,900,1
6,1400,2
6,1099,1
6,600,0
6,1700,5
6,1400,5
6,2000,7
6,4800,17
6,1800,6
6,2399,7
6,2201,8
6,300,0
6,2200,7
6,800,2
6,400,0
6,3801,14
6,2300,8
6,400,0
6,2199,7
6,3001,9
6,600,1
6,2999,11
6,1401,4
6,3700,12
6,2599,8
6,600,1
6,1300,4
6,2800,9
6,1400,4
6,6600,20
6,1899,4
6,901,1
6,1900,4
6,2201,4
6,500,0
6,1400,2
6,4000,9
6,1900,4
6,5300,13
6,700,1
6,2700,5
6,2800,6
6,2200,4
6,500,0
6,700,1
6,800,1
6,1599,3
6,2701,6
6,2100,4
6,4800,11
6,400,0
6,7100,15
6,4900,13
6,1100,1
6,2000,4
6,800,1
6,400,0
6,4401,9
6,2999,8
6,300,0
6,800,2
6,301,0
6,300,0
6,500,1
6,200,0
6,600,1
6,1800,6
6,800,2
6,1199,4
6,3601,13
6,2100,6
6,1499,5
6,600,1
6,3101,11
6,1700,5
6,2399,8
6,2201,8
6,400,0
6,300,0
6,1400,5
6,2599,9
6,1100,3
6,500,1
6,2300,8
6,200,0
6,2000,7
6,1100,3
6,800,2
6,1200,3
6,1199,3
6,5101,19
6,3399,11
6,4201,14
6,4600,16
6,600,1
6,2000,7
6,800,2
6,500,1
6,2700,9
6,500,1
6,1200,3
6,500,1
6,1600,5
6,1199,4
6,400,0
6,1301,5
6,2100,7
6,800,2
6,300,0
6,1399,4
6,300,0
6,1601,4
6,300,0
6,4600,17
6,599,1
6,1200,3
6,3901,14
6,4800,17
6,1200,4
6,500,1
6,5600,19
6,900,1
6,2400,5
6,2700,6
6,3200,8
6,1000,1
6,6500,16
6,6300,15
6,300,0
6,1600,3
6,1299,2
6,801,1
6,3500,12
6,900,2
6,1399,5
6,1001,3
6,5600,20
6,2101,7
6,4300,15
6,19500,23
6,3500,9
6,1200,2
6,7100,18
6,1400,2
6,3400,6
6,400,0
6,3300,7
6,1499,3
6,200,0
6,4101,14
6,3199,11
6,600,1
6,2601,9
6,500,1
6,1000,3
6,1799,6
6,1801,6
6,2500,9
6,2899,11
6,3401,11
6,500,1
6,800,2
6,600,1
6,1400,4
6,299,0
6,1400,5
6,600,1
6,800,2
6,4499,17
6,2201,7
6,1300,4
6,600,1
6,5300,20
6,2100,7
6,1000,3
6,2499,8
6,1901,7
6,2100,7
6,600,1
6,3800,12
6,1200,4
6,200,0
6,4399,16
6,1401,4
6,900,2
6,500,1
6,300,0
6,300,0
6,700,2
6,801,2
6,300,0
6,2000,7
6,700,2
6,2399,9
6,3901,14
6,300,0
6,1300,4
6,200,0
6,1699,6
6,2401,9
6,1300,4
6,3099,11
6,2501,9
6,3300,13
6,2299,7
6,5601,13
6,5100,11
6,9500,36
6,1599,5
6,500,1
6,601,1
6,2700,9
6,1800,7
6,300,0
6,4800,19
6,300,0
6,1200,4
6,2499,8
6,4301,15
6,200,0
6,700,2
6,1299,5
6,2401,9
6,2400,9
6,1500,5
6,699,2
6,700,2
6,601,1
6,4700,18
6,2199,8
6,200,0
6,500,1
6,300,0
6,1200,4
6,2500,9
6,500,1
6,1499,5
6,1401,4
6,2800,10
6,3700,14
6,3100,10
6,2501,9
6,1700,5
6,3399,12
6,501,1
6,1600,5
6,4999,18
6,2701,10
6,500,1
6,1200,3
6,2199,8
6,1801,6
6,800,2
6,9400,36
6,800,2
6,1899,7
6,300,0
6,1201,4
6,2000,7
6,1000,3
6,2300,8
6,300,0
6,300,0
6,1301,4
6,2100,8
6,800,2
6,900,3
6,2699,10
6,1201,4
6,600,1
6,3000,11
6,6200,23
6,200,0
6,800,2
6,800,2
6,1299,4
6,2301,8
6,4599,9
6,1601,5
6,2200,8
6,300,0
6,200,0
6,1800,7
6,999,3
6,5701,22
6,999,3
6,1801,6
6,2200,8
6,2100,7
6,1999,7
6,500,1
6,3001,12
6,3199,12
6,2699,7
6,4501,11
6,1000,2
6,2700,6
6,4500,9
6,5201,4
6,6900,12
6,11099,27
6,700,1
6,13699,29
6,2500,5
6,8800,18
6,7500,12
6,5801,11
6,5800,16
6,4000,12
6,12500,34
6,1699,4
6,701,1
6,1500,3
6,400,0
6,1100,2
6,400,0
6,1699,3
6,4201,12
6,3199,8
6,1301,3
6,800,1
6,1500,3
6,2299,4
6,2501,5
6,3300,8
6,1199,2
6,700,2
6,501,1
6,2600,9
6,800,2
6,300,0
6,1699,6
6,1000,3
6,500,1
6,3300,11
6,300,0
6,700,2
6,800,2
6,899,2
6,3001,11
6,4400,13
6,3700,9
6,10000,27
6,700,1
6,5001,10
6,1299,2
6,800,1
6,501,0
6,900,1
6,3300,7
6,1199,2
6,2801,7
6,1000,2
6,3099,7
6,2101,5
6,1400,3
6,2999,9
6,600,1
6,3601,11
6,600,1
6,2599,8
6,1101,3
6,1700,5
6,3000,9
6,5400,18
6,3999,12
6,401,0
6,300,0
6,1900,5
6,1600,4
6,999,2
6,300,0
6,300,0
6,701,2
6,700,1
6,2100,6
6,2200,6
6,299,0
6,1200,3
6,300,0
6,2300,5
6,700,1
6,2199,5
6,1000,2
6,5501,14
6,3400,8
6,300,0
6,500,0
6,1800,3
6,2299,5
6,900,1
6,4000,11
6,399,0
6,1100,2
6,801,1
6,1900,4
6,14200,37
6,4899,13
6,2201,4
6,6100,18
6,700,1
6,1200,3
6,1300,3
6,2099,6
6,2401,6
6,7500,24
6,1000,2
6,800,1
6,2899,7
6,1501,4
6,1500,4
6,3699,11
6,3301,9
6,1900,5
6,5400,16
6,400,0
6,6600,19
6,1400,3
6,4100,11
6,1700,3
6,400,0
6,1600,3
6,3900,10
6,2300,6
6,2499,7
6,3901,10
6,3899,5
6,1101,2
6,1100,2
6,400,0
6,400,0
6,4100,11
6,4100,10
6,500,0
6,399,0
6,3801,10
6,8600,23
6,800,1
6,3000,7
6,1200,2
6,3100,8
6,1699,4
6,1901,4
6,3200,8
6,1999,4
6,401,0
6,1400,3
6,2101,5
6,300,0
6,1900,4
6,1399,3
6,2601,6
6,1300,3
6,2999,7
6,1200,2
6,500,0
6,600,1
6,2500,5
6,1100,2
6,2200,5
6,2700,6
6,3099,7
6,1000,1
6,1800,4
6,9300,25
6,4700,11
6,2500,6
6,2199,4
6,500,0
6,4301,11
6,1200,2
6,1099,2
6,5801,16
6,2800,7
6,2300,5
6,7800,21
6,1100,2
6,2399,5
6,1100,2
6,400,0
6,600,1
6,1100,2
6,1100,2
6,899,1
6,1201,2
6,2900,7
6,2300,5
6,6501,14
6,1599,0
6,2800,5
6,1600,3
6,1999,4
6,3801,10
6,400,0
6,2999,7
6,3300,8
6,1100,2
6,5400,14
6,1800,4
6,500,0
6,6300,16
6,400,0
6,1100,2
6,500,0
6,2200,5
6,5000,13
6,1700,4
6,1199,2
6,900,2
6,4400,11
6,1100,2
6,1100,2
6,401,0
6,1400,3
6,500,0
6,300,0
6,800,1
6,2199,5
6,11401,30
6,1600,3
6,700,1
6,7201,19
6,1599,3
6,1601,3
6,400,0
6,400,0
6,800,1
6,700,1
6,3500,8
6,800,1
6,2400,5
6,4800,13
6,2100,5
6,5500,15
6,3999,9
6,4801,11
6,400,0
6,4000,10
6,4600,11
6,5401,14
6,6500,16
6,1800,4
6,1999,5
6,1501,3
6,1900,4
6,14400,39
6,300,0
6,9700,26
6,1801,4
6,2400,6
6,2001,5
6,3000,7
6,2399,6
6,401,0
6,2600,6
6,1600,3
6,1099,2
6,2601,6
6,1700,4
6,3999,10
6,1400,3
6,1900,4
6,3199,8
6,1501,3
6,1800,4
6,8000,21
6,2899,7
6,1001,2
6,5499,6
6,3401,5
6,900,1
6,800,1
6,1999,4
6,3901,10
6,2100,5
6,1199,2
6,12501,33
6,10900,16
6,1600,3
6,3100,3
6,6801,17
6,2500,6
6,400,0
6,400,0
6,800,1
6,6800,17
6,3000,7
6,1399,3
6,400,0
6,3200,8
6,2000,4
6,2900,6
6,4700,11
6,2601,6
6,3100,7
6,1399,3
6,5501,14
6,2099,5
6,500,0
6,7500,19
6,401,0
6,1299,2
6,1501,3
6,5499,14
6,1501,3
6,1200,2
6,3000,8
6,1199,2
6,800,1
6,1701,3
6,2700,6
6,5900,15
6,3299,8
6,2101,5
6,2600,6
6,1100,2
6,8999,23
6,4701,11
6,3300,8
6,3700,9
6,1200,2
6,7899,20
6,3901,10
6,11999,32
6,4701,11
6,1499,3
6,2801,7
6,11700,30
6,800,1
6,401,0
6,4200,11
6,5400,13
6,2400,5
6,5300,13
6,2000,4
6,1199,2
6,11701,31
6,500,0
6,500,0
6,15400,41
6,1199,2
6,400,0
6,4300,11
6,1799,3
6,1801,4
6,1100,2
6,800,1
6,3099,8
6,1201,2
6,5299,13
6,1801,4
6,399,0
6,1501,3
6,6099,16
6,4601,11
6,1500,3
6,399,0
6,2501,5
6,2700,6
6,1500,3
6,10200,27
6,1500,3
6,3299,8
6,3701,10
6,500,0
6,11099,12
6,5301,13
6,500,0
6,2300,5
6,1200,2
6,1200,2
6,800,1
6,4800,13
6,800,1
6,400,0
6,1900,4
6,1499,3
6,4701,12
6,400,0
6,399,0
6,700,1
6,1401,3
6,4400,11
6,3201,8
6,1100,2
6,2700,6
6,2401,5
6,800,1
6,300,0
6,4699,12
6,1201,2
6,2300,5
6,900,1
6,2599,6
6,1501,3
6,2000,4
6,5300,13
6,2000,4
6,1600,3
6,1900,4
6,400,0
6,1400,3
6,500,0
6,400,0
6,2400,5
6,400,0
6,800,1
6,3200,7
6,700,1
6,2200,5
6,5800,15
6,1100,2
6,1999,4
6,4201,10
6,1100,2
6,9999,25
6,5001,12
6,4300,11
6,400,0
6,3500,8
6,1199,2
6,5501,14
6,799,1
6,400,0
6,3401,8
6,800,1
6,5300,14
6,3400,8
6,500,0
6,4701,12
6,5800,15
6,4099,10
6,3401,8
6,800,1
6,1100,2
6,5600,14
6,2999,7
6,2701,6
6,2300,5
6,1200,2
6,6301,17
6,3600,9
6,4100,10
6,4600,11
6,2600,6
6,3200,8
6,3600,9
6,500,0
6,2200,5
6,1900,4
6,6300,16
6,400,0
6,1500,3
6,7500,19
6,1699,3
6,801,1
6,2400,5
6,2200,5
6,2700,6
6,1900,4
6,400,0
6,2499,6
6,1801,4
6,3900,10
6,1699,3
6,1501,3
6,800,1
6,400,0
6,2100,4
6,5500,13
6,500,0
6,1700,4
6,3500,8
6,1500,3
6,5700,15
6,2500,6
6,5000,13
6,1100,2
6,5800,15
6,1200,2
6,800,1
6,2900,7
6,800,1
6,400,0
6,2500,6
6,1799,4
6,3201,7
6,1900,5
6,800,1
6,5700,14
6,7600,20
6,1999,4
6,1901,4
6,8300,24
6,1900,4
6,4100,10
6,700,1
6,500,0
6,1100,2
6,3699,9
6,1500,3
6,2900,7
6,1199,2
6,3301,8
6,2900,6
6,1100,2
6,1299,2
6,1100,2
6,1600,3
6,700,1
6,400,0
6,1500,3
6,799,1
6,700,1
6,1401,3
6,5299,13
6,6900,17
6,2801,7
6,4099,10
6,3501,8
6,400,0
6,5400,13
6,3600,9
6,400,0
6,2900,6
6,400,0
6,500,0
6,400,0
6,1300,2
6,3500,10
6,1200,2
6,4799,12
6,1501,3
6,5799,15
6,701,1
6,400,0
6,1300,2
6,700,1
6,2499,6
6,1601,4
6,12799,34
6,1601,3
6,5399,13
6,2001,4
6,800,1
6,5199,13
6,501,0
6,3600,8
6,1200,2
6,4100,9
6,6200,16
6,500,0
6,5099,13
6,1201,2
6,1900,4
6,1200,2
6,3000,7
6,1699,4
6,801,1
6,1900,4
6,500,0
6,700,1
6,1599,3
6,4201,10
6,2699,6
6,1100,2
6,3901,9
6,5200,13
6,3200,7
6,2299,5
6,2900,6
6,1100,2
6,1701,3
6,2400,6
6,3699,9
6,3300,8
6,1500,3
6,500,0
6,500,0
6,8601,23
6,800,1
6,2600,5
6,1899,4
6,500,0
6,1001,2
6,1300,2
6,1200,2
6,2499,6
6,2601,6
6,3900,10
6,11900,20
6,400,0
6,1100,2
6,1100,2
6,5801,14
6,1899,4
6,3501,8
6,800,1
6,800,1
6,6700,16
6,1200,2
6,4300,10
6,2000,4
6,1500,3
6,1701,3
6,1300,2
6,1200,2
6,1600,3
6,3400,8
6,8599,23
6,2101,4
6,2900,7
6,4800,12
6,2300,5
6,800,1
6,899,1
6,8701,22
6,800,1
6,5599,15
6,801,1
6,5100,13
6,2301,5
6,1400,3
6,3999,9
6,1801,4
6,4899,12
6,3601,8
6,3599,8
6,2301,5
6,2200,5
6,17100,44
6,12300,33
6,900,1
6,1500,3
6,4800,9
6,600,0
6,2099,4
6,10901,26
6,900,1
6,4500,11
6,1200,2
6,900,1
6,2300,5
6,3400,7
6,2600,5
6,6400,14
6,2100,4
6,6500,15
6,2800,6
6,3800,8
6,800,1
6,799,1
6,3301,7
6,400,0
6,1600,3
6,3000,6
6,2100,4
6,6500,14
6,3500,7
6,3701,7
6,2700,4
6,400,0
6,900,1
6,1501,2
6,700,0
6,3899,7
6,7200,14
6,2801,5
6,1600,2
6,2899,5
6,1001,1
6,1000,1
6,3799,6
6,6001,12
6,2099,3
6,601,0
6,13100,27
6,500,0
6,8701,12
6,500,0
6,4599,6
6,1001,1
6,2600,5
6,600,0
6,4300,7
6,4600,9
6,4701,9
6,11399,11
6,2001,3
6,2400,4
6,500,0
6,2500,5
6,1300,2
6,4499,9
6,1701,3
6,1300,2
6,500,0
6,3799,7
6,1601,3
6,7000,16
6,600,0
6,1000,1
6,500,0
6,1600,2
6,4300,8
6,3299,6
6,500,0
6,1101,1
6,500,0
6,1601,2
6,4000,8
6,1499,2
6,8701,18
6,2600,5
6,1100,1
6,8899,18
6,1701,2
6,2800,5
6,6600,13
6,600,0
6,1499,2
6,1601,2
6,1800,3
6,500,0
6,4400,8
6,2600,5
6,3699,8
6,1600,3
6,900,1
6,1000,1
6,8200,17
6,2100,4
6,11200,23
6,10399,21
6,3701,7
6,5700,12
6,1300,2
6,4000,9
6,4700,11
6,2600,5
6,4800,10
6,6701,15
6,2501,5
6,4000,10
6,6000,15
6,2599,6
6,701,2
6,3700,8
6,3400,7
6,5499,12
6,8501,22
6,9200,23
6,1100,3
6,800,2
6,2499,9
6,1501,1
6,3700,9
6,2199,4
6,1401,3
6,1100,3
6,2500,5
6,5500,14
6,400,0
6,2800,7
6,2500,6
6,8700,22
6,4300,11
6,5199,13
6,701,1
6,300,0
6,400,0
6,700,1
6,700,1
6,7500,19
6,2399,5
6,500,0
6,6501,17
6,2101,4
6,500,0
6,2500,5
6,900,1
6,799,1
6,1001,1
6,1600,3
6,2800,6
6,2600,6
6,700,1
6,1600,3
6,5700,12
6,1700,3
6,5100,13
6,2300,5
6,5600,12
6,7100,16
6,3400,7
6,4101,8
6,3699,9
6,1001,1
6,3800,8
6,699,1
6,1601,4
6,400,0
6,3600,8
6,2099,4
6,501,0
6,2100,4
6,2400,4
6,6600,17
6,3400,13
6,200,0
6,2100,5
6,900,1
6,999,1
6,1801,3
6,1900,3
6,2500,5
6,3600,10
6,400,0
6,3899,9
6,1401,3
6,900,1
6,1800,3
6,1100,2
6,5100,11
6,2000,4
6,799,1
6,500,0
6,1701,4
6,5299,12
6,2001,4
6,4699,10
6,4701,11
6,5100,12
6,1800,6
6,2499,8
6,600,1
6,3301,10
6,800,1
6,1699,3
6,2201,5
6,2000,4
6,2200,5
6,8900,10
6,501,0
6,2400,5
6,6000,15
6,3300,8
6,400,0
6,1499,3
6,801,1
6,400,0
6,400,0
6,3200,8
6,3800,10
6,2600,5
6,1999,4
6,5901,14
6,2400,5
6,3000,6
6,2599,6
6,3601,8
6,1200,2
6,6700,16
6,400,0
6,1900,4
6,4100,9
6,23600,39
6,2800,6
6,3500,7
6,6000,14
6,500,0
6,3300,7
6,1000,1
6,9301,22
6,400,0
6,1300,2
6,8700,24
6,2099,5
6,9301,23
6,1500,2
6,3300,7
6,2301,6
6,300,0
6,600,2
6,200,0
6,3300,12
6,2900,7
6,2800,6
6,1499,3
6,2001,4
6,8300,20
6,5099,15
6,5401,12
6,6100,15
6,3499,7
6,500,0
6,1300,2
6,3499,10
6,1701,6
6,1300,4
6,1000,3
6,5900,18
6,2400,5
6,400,0
6,2600,5
6,4800,11
6,399,0
6,400,0
6,5301,13
6,1200,4
6,4701,17
6,2699,10
6,700,2
6,800,1
6,2300,5
6,2199,4
6,501,0
6,3000,6
6,2199,4
6,2001,4
6,5099,14
6,11101,28
6,1200,4
6,6300,25
6,2200,7
6,7800,24
6,1199,2
6,400,0
6,5501,13
6,1299,2
6,501,0
6,6199,15
6,7200,17
6,4401,10
6,1999,4
6,19701,54
6,400,0
6,1500,3
6,1399,3
6,8000,22
6,400,0
6,3500,9
6,700,1
6,999,2
6,800,1
6,8601,23
6,800,1
6,2000,4
6,900,1
6,1199,2
6,2001,3
6,900,1
6,300,0
6,200,0
6,1900,7
6,1099,1
6,600,0
6,1900,3
6,2000,4
6,500,0
6,500,0
6,3601,8
6,3600,7
6,900,1
6,7100,17
6,1100,2
6,401,0
6,1300,3
6,3600,9
6,499,0
6,4001,10
6,400,0
6,800,1
6,500,0
6,700,1
6,2201,5
6,400,0
6,27400,18
6,3601,8
6,3000,6
6,499,0
6,500,0
6,400,0
6,1900,3
6,1500,2
6,2299,8
6,200,0
6,200,0
6,701,2
6,1000,3
6,500,1
6,6200,16
6,2500,5
6,3499,8
6,8700,28
6,500,1
6,1300,2
6,3299,7
6,2601,6
6,1100,2
6,3699,8
6,1400,3
6,2600,7
6,5900,16
6,400,0
6,800,1
6,1799,4
6,7300,20
6,1501,4
6,1100,2
6,900,1
6,1300,2
6,899,1
6,9801,24
6,700,1
6,1400,2
6,1900,4
6,600,0
6,500,0
6,1200,2
6,5699,13
6,6500,16
6,4001,8
6,1600,3
6,799,1
6,2701,8
6,2900,6
6,2099,5
6,400,0
6,4501,11
6,1499,3
6,6301,14
6,4000,9
6,1300,4
6,700,2
6,700,2
6,300,0
6,2200,4
6,1300,2
6,7800,19
6,2400,5
6,899,1
6,1901,4
6,1200,2
6,400,0
6,400,0
6,1000,2
6,1999,7
6,500,1
6,1100,3
6,700,2
6,3500,14
6,299,0
6,1901,6
6,1300,4
6,2200,8
6,200,0
6,2799,10
6,301,0
6,3000,10
6,200,0
6,1300,4
6,1799,6
6,8401,33
6,1500,5
6,2100,8
6,2399,9
6,2601,8
6,3400,7
6,1600,3
6,6300,15
6,800,1
6,8599,19
6,6501,18
6,2200,5
6,2000,4
6,8900,19
6,400,0
6,899,1
6,800,1
6,2301,5
6,2500,5
6,13400,34
6,1800,6
6,1499,5
6,4301,16
6,6200,15
6,300,0
6,2799,7
6,400,0
6,5401,12
6,2800,5
6,3800,11
6,300,0
6,1299,5
6,700,1
6,500,0
6,2400,5
6,2300,5
6,7001,16
6,2800,6
6,2300,4
6,1200,2
6,1899,4
6,5601,13
6,899,1
6,1501,3
6,5099,13
6,800,2
6,2101,7
6,900,3
6,27299,76
6,2801,6
6,1300,2
6,2599,6
6,801,1
6,1500,2
6,8500,19
6,400,0
6,500,0
6,500,0
6,1000,1
6,1199,2
6,3801,11
6,300,0
6,700,2
6,2299,8
6,7100,17
6,900,1
6,400,0
6,1600,3
6,2900,6
6,1099,1
6,1801,3
6,2400,5
6,5700,14
6,3699,9
6,800,1
6,1300,2
6,5599,12
6,2100,5
6,1700,4
6,1000,1
6,27800,25
6,300,0
6,4100,9
6,1700,4
6,2400,5
6,899,1
6,400,0
6,12401,21
6,7200,17
6,1699,3
6,1200,2
6,1800,3
6,900,1
6,1900,4
6,499,0
6,2001,4
6,500,0
6,1400,2
6,1800,5
6,4400,15
6,300,0
6,300,0
6,1200,3
6,3600,8
6,3900,9
6,7400,17
6,1699,3
6,2801,5
6,2600,6
6,900,1
6,499,0
6,1200,2
6,5400,13
6,5101,12
6,3599,8
6,2201,4
6,5700,13
6,900,1
6,1000,2
6,1500,3
6,2099,4
6,500,0
6,400,0
6,400,0
6,800,1
6,1500,3
6,3299,7
6,4701,10
6,2399,5
6,900,1
6,2300,3
6,1100,1
6,6200,12
6,2899,7
6,1501,3
6,700,1
6,4699,11
6,400,0
6,2901,6
6,4900,11
6,2200,4
6,1100,2
6,4000,10
6,800,1
6,4699,10
6,3101,6
6,2999,7
6,400,0
6,1801,4
6,2500,6
6,2399,6
6,1601,3
6,4699,10
6,500,0
6,1601,3
6,3600,8
6,999,3
6,1300,4
6,1501,5
6,300,0
6,900,1
6,8000,21
6,800,1
6,2500,5
6,3700,8
6,900,1
6,2200,7
6,1899,5
6,1900,3
6,3699,9
6,4301,9
6,3399,7
6,1401,2
6,9900,25
6,400,0
6,5100,11
6,4000,12
6,2201,8
6,400,1
6,300,0
6,300,0
6,300,0
6,1600,5
6,3700,11
6,4600,11
6,500,0
6,800,1
6,1201,2
6,1300,2
6,2900,6
6,2700,6
6,1200,2
6,3000,6
6,3600,8
6,1300,2
6,2899,6
6,12701,39
6,1200,2
6,2601,6
6,4200,14
6,699,2
6,3701,14
6,300,0
6,500,1
6,1800,6
6,1899,6
6,1801,4
6,500,0
6,1600,3
6,5600,14
6,400,0
6,500,1
6,2500,6
6,1700,1
6,3100,7
6,1200,2
6,401,0
6,2100,4
6,1400,2
6,1000,1
6,6301,19
6,400,0
6,3100,7
6,400,0
6,4199,10
6,400,0
6,1701,3
6,900,1
6,800,1
6,5100,13
6,800,2
6,500,0
6,1300,2
6,2299,5
6,400,0
6,4800,11
6,1899,4
6,7200,18
6,801,1
6,2800,7
6,6400,16
6,3399,7
6,2901,6
6,3100,12
6,300,0
6,999,3
6,600,1
6,1101,4
6,1300,3
6,6300,15
6,3300,7
6,499,0
6,2001,4
6,7000,20
6,1600,6
6,500,1
6,500,1
6,300,0
6,4300,15
6,1300,4
6,22500,6
6,4000,9
6,8200,20
6,10801,26
6,5300,13
6,2800,6
6,9699,23
6,1201,2
6,1600,6
6,500,1
6,5400,13
6,3500,8
6,1699,3
6,901,1
6,1300,2
6,3800,9
6,400,0
6,1401,2
6,2100,5
6,9700,24
6,3000,6
6,1300,2
6,1200,2
6,6600,9
6,1500,4
6,2700,6
6,500,0
6,700,1
6,4099,11
6,400,0
6,2801,7
6,5000,8
6,2300,5
6,6900,17
6,3599,10
6,9801,25
6,900,1
6,500,0
6,800,1
6,2599,6
6,1301,2
6,400,0
6,4400,11
6,1200,2
6,401,0
6,4400,10
6,799,1
6,901,1
6,3100,7
6,1499,3
6,1701,3
6,900,1
6,500,0
6,10500,25
6,6000,15
6,1699,3
6,1701,4
6,200,0
6,200,0
6,1000,3
6,5600,14
6,2000,4
6,11300,29
6,2200,4
6,800,2
6,200,0
6,900,3
6,1899,7
6,301,0
6,400,1
6,800,2
6,500,1
6,5400,16
6,5899,14
6,5301,13
6,2899,6
6,6199,14
6,4701,12
6,2199,5
6,2401,5
6,3000,6
6,3800,11
6,6399,25
6,200,0
6,2100,8
6,1500,5
6,1799,6
6,600,1
6,600,1
6,12001,31
6,2699,6
6,300,0
6,3300,7
6,1200,2
6,4500,13
6,4799,16
6,1400,2
6,400,0
6,2600,6
6,4500,11
6,1200,2
6,1300,2
6,4000,9
6,4999,14
6,3801,9
6,3800,8
6,2401,6
6,6099,15
6,401,0
6,1100,2
6,2400,5
6,900,1
6,999,1
6,2001,4
6,2000,4
6,800,1
6,2899,6
6,7200,17
6,2901,7
6,900,1
6,700,1
6,1199,2
6,400,0
6,2201,4
6,3799,9
6,500,0
6,8101,15
6,2300,5
6,1800,4
6,5600,13
6,500,0
6,6800,17
6,2500,9
6,7600,9
6,5701,16
6,400,0
6,3900,11
6,2900,8
6,900,2
6,3501,9
6,900,2
6,3599,9
6,1001,2
6,300,0
6,1100,2
6,4899,14
6,5999,17
6,900,1
6,899,1
6,2001,5
6,17000,37
6,1500,3
6,400,0
6,699,1
6,2001,5
6,1200,3
6,3200,9
6,501,0
6,300,0
6,4100,10
6,2300,6
6,2300,5
6,5100,13
6,4500,10
6,2600,6
6,3800,11
6,600,1
6,2300,6
6,1000,2
6,900,2
6,1300,3
6,1200,3
6,1999,6
6,6900,22
6,2401,6
6,600,1
6,400,0
6,5100,13
6,1700,3
6,2500,6
6,2200,5
6,1500,3
6,5900,16
6,3000,6
6,4200,5
6,3000,4
6,800,1
6,499,0
6,3501,9
6,2900,8
6,1199,2
6,400,0
6,800,1
6,2600,6
6,3099,8
6,2801,8
6,1900,4
6,3400,7
6,300,0
6,18800,17
6,3101,6
6,2900,6
6,5400,12
6,500,0
6,800,1
6,1299,2
6,1801,3
6,2100,4
6,1200,2
6,1300,2
6,1100,2
6,4700,12
6,6000,15
6,500,0
6,1000,1
6,4800,11
6,1800,3
6,3100,7
6,2100,4
6,1100,2
6,5499,12
6,3801,8
6,2399,5
6,1501,2
6,500,0
6,10200,23
6,4500,10
6,400,0
6,2100,4
6,3600,8
6,1300,2
6,6400,14
6,400,0
7,1300,3
7,1699,4
7,3301,9
7,7000,21
7,300,0
7,5700,18
7,900,2
7,6600,19
7,800,1
7,3499,7
7,3101,6
7,2500,5
7,7000,15
7,500,0
7,1799,3
7,8501,20
7,500,0
7,2100,4
7,1300,2
7,3100,6
7,3200,7
7,5900,12
7,4399,9
7,2601,5
7,500,0
7,3199,7
7,400,0
7,2801,5
7,4200,9
7,2801,6
7,2000,4
7,800,1
7,1699,3
7,4601,10
7,2200,4
7,5001,11
7,3399,7
7,901,1
7,500,0
7,4300,9
7,1701,3
7,1500,2
7,24000,4
7,900,0
7,2701,2
7,600,0
7,9000,15
7,5300,10
7,10400,20
7,6200,10
7,4000,7
7,5399,11
7,1301,1
7,11100,20
7,3199,3
7,2400,4
7,9400,19
7,3800,8
7,3900,8
7,500,0
7,500,0
7,1701,4
7,2400,4
7,2300,5
7,10900,25
7,5199,13
7,2601,6
7,1100,2
7,1400,2
7,300,0
7,799,1
7,1501,3
7,3500,7
7,6600,12
7,2999,5
7,3700,7
7,1600,3
7,2000,5
7,500,0
7,1700,3
7,2900,7
7,1500,3
7,12599,29
7,3701,8
7,2899,6
7,4201,9
7,7600,14
7,2599,3
7,2301,3
7,4599,9
7,1401,3
7,1900,2
7,500,0
7,800,1
7,2699,5
7,4501,8
7,11600,30
7,5000,13
7,500,0
7,2201,3
7,6300,13
7,1500,2
7,1700,2
7,1100,1
7,2099,3
7,1400,3
7,1000,1
7,8600,27
7,400,0
7,2499,5
7,1001,1
7,2200,4
7,1000,1
7,1000,1
7,6800,15
7,2099,4
7,500,0
7,6601,13
7,1100,1
7,6600,14
7,2201,4
7,500,0
7,4199,9
7,1901,4
7,5199,13
7,4101,10
7,8100,20
7,2000,4
7,1300,2
7,5200,13
7,3800,7
7,5700,11
7,1800,3
7,4600,7
7,700,0
7,11599,31
7,2401,6
7,1000,2
7,4099,12
7,401,0
7,1100,2
7,7000,17
7,1500,3
7,700,1
7,1800,4
7,3700,9
7,2700,7
7,1100,3
7,2400,8
7,2400,6
7,6700,13
7,1200,1
7,4700,10
7,5299,10
7,2201,3
7,1700,2
7,2300,4
7,9801,3
7,3800,4
7,1499,3
7,500,0
7,801,1
7,400,0
7,2500,6
7,4500,11
7,7200,21
7,1000,2
7,1400,3
7,5600,10
7,1200,1
7,1900,3
7,1100,1
7,2801,5
7,6300,12
7,6199,13
7,4101,8
7,6100,11
7,2799,6
7,300,0
7,701,1
7,1900,5
7,4899,14
7,1000,2
7,2700,6
7,800,1
7,2099,6
7,1500,3
7,6600,15
7,2500,4
7,1200,2
7,999,1
7,400,0
7,11601,24
7,7600,17
7,1200,2
7,4500,8
7,3300,6
7,399,0
7,1300,3
7,1601,5
7,800,2
7,4399,14
7,7800,23
7,2301,7
7,3000,7
7,2800,6
7,2700,6
7,2699,7
7,12501,36
7,1700,4
7,999,2
7,2501,6
7,1200,3
7,1200,3
7,1999,5
7,4301,12
7,300,0
7,900,2
7,2099,6
7,700,1
7,3201,10
7,2899,6
7,1701,4
7,4800,14
7,10800,20
7,400,0
7,900,2
7,1300,3
7,300,0
7,6700,20
7,300,0
7,1800,4
7,300,0
7,4000,9
7,6900,15
7,3800,7
7,1999,4
7,3101,6
7,400,0
7,1100,1
7,600,0
7,4800,11
7,900,1
7,3199,6
7,1701,2
7,1800,3
7,5400,9
7,900,1
7,3399,6
7,500,0
7,2301,4
7,16600,27
7,2799,5
7,3501,8
7,2799,5
7,2701,5
7,6900,13
7,3200,7
7,8000,17
7,6901,13
7,2000,2
7,5599,10
7,3701,8
7,6900,16
7,2500,5
7,1099,1
7,6401,13
7,2600,4
7,1200,1
7,3000,9
7,1199,3
7,6801,20
7,300,0
7,2001,5
7,4600,16
7,3800,12
7,500,0
7,5099,16
7,1201,3
7,1400,4
7,3400,8
7,9500,24
7,10099,26
7,1100,2
7,1301,2
7,6200,14
7,1500,4
7,700,1
7,1300,3
7,700,1
7,1399,4
7,900,2
7,401,0
7,400,0
7,14600,46
7,2600,5
7,3899,8
7,2200,4
7,1600,2
7,2999,6
7,8501,19
7,500,0
7,11799,25
7,9901,25
7,1800,5
7,2000,7
7,300,0
7,1399,5
7,4201,9
7,800,1
7,2800,6
7,6699,14
7,1600,3
7,3400,7
7,1899,3
7,9600,22
7,9300,26
7,500,0
7,2299,4
7,1900,4
7,9600,26
7,500,0
7,1899,4
7,9701,25
7,2600,5
7,9199,10
7,7900,19
7,2601,5
7,3999,8
7,800,2
7,2200,4
7,1399,2
7,2001,4
7,6399,17
7,5601,12
7,7300,16
7,1499,2
7,3201,7
7,5400,15
7,3200,7
7,1099,2
7,700,1
7,601,0
7,600,0
7,7100,19
7,1000,1
7,7400,20
7,1600,3
7,500,0
7,500,0
7,2700,5
7,1800,3
7,1900,3
7,2499,5
7,3101,10
7,1800,6
7,2800,9
7,1600,5
7,800,2
7,2500,6
7,2600,5
7,3200,6
7,3299,6
7,5200,11
7,3900,9
7,500,0
7,2200,4
7,3400,8
7,3300,9
7,5600,15
7,2799,7
7,2301,6
7,4300,12
7,1299,3
7,1101,2
7,3600,10
7,3300,9
7,1900,5
7,700,1
7,2499,6
7,1100,2
7,700,1
7,400,0
7,7199,19
7,401,0
7,700,1
7,2500,6
7,2799,7
7,801,1
7,2000,3
7,400,0
7,10399,27
7,5501,14
7,3099,7
7,301,0
7,800,1
7,300,0
7,700,1
7,300,0
7,5100,14
7,6199,16
7,11801,17
7,600,1
7,1399,3
7,2301,4
7,2600,6
7,5000,13
7,4499,11
7,1801,4
7,1600,4
7,400,0
7,2399,5
7,900,1
7,1200,2
7,4699,10
7,6601,16
7,1900,6
7,2500,8
7,1800,6
7,700,1
7,400,0
7,1100,3
7,600,1
7,2699,9
7,300,0
7,300,0
7,301,0
7,1200,3
7,600,1
7,3100,11
7,499,1
7,2101,8
7,2900,10
7,600,1
7,4299,16
7,801,1
7,3500,11
7,900,2
7,2900,10
7,3600,12
7,3500,13
7,1800,6
7,3300,11
7,1399,4
7,5401,14
7,1199,3
7,2401,8
7,1600,5
7,300,0
7,2100,7
7,499,1
7,500,1
7,3001,10
7,400,0
7,2999,10
7,5201,19
7,2699,8
7,300,0
7,901,2
7,4700,17
7,1099,3
7,1201,3
7,3600,12
7,600,1
7,1000,3
7,2100,7
7,3100,11
7,500,1
7,400,0
7,1100,3
7,300,0
7,6301,23
7,600,1
7,4100,14
7,200,0
7,800,2
7,1100,3
7,300,0
7,1099,3
7,2301,8
7,600,1
7,1400,4
7,1500,4
7,500,1
7,699,2
7,1899,6
7,1101,3
7,2100,7
7,8300,30
7,1300,4
7,1299,4
7,4201,16
7,1700,6
7,900,2
7,599,1
7,1100,3
7,1001,3
7,2900,10
7,3700,13
7,1100,2
7,2900,10
7,3099,11
7,2600,9
7,600,1
7,600,1
7,1699,5
7,500,1
7,4201,16
7,200,0
7,200,0
7,1600,5
7,599,1
7,1801,6
7,1800,6
7,2700,9
7,599,1
7,2601,9
7,3600,10
7,6700,18
7,1999,5
7,901,2
7,2400,6
7,400,0
7,4099,10
7,1200,2
7,400,0
7,3500,9
7,700,1
7,4901,13
7,2399,6
7,400,0
7,401,0
7,3200,8
7,7500,19
7,800,1
7,1299,2
7,800,1
7,1100,2
7,1400,3
7,2599,6
7,2101,5
7,3000,8
7,5200,13
7,1800,4
7,500,0
7,16499,47
7,500,0
7,2101,5
7,12799,36
7,2901,7
7,8200,23
7,700,1
7,3099,8
7,9000,26
7,1000,2
7,2000,5
7,1499,3
7,7100,19
7,3501,7
7,6700,17
7,2800,6
7,500,0
7,4501,10
7,3299,9
7,400,0
7,1401,3
7,3200,9
7,1299,3
7,800,1
7,601,1
7,2400,6
7,12600,26
7,4000,10
7,8400,24
7,3901,11
7,1400,3
7,1000,2
7,3500,10
7,3500,9
7,8699,28
7,4001,11
7,3299,9
7,4801,14
7,2499,6
7,700,1
7,4701,12
7,1999,4
7,2000,5
7,2400,6
7,5300,15
7,399,0
7,4501,12
7,6000,17
7,800,1
7,1100,2
7,1300,3
7,2200,6
7,3200,8
7,2099,5
7,2501,6
7,400,0
7,2400,6
7,400,0
7,1299,3
7,800,1
7,1801,4
7,2400,6
7,6600,19
7,400,0
7,2599,7
7,700,1
7,2100,5
7,8100,22
7,3699,10
7,400,0
7,401,0
7,2800,8
7,4399,11
7,2400,6
7,6000,17
7,1400,3
7,2800,7
7,500,0
7,3301,9
7,2100,5
7,4000,11
7,800,1
7,2000,4
7,7900,24
7,2500,7
7,4100,11
7,700,1
7,8500,21
7,1201,2
7,600,1
7,4000,10
7,899,2
7,6101,17
7,1299,2
7,1601,4
7,1000,2
7,400,0
7,400,0
7,1300,3
7,5000,14
7,2300,6
7,1999,5
7,400,0
7,1301,3
7,4100,13
7,1399,3
7,3401,10
7,10000,32
7,4401,0
7,800,1
7,5700,17
7,700,1
7,1100,2
7,4500,12
7,2700,7
7,800,1
7,5300,15
7,1500,3
7,4300,13
7,2800,8
7,1299,3
7,400,0
7,5001,15
7,1000,2
7,400,0
7,1300,3
7,401,0
7,10100,23
7,2200,6
7,4900,14
7,1200,3
7,6700,20
7,1100,2
7,900,2
7,1300,3
7,1701,4
7,1100,2
7,5800,17
7,400,0
7,4599,13
7,2101,5
7,1800,4
7,1500,3
7,700,1
7,2100,5
7,5901,19
7,2599,6
7,401,0
7,2900,8
7,1700,4
7,2700,6
7,800,1
7,400,0
7,700,1
7,800,1
7,1900,5
7,799,1
7,2701,8
7,6300,18
7,800,1
7,800,1
7,700,1
7,2399,7
7,2001,5
7,3600,11
7,3700,10
7,3500,10
7,2199,6
7,2701,7
7,2800,8
7,400,0
7,2401,6
7,1300,3
7,2900,8
7,3400,9
7,3200,8
7,2699,7
7,900,2
7,1400,3
7,1400,3
7,7300,21
7,1000,1
7,1999,4
7,1100,2
7,1400,2
7,1100,2
7,300,0
7,900,2
7,1699,4
7,7199,21
7,701,1
7,2000,6
7,3999,11
7,400,0
7,3101,9
7,5900,17
7,3601,10
7,2799,7
7,7400,21
7,2301,6
7,5299,15
7,2301,6
7,10400,29
7,4700,12
7,1700,4
7,500,0
7,2900,8
7,3300,8
7,1200,3
7,399,0
7,4501,11
7,600,1
7,800,1
7,3000,8
7,400,0
7,400,0
7,1400,3
7,4100,10
7,500,0
7,300,0
7,1600,4
7,1200,2
7,800,1
7,2800,8
7,5899,15
7,1401,3
7,1200,2
7,2200,5
7,2199,5
7,2701,7
7,400,0
7,1000,2
7,1300,3
7,399,0
7,4801,13
7,2399,6
7,1801,4
7,600,1
7,5799,17
7,601,1
7,1600,4
7,1200,3
7,2100,6
7,700,1
7,5801,17
7,8799,25
7,400,0
7,4200,11
7,400,0
7,1100,2
7,1500,4
7,2100,5
7,300,0
7,5000,14
7,400,0
7,3001,7
7,800,1
7,10000,27
7,3500,9
7,900,2
7,400,0
7,3199,9
7,1401,3
7,1000,2
7,1300,3
7,6700,19
7,400,0
7,1100,2
7,500,0
7,1999,5
7,400,0
7,2400,6
7,600,1
7,400,0
7,1399,3
7,1100,2
7,5801,16
7,299,0
7,400,0
7,1901,5
7,1300,3
7,1200,3
7,1400,3
7,2800,8
7,400,0
7,400,0
7,3100,7
7,1899,4
7,700,1
7,1200,2
7,3899,11
7,6601,18
7,1399,3
7,501,0
7,300,0
7,1999,4
7,1501,3
7,400,0
7,500,0
7,500,0
7,1700,4
7,700,1
7,4400,13
7,3599,10
7,500,0
7,8701,23
7,4300,14
7,799,1
7,400,0
7,600,1
7,400,0
7,700,1
7,1000,2
7,400,0
7,2600,6
7,2401,6
7,7300,20
7,1800,4
7,700,1
7,2899,7
7,1701,4
7,1100,2
7,5500,16
7,2000,4
7,4399,11
7,401,0
7,500,0
7,4800,12
7,4401,12
7,300,0
7,1200,3
7,2800,7
7,1700,4
7,4399,13
7,4001,11
7,1400,3
7,2700,7
7,1700,3
7,5000,12
7,2000,5
7,1900,4
7,2700,5
7,500,0
7,6099,15
7,4201,11
7,1500,3
7,1500,4
7,1000,2
7,400,0
7,1000,2
7,4599,13
7,11500,31
7,2700,8
7,800,1
7,400,0
7,8200,23
7,1900,4
7,3900,9
7,4099,10
7,1401,3
7,600,1
7,1400,3
7,400,0
7,2599,5
7,6301,10
7,499,0
7,800,1
7,3601,8
7,300,0
7,4600,14
7,4899,13
7,5201,15
7,3400,9
7,4300,11
7,4900,14
7,3899,9
7,400,0
7,901,0
7,5999,8
7,2401,6
7,10200,28
7,4500,13
7,6400,17
7,11100,15
7,1899,4
7,3001,8
7,800,1
7,1000,2
7,1399,3
7,10501,32
7,400,0
7,4099,12
7,2501,5
7,400,0
7,1800,4
7,3500,10
7,700,1
7,2500,7
7,1999,5
7,601,1
7,1000,2
7,4499,13
7,1501,4
7,5099,15
7,8100,26
7,400,0
7,4201,13
7,700,1
7,400,0
7,7600,25
7,899,2
7,1100,2
7,3501,11
7,2499,7
7,2201,7
7,9900,32
7,400,0
7,1300,3
7,2100,7
7,2400,7
7,1200,3
7,400,0
7,6700,18
7,1500,4
7,5400,14
7,1000,2
7,400,0
7,399,0
7,800,1
7,3701,9
7,1400,2
7,3900,8
7,3000,7
7,2599,6
7,700,1
7,1900,4
7,1400,3
7,500,0
7,3300,9
7,2400,6
7,2899,7
7,2001,5
7,2600,7
7,600,1
7,2300,6
7,7600,23
7,4500,12
7,1699,4
7,3601,9
7,1300,3
7,3000,8
7,15300,43
7,800,1
7,500,0
7,1900,4
7,500,0
7,1000,1
7,800,1
7,400,0
7,2699,6
7,400,0
7,5801,16
7,1000,2
7,400,0
7,2601,7
7,5400,15
7,500,0
7,3000,7
7,1000,2
7,5901,17
7,1699,4
7,400,0
7,3601,10
7,2000,5
7,4200,11
7,500,0
7,6600,19
7,1300,3
7,3299,8
7,2501,7
7,800,1
7,2099,6
7,1100,2
7,3501,9
7,1900,5
7,999,2
7,14900,41
7,4101,10
7,6700,17
7,6200,18
7,300,0
7,4499,13
7,2301,5
7,1000,1
7,400,0
7,1100,2
7,3000,7
7,11200,32
7,2599,7
7,11101,30
7,900,1
7,600,1
7,1099,2
7,1000,2
7,500,0
7,6500,17
7,6700,21
7,3500,11
7,3200,10
7,800,1
7,400,0
7,3199,10
7,300,0
7,400,0
7,6101,19
7,1799,5
7,900,2
7,1900,5
7,1800,5
7,999,2
7,5101,15
7,2100,5
7,1499,4
7,3001,9
7,7900,25
7,3299,10
7,400,0
7,4201,12
7,1300,3
7,899,2
7,1801,5
7,2100,5
7,4600,11
7,2000,4
7,500,0
7,2399,5
7,2501,6
7,3000,7
7,5800,13
7,1000,1
7,2899,6
7,7300,17
7,1201,2
7,4700,11
7,4401,12
7,1100,2
7,6800,19
7,5900,15
7,1400,2
7,1200,2
7,2300,5
7,1300,2
7,700,1
7,9500,32
7,900,2
7,2100,7
7,1100,3
7,900,2
7,1100,4
7,3700,14
7,500,1
7,800,2
7,700,2
7,3100,11
7,5600,21
7,1500,5
7,4300,16
7,300,0
7,2200,8
7,700,2
7,3801,13
7,4699,18
7,2001,7
7,2000,7
7,300,0
7,1500,5
7,2700,9
7,500,1
7,1500,5
7,3599,13
7,4501,17
7,2999,4
7,1001,3
7,1200,4
7,500,1
7,1500,5
7,3599,11
7,1900,7
7,300,0
7,300,0
7,1800,6
7,1299,4
7,3701,13
7,1800,7
7,3400,8
7,200,0
7,600,1
7,2800,10
7,200,0
7,899,3
7,600,1
7,600,1
7,701,2
7,1100,3
7,1200,4
7,2000,7
7,600,1
7,700,2
7,200,0
7,1400,4
7,999,3
7,1000,3
7,5301,20
7,599,1
7,2501,10
7,300,0
7,4000,15
7,299,0
7,1501,5
7,4200,15
7,2399,9
7,600,1
7,501,1
7,800,2
7,1000,3
7,2400,9
7,2500,9
7,1500,5
7,1600,5
7,400,1
7,1300,4
7,999,3
7,3801,14
7,1400,4
7,500,1
7,1199,3
7,10001,17
7,3700,13
7,1599,6
7,1101,3
7,900,2
7,600,1
7,1000,3
7,300,0
7,5000,20
7,1100,3
7,700,1
7,500,1
7,4200,17
7,3600,13
7,300,0
7,300,0
7,2099,7
7,1001,3
7,1500,3
7,1500,5
7,1100,3
7,2400,9
7,5300,20
7,2200,7
7,300,0
7,300,0
7,1499,5
7,601,1
7,4700,11
7,5300,15
7,2999,11
7,500,1
7,1101,4
7,700,2
7,800,2
7,1200,4
7,2899,10
7,3601,14
7,3399,13
7,400,0
7,3801,14
7,600,1
7,1100,4
7,1999,8
7,2701,10
7,600,1
7,600,1
7,700,2
7,300,0
7,4100,16
7,600,1
7,3599,14
7,500,1
7,300,0
7,8501,33
7,2300,8
7,4099,15
7,501,1
7,5799,22
7,5801,22
7,600,1
7,1499,5
7,2901,10
7,4299,17
7,1501,5
7,800,2
7,2600,9
7,2599,9
7,1901,7
7,200,0
7,1300,4
7,6900,28
7,1300,4
7,3000,11
7,1699,5
7,2601,10
7,300,0
7,300,0
7,1200,4
7,3099,11
7,800,2
7,1001,3
7,1100,3
7,2100,8
7,11400,29
7,400,0
7,4500,12
7,400,0
7,2601,7
7,3900,9
7,3701,9
7,800,1
7,2300,5
7,12900,14
7,1100,3
7,4700,19
7,1100,3
7,300,0
7,1200,4
7,2799,9
7,500,1
7,700,2
7,4699,17
7,1801,6
7,1700,6
7,1200,4
7,1000,3
7,2199,8
7,500,1
7,3500,13
7,500,1
7,5300,21
7,1600,5
7,3800,13
7,300,0
7,300,0
7,4800,19
7,2201,8
7,300,0
7,5699,22
7,500,1
7,801,2
7,1100,4
7,2400,9
7,1300,4
7,600,1
7,1899,6
7,700,2
7,601,1
7,2400,9
7,1100,4
7,300,0
7,500,1
7,4400,15
7,2700,11
7,200,0
7,499,1
7,1000,3
7,601,1
7,700,2
7,5099,22
7,3501,13
7,200,0
7,1000,3
7,1300,4
7,200,0
7,300,0
7,3701,13
7,1000,3
7,1400,5
7,3000,11
7,1600,5
7,300,0
7,4799,19
7,601,2
7,5400,20
7,2301,8
7,1600,6
7,4999,19
7,3201,12
7,2999,11
7,700,2
7,701,2
7,500,1
7,2200,7
7,2200,8
7,3900,14
7,800,2
7,3399,12
7,600,2
7,601,1
7,5500,22
7,800,2
7,901,2
7,1200,4
7,7100,28
7,500,1
7,300,0
7,1700,6
7,2900,10
7,1300,4
7,1000,3
7,500,1
7,3799,14
7,501,1
7,1300,4
7,1600,5
7,1600,6
7,4800,19
7,300,0
7,1000,1
7,500,0
7,1699,3
7,801,1
7,2100,8
7,2800,10
7,499,1
7,1601,5
7,1200,4
7,800,2
7,2900,11
7,599,1
7,1601,5
7,2200,7
7,1400,4
7,4700,18
7,2300,8
7,4300,16
7,1400,5
7,4499,17
7,2001,7
7,4100,16
7,2400,8
7,300,0
7,200,0
7,7300,30
7,1500,5
7,900,3
7,800,2
7,500,1
7,999,3
7,2501,9
7,4300,17
7,599,1
7,2901,10
7,3500,14
7,2800,10
7,1900,7
7,300,0
7,300,0
7,800,2
7,1000,3
7,2399,8
7,200,0
7,1601,5
7,3100,11
7,1999,7
7,4201,16
7,500,1
7,2000,7
7,299,0
7,500,1
7,1101,3
7,3000,11
7,500,1
7,4300,16
7,1100,3
7,2100,7
7,500,1
7,3300,14
7,1700,5
7,200,0
7,700,2
7,3699,14
7,2701,1
7,500,1
7,2499,9
7,1801,6
7,1700,6
7,900,3
7,1300,4
7,1199,4
7,2601,9
7,3300,13
7,1699,6
7,2701,10
7,4000,16
7,1299,4
7,300,0
7,501,1
7,2900,12
7,3499,13
7,300,0
7,701,2
7,200,0
7,6800,26
7,1700,5
7,4599,18
7,1601,5
7,200,0
7,300,0
7,299,0
7,2901,11
7,5999,23
7,801,2
7,1800,6
7,1400,5
7,1000,3
7,300,0
7,1299,4
7,4001,15
7,700,2
7,1200,4
7,2400,9
7,2300,8
7,900,3
7,1100,4
7,4600,9
7,2200,8
7,200,0
7,899,3
7,500,1
7,1901,7
7,300,0
7,4000,15
7,1399,4
7,701,2
7,1400,5
7,4299,16
7,800,2
7,2301,8
7,1600,5
7,1500,5
7,1699,5
7,300,0
7,3901,15
7,1800,6
7,899,3
7,700,2
7,401,1
7,1200,4
7,500,1
7,3799,15
7,1000,4
7,3100,11
7,1500,5
7,300,0
7,1599,5
7,300,0
7,3401,14
7,2400,10
7,3200,13
7,1099,3
7,2401,9
7,2300,9
7,1699,6
7,1401,5
7,2900,11
7,2699,10
7,1100,3
7,5601,21
7,400,0
7,499,1
7,2301,8
7,700,2
7,1700,6
7,2199,8
7,800,3
7,200,0
7,3501,13
7,1000,3
7,200,0
7,1599,4
7,1801,5
7,2700,10
7,300,0
7,4800,20
7,600,1
7,4099,16
7,5101,20
7,800,2
7,700,2
7,6500,15
7,600,1
7,4000,16
7,1500,5
7,500,1
7,3299,13
7,6100,24
7,4601,14
7,8800,10
7,2499,10
7,1601,5
7,1800,6
7,2000,7
7,1599,5
7,2101,7
7,1000,3
7,6200,23
7,6099,24
7,1501,5
7,1800,6
7,2101,8
7,500,1
7,1200,3
7,1000,4
7,800,2
7,599,1
7,2801,10
7,600,1
7,600,1
7,2200,8
7,2199,8
7,3100,11
7,3399,13
7,300,0
7,400,1
7,800,2
7,2100,8
7,500,1
7,300,0
7,1799,6
7,2901,11
7,800,2
7,6500,26
7,5599,22
7,2601,9
7,500,1
7,5600,22
7,600,1
7,2100,7
7,300,0
7,4500,17
7,1700,6
7,1300,4
7,2699,9
7,1001,3
7,800,2
7,2800,10
7,3700,14
7,4400,17
7,699,2
7,4101,16
7,2200,7
7,2099,8
7,301,0
7,1900,7
7,3300,12
7,3700,14
7,2800,11
7,3000,11
7,1100,4
7,300,0
7,1600,5
7,601,1
7,3100,12
7,3499,14
7,2601,10
7,1700,6
7,1000,3
7,2600,9
7,1600,5
7,300,0
7,300,0
7,600,1
7,700,2
7,1100,3
7,699,2
7,1801,6
7,400,0
7,200,0
7,1400,5
7,3399,13
7,2001,6
7,5799,21
7,4401,16
7,1100,4
7,1499,5
7,3301,12
7,700,2
7,2400,9
7,300,0
7,1301,4
7,3100,12
7,1400,5
7,200,0
7,200,0
7,699,2
7,800,2
7,1001,3
7,4400,16
7,1999,8
7,2701,10
7,1100,3
7,1700,6
7,2600,10
7,300,0
7,1000,3
7,300,0
7,2100,7
7,600,1
7,3000,11
7,900,3
7,5499,20
7,200,0
7,7300,28
7,2599,9
7,3701,15
7,5400,16
7,500,0
7,800,1
7,400,0
7,800,1
7,400,0
7,300,0
7,8000,30
7,899,2
7,4701,10
7,1900,6
7,999,3
7,6201,24
7,899,3
7,901,3
7,1200,4
7,2900,5
7,400,1
7,3400,12
7,3300,13
7,200,0
7,2199,8
7,1401,5
7,700,2
7,1200,4
7,300,0
7,1700,5
7,200,0
7,1299,4
7,7500,29
7,300,0
7,1101,3
7,300,0
7,1000,3
7,1200,4
7,1800,6
7,2000,7
7,300,0
7,300,0
7,4300,16
7,899,3
7,3201,12
7,2000,7
7,900,3
7,2400,8
7,600,1
7,800,2
7,1400,5
7,3299,12
7,500,1
7,2500,8
7,699,2
7,900,3
7,2301,6
7,1000,1
7,6500,15
7,1200,4
7,700,2
7,3700,14
7,300,0
7,600,1
7,2200,8
7,1300,4
7,2900,10
7,300,0
7,500,1
7,8800,36
7,2699,10
7,2501,9
7,300,0
7,1000,3
7,1500,5
7,300,0
7,3300,13
7,1000,3
7,1900,6
7,5300,20
7,300,0
7,800,2
7,2600,9
7,500,1
7,900,3
7,1601,5
7,2100,7
7,1000,3
7,500,1
7,3800,14
7,300,0
7,300,0
7,1200,4
7,300,0
7,3299,14
7,2001,7
7,2200,8
7,2099,7
7,4401,17
7,800,2
7,1400,5
7,4200,16
7,600,1
7,800,2
7,1100,3
7,3500,12
7,300,0
7,999,3
7,1601,5
7,1100,3
7,2100,7
7,1000,3
7,999,3
7,500,1
7,500,1
7,401,0
7,2000,7
7,1300,4
7,1900,7
7,3200,11
7,3900,14
7,1099,3
7,1501,5
7,3300,12
7,5000,19
7,1000,3
7,300,0
7,500,1
7,3299,12
7,1301,4
7,1600,5
7,1300,4
7,1100,3
7,999,3
7,800,2
7,501,1
7,1100,3
7,3200,13
7,1599,5
7,4401,17
7,200,0
7,500,1
7,4000,15
7,1200,4
7,3000,11
7,1999,7
7,2301,8
7,900,2
7,800,2
7,2099,7
7,300,0
7,2801,10
7,2200,8
7,700,2
7,3100,11
7,2800,10
7,1500,5
7,4899,19
7,901,2
7,500,1
7,1500,5
7,500,1
7,2400,9
7,799,1
7,500,1
7,5901,24
7,1299,4
7,1301,4
7,1400,5
7,1200,4
7,1100,3
7,500,1
7,799,2
7,900,3
7,1301,5
7,3600,13
7,1999,6
7,300,0
7,1301,4
7,1300,4
7,300,0
7,1400,5
7,1100,3
7,1900,6
7,1500,5
7,1300,4
7,1200,4
7,10099,41
7,6101,23
7,499,1
7,1401,5
7,4800,18
7,5100,20
7,1200,4
7,500,1
7,3300,12
7,800,2
7,500,1
7,800,2
7,2300,9
7,1899,6
7,1600,6
7,1000,3
7,7200,21
7,2100,7
7,9699,33
7,2101,7
7,1300,4
7,1601,6
7,3200,10
7,1400,3
7,2601,6
7,400,0
7,14100,37
7,3100,9
7,800,1
7,2199,5
7,3400,8
7,700,1
7,2900,7
7,1100,2
7,900,1
7,4499,10
7,901,1
7,3700,7
7,1799,6
7,1501,5
7,300,0
7,600,1
7,1200,3
7,300,0
7,2299,7
7,400,0
7,1501,5
7,1100,3
7,4099,16
7,1100,3
7,1901,6
7,2000,6
7,1000,3
7,300,0
7,1099,3
7,1601,5
7,10100,41
7,1900,7
7,2300,9
7,400,1
7,500,1
7,3700,13
7,799,2
7,3701,14
7,1300,4
7,600,1
7,1599,5
7,2901,11
7,1200,3
7,500,1
7,3199,12
7,600,1
7,2801,10
7,300,0
7,1901,6
7,800,2
7,4799,17
7,3701,14
7,4100,15
7,900,3
7,4599,18
7,700,2
7,2001,7
7,300,0
7,700,2
7,1100,3
7,2499,9
7,700,2
7,801,2
7,1300,5
7,3000,11
7,1899,7
7,301,0
7,300,0
7,5899,22
7,1101,3
7,1200,4
7,800,2
7,3100,12
7,1999,6
7,1500,3
7,7600,14
7,2500,6
7,3500,8
7,900,1
7,2400,5
7,2199,5
7,7901,28
7,1300,5
7,300,0
7,8400,33
7,7700,29
7,1300,4
7,4000,14
7,400,0
7,500,1
7,300,0
7,2800,9
7,8699,35
7,4201,15
7,5800,22
7,800,2
7,1700,6
7,1100,3
7,1800,6
7,300,0
7,700,2
7,3100,11
7,2600,10
7,1700,6
7,799,2
7,300,0
7,1701,6
7,2500,9
7,2499,9
7,2301,6
7,1300,4
7,800,2
7,1400,4
7,1399,4
7,300,0
7,3801,14
7,300,0
7,300,0
7,300,0
7,3199,11
7,901,3
7,5100,19
7,500,1
7,1901,7
7,2100,7
7,1200,4
7,7000,6
7,2699,10
7,1001,1
7,2300,5
7,1800,4
7,400,0
7,8199,21
7,700,1
7,3600,8
7,8200,21
7,1499,5
7,200,0
7,2201,8
7,4999,19
7,800,2
7,2601,9
7,300,0
7,300,0
7,800,2
7,6800,26
7,2300,8
7,800,2
7,2301,8
7,9600,36
7,1700,7
7,2300,8
7,4800,18
7,6600,25
7,3300,12
7,1899,6
7,500,1
7,400,1
7,1700,6
7,800,2
7,3799,14
7,1801,6
7,2800,10
7,500,1
7,2099,7
7,4901,18
7,500,1
7,2099,7
7,901,3
7,600,1
7,1200,3
7,1000,3
7,800,2
7,700,2
7,299,0
7,1300,5
7,301,0
7,1000,3
7,3500,13
7,1899,6
7,2501,9
7,300,0
7,3599,14
7,3801,15
7,2300,8
7,2099,7
7,4201,15
7,500,1
7,600,1
7,500,1
7,2800,10
7,2200,8
7,2400,8
7,3500,12
7,300,0
7,1100,3
7,900,2
7,500,1
7,300,0
7,499,1
7,6401,25
7,500,1
7,2300,8
7,2199,8
7,400,1
7,600,1
7,1601,5
7,3100,12
7,2099,8
7,2601,10
7,500,1
7,1300,4
7,300,0
7,5300,21
7,300,0
7,1700,6
7,3500,13
7,1100,4
7,600,1
7,7900,12
7,300,0
7,1600,6
7,300,0
7,300,0
7,500,1
7,3001,6
7,2400,6
7,600,1
7,900,3
7,499,1
7,300,0
7,1301,4
7,800,2
7,1500,5
7,1500,5
7,600,1
7,1199,4
7,6301,24
7,2500,6
7,2000,7
7,1100,3
7,6700,5
7,2700,4
7,2101,7
7,8900,36
7,800,2
7,700,2
7,500,1
7,700,2
7,2099,8
7,700,2
7,5299,21
7,200,0
7,901,3
7,700,2
7,4500,16
7,8400,33
7,2200,7
7,2499,9
7,300,0
7,5001,19
7,4100,15
7,1500,5
7,7000,28
7,500,1
7,2300,5
7,7600,25
7,1099,3
7,1601,5
7,1700,5
7,500,1
7,4600,17
7,300,0
7,2000,7
7,1100,4
7,800,2
7,300,0
7,1900,7
7,1300,4
7,4699,8
7,1601,2
7,1300,2
7,300,0
7,3399,12
7,300,0
7,5001,17
7,2599,5
7,1601,3
7,800,1
7,800,1
7,9400,23
7,400,0
7,500,0
7,2601,8
7,2000,7
7,1200,3
7,1099,3
7,2101,7
7,5399,20
7,3201,11
7,1300,4
7,3199,11
7,1101,3
7,2300,6
7,2200,4
7,400,0
7,599,0
7,1001,2
7,12700,34
7,6600,17
7,1699,3
7,1101,2
7,4800,11
7,5300,7
7,1900,2
7,500,0
7,1001,1
7,4500,9
7,5000,10
7,4199,9
7,1601,3
7,5099,4
7,1601,3
7,400,0
7,1000,1
7,1800,3
7,800,1
7,600,0
7,7300,2
7,3401,6
7,3599,7
7,1401,2
7,10000,20
7,3899,7
7,1000,1
7,3500,6
7,3200,6
7,3300,6
7,2099,3
7,4501,8
7,3800,6
7,5599,11
7,700,0
7,3300,6
7,1600,2
7,10100,24
7,800,2
7,2500,9
7,1100,3
7,3600,12
7,1100,2
7,7300,19
7,700,1
7,2399,5
7,1801,4
7,5099,14
7,400,0
7,1900,3
7,1699,3
7,4301,9
7,3399,7
7,3201,6
7,4699,12
7,3100,9
7,7700,25
7,400,0
7,2499,7
7,600,1
7,1801,4
7,5699,17
7,7000,22
7,1001,2
7,800,1
7,4299,13
7,7500,23
7,1701,4
7,600,1
7,2600,8
7,7200,19
7,2199,5
7,4301,10
7,500,0
7,1200,2
7,499,0
7,2901,7
7,1800,4
7,3299,7
7,500,0
7,7200,24
7,2800,10
7,300,0
7,2499,8
7,3601,13
7,900,2
7,3399,12
7,300,0
7,1301,4
7,3500,12
7,300,0
7,599,1
7,1300,4
7,301,0
7,1100,3
7,500,1
7,300,0
7,300,0
7,6100,23
7,800,2
7,5400,21
7,2200,8
7,1600,6
7,4099,15
7,1301,4
7,6599,25
7,1301,4
7,300,0
7,900,2
7,1200,4
7,2799,10
7,2701,9
7,1700,5
7,2799,10
7,200,0
7,300,0
7,2401,9
7,1400,5
7,2299,8
7,1000,3
7,6400,24
7,2201,8
7,2200,7
7,4700,17
7,2000,7
7,700,2
7,600,1
7,1999,7
7,1701,5
7,10100,6
7,300,0
7,900,2
7,500,1
7,500,1
7,1199,4
7,1401,4
7,600,1
7,4499,17
7,4701,17
7,1600,5
7,799,2
7,1100,3
7,2101,6
7,2000,7
7,600,1
7,600,1
7,2199,8
7,1701,5
7,3400,12
7,2300,9
7,1100,3
7,1900,7
7,1500,4
7,300,0
7,400,0
7,3099,12
7,1100,3
7,5801,23
7,5700,21
7,300,0
7,2099,8
7,2001,7
7,300,0
7,800,2
7,2200,7
7,5300,20
7,300,0
7,600,1
7,500,1
7,800,2
7,1099,3
7,300,0
7,601,1
7,1500,4
7,500,1
7,2100,7
7,4200,15
7,800,2
7,4599,18
7,3901,15
7,500,1
7,3199,11
7,2300,8
7,2700,9
7,300,0
7,1200,4
7,4900,19
7,1099,3
7,800,2
7,2601,9
7,1000,3
7,2200,8
7,1900,6
7,3800,10
7,6400,17
7,2500,5
7,4001,10
7,1400,2
7,15300,45
7,3900,14
7,500,1
7,3599,14
7,8300,23
7,900,1
7,4600,13
7,400,0
7,1700,3
7,400,0
7,600,1
7,1001,2
7,1500,3
7,500,0
7,6500,17
7,3300,7
7,999,1
7,5401,12
7,500,0
7,499,0
7,3001,5
7,3899,8
7,1300,2
7,1200,1
7,5899,15
7,400,0
7,900,1
7,5199,10
7,4600,9
7,1499,1
7,4501,11
7,6600,12
7,1600,3
7,1399,2
7,4000,7
7,1299,2
7,6600,14
7,2101,3
7,1800,3
7,8700,17
7,3500,7
7,1200,2
7,900,1
7,12300,25
7,2800,5
7,800,1
7,4700,9
7,10600,23
7,3100,7
7,2800,7
7,1099,1
7,5501,10
7,900,1
7,3401,6
7,3099,5
7,2601,4
7,7301,15
7,11401,24
7,3699,7
7,3601,7
7,12500,25
7,1500,2
7,8600,18
7,1800,3
7,999,1
7,11701,24
7,6500,13
7,5200,10
7,9900,21
7,1600,2
7,600,0
7,4300,9
7,2200,4
7,900,1
7,2401,4
7,7500,15
7,1000,1
7,6300,13
7,3500,6
7,1699,2
7,4101,8
7,7300,14
7,1900,2
7,11700,14
7,7000,14
7,2000,3
7,6300,13
7,2700,5
7,3701,7
7,8400,17
7,2500,4
7,5601,11
7,9999,20
7,2401,4
7,500,0
7,10900,22
7,4001,7
7,6000,12
7,1400,2
7,900,1
7,1000,1
7,2500,4
7,2800,5
7,1100,1
7,600,0
7,499,0
7,1601,2
7,1100,1
7,4199,8
7,2401,4
7,1300,2
7,3699,8
7,6099,15
7,4201,10
7,4200,7
7,1800,4
7,1100,2
7,3499,8
7,4400,10
7,3900,7
7,7100,14
7,3100,5
7,900,1
7,500,0
7,500,0
7,3701,6
7,1500,2
7,1699,3
7,4901,9
7,3000,5
7,2600,5
7,4099,8
7,2801,5
7,1000,1
7,1000,1
7,999,1
7,6001,11
7,1099,1
7,3401,6
7,6200,12
7,6499,13
7,3601,7
7,1400,2
7,6800,14
7,5800,11
7,3199,6
7,1301,2
7,1000,1
7,1300,2
7,1900,3
7,2099,3
7,1801,3
7,5599,11
7,4201,8
7,500,0
7,1099,1
7,10201,21
7,900,1
7,3199,6
7,3401,6
7,11099,23
7,3401,7
7,3999,8
7,1801,3
7,2200,3
7,1000,1
7,700,0
7,1099,1
7,10901,22
7,2700,5
7,9100,9
7,1900,3
7,7500,16
7,1500,2
7,3099,5
7,12801,27
7,3000,6
7,6599,14
7,1401,2
7,2300,3
7,7600,4
7,6300,9
7,700,0
7,6800,11
7,3899,5
7,5500,8
7,2600,3
7,4800,8
7,2001,3
7,10200,24
7,7900,24
7,1300,3
7,3300,9
7,2800,8
7,400,0
7,600,1
7,1499,3
7,4001,11
7,4800,13
7,400,0
7,6600,21
7,700,1
7,1900,4
7,5600,17
7,1200,3
7,3899,12
7,1801,5
7,2699,7
7,700,1
7,1801,5
7,1100,2
7,1200,3
7,4300,13
7,2300,7
7,1300,3
7,2700,8
7,800,2
7,1300,3
7,7300,24
7,2700,8
7,1599,4
7,5401,18
7,1699,5
7,2901,8
7,18900,66
7,3700,12
7,2100,7
7,1300,3
7,1899,5
7,300,0
7,1600,4
7,1300,3
7,1100,3
7,5400,17
7,1600,4
7,2499,8
7,2101,6
7,1700,5
7,1100,2
7,2999,10
7,5001,16
7,999,2
7,2101,7
7,7600,26
7,1600,5
7,700,1
7,3599,12
7,11101,36
7,1900,6
7,300,0
7,1399,4
7,2101,7
7,800,2
7,1100,3
7,10799,7
7,300,0
7,1201,4
7,1000,2
7,1100,3
7,1400,4
7,700,1
7,600,1
7,2400,7
7,3000,11
7,1700,5
7,3600,13
7,1500,4
7,7200,20
7,800,1
7,2399,5
7,1701,4
7,1300,3
7,1300,4
7,2599,8
7,1801,5
7,5799,20
7,300,0
7,1701,5
7,7200,25
7,700,1
7,2400,6
7,300,0
7,900,2
7,899,2
7,3101,10
7,2200,7
7,300,0
7,600,1
7,1899,6
7,8501,30
7,600,1
7,4899,17
7,1100,3
7,1800,6
7,300,0
7,1100,3
7,3799,13
7,1501,4
7,300,0
7,3600,12
7,2300,8
7,5999,21
7,900,2
7,1001,3
7,500,1
7,3500,12
7,2600,8
7,400,1
7,400,0
7,2900,9
7,3900,14
7,7100,24
7,1000,2
7,1299,4
7,7001,25
7,2701,9
7,2400,7
7,1600,5
7,2600,9
7,6899,24
7,2501,8
7,800,2
7,300,0
7,1100,3
7,2399,7
7,2201,7
7,1900,6
7,600,1
7,4600,16
7,4799,16
7,600,1
7,1501,5
7,600,1
7,2700,9
7,500,1
7,3300,11
7,1600,5
7,800,2
7,300,0
7,1899,6
7,800,2
7,601,1
7,2500,9
7,1500,4
7,1599,5
7,1100,3
7,1301,4
7,800,2
7,3600,13
7,399,0
7,2201,6
7,300,0
7,700,1
7,900,3
7,1700,6
7,1799,6
7,1501,4
7,1700,6
7,6600,24
7,1200,3
7,600,1
7,2301,6
7,4199,16
7,200,0
7,2701,9
7,600,1
7,1000,3
7,600,1
7,2299,8
7,2101,7
7,1600,5
7,2300,8
7,3400,12
7,5099,17
7,200,0
7,2201,7
7,900,2
7,1200,3
7,1200,3
7,5200,17
7,2400,8
7,3100,11
7,10700,38
7,1799,6
7,6401,24
7,1499,4
7,1401,4
7,3900,13
7,4900,17
7,500,1
7,1600,5
7,1000,3
7,1099,3
7,2101,6
7,4899,18
7,3101,11
7,6700,26
7,1900,6
7,1100,3
7,1999,6
7,900,2
7,4101,6
7,1000,1
7,1299,1
7,2701,7
7,1300,3
7,3999,13
7,3301,12
7,4400,14
7,3000,10
7,4199,15
7,1000,2
7,6200,13
7,1100,3
7,500,1
7,1399,4
7,2701,8
7,600,1
7,1500,5
7,1299,4
7,300,0
7,800,2
7,1301,4
7,1900,6
7,300,0
7,300,0
7,2399,8
7,3201,12
7,400,0
7,1700,5
7,2399,8
7,3201,11
7,7600,27
7,1400,4
7,2999,10
7,801,2
7,4800,17
7,1299,4
7,3201,11
7,500,1
7,300,0
7,1900,5
7,3701,13
7,2400,8
7,300,0
7,1699,5
7,901,3
7,1400,5
7,700,1
7,800,2
7,2300,8
7,3301,12
7,1200,3
7,5500,20
7,1100,3
7,2800,10
7,3000,11
7,5799,21
7,5901,13
7,1299,2
7,3601,9
7,300,0
7,2200,7
7,600,1
7,300,0
7,2000,6
7,300,0
7,2899,9
7,2601,8
7,3799,14
7,600,1
7,600,1
7,600,1
7,300,0
7,1900,6
7,900,2
7,1200,3
7,1499,5
7,2401,8
7,11899,44
7,600,1
7,2401,8
7,1500,5
7,3199,11
7,300,0
7,1801,6
7,1100,3
7,2999,10
7,2701,9
7,600,1
7,600,1
7,600,1
7,900,2
7,2099,7
7,1901,6
7,4200,16
7,1499,5
7,500,1
7,2000,6
7,800,2
7,300,0
7,1900,6
7,799,2
7,800,2
7,1001,3
7,1100,3
7,3000,10
7,300,0
7,499,1
7,600,1
7,3001,10
7,900,2
7,5000,19
7,1300,4
7,3100,10
7,301,0
7,1500,4
7,600,1
7,4199,14
7,2101,7
7,4499,16
7,1400,4
7,2700,9
7,700,2
7,6900,26
7,1600,5
7,500,1
7,999,2
7,600,1
7,1001,3
7,600,1
7,600,1
7,200,0
7,200,0
7,4800,18
7,2200,7
7,2100,7
7,1199,4
7,500,1
7,1301,4
7,500,1
7,3400,11
7,3600,13
7,800,2
7,1700,5
7,3199,11
7,600,1
7,2500,8
7,300,0
7,2700,9
7,1799,6
7,3600,12
7,600,1
7,3600,12
7,3500,11
7,1200,3
7,4900,17
7,1100,3
7,600,1
7,2800,10
7,1600,5
7,700,2
7,5300,20
7,1200,3
7,1100,3
7,900,2
7,5700,20
7,1799,6
7,600,1
7,801,2
7,2200,7
7,2600,9
7,299,0
7,500,1
7,3001,11
7,2000,7
7,300,0
7,300,0
7,1399,4
7,2301,7
7,1200,4
7,2400,8
7,6700,25
7,1100,3
7,3001,9
7,2300,8
7,1500,4
7,1499,5
7,6401,23
7,3700,13
7,700,2
7,3999,14
7,300,0
7,801,2
7,900,2
7,3900,14
7,799,2
7,900,2
7,1801,6
7,7500,28
7,800,2
7,300,0
7,7700,28
7,300,0
7,500,1
7,1400,4
7,200,0
7,300,0
7,900,2
7,1900,6
7,2400,8
7,600,1
7,899,3
7,700,2
7,2501,9
7,900,2
7,300,0
7,7600,29
7,800,2
7,1800,5
7,2999,11
7,3001,11
7,300,0
7,1600,5
7,3000,10
7,300,0
7,2700,10
7,5500,20
7,500,1
7,2100,7
7,300,0
7,3400,13
7,2200,7
7,1800,6
7,600,1
7,4300,16
7,1900,7
7,5400,19
7,1500,5
7,4500,16
7,4500,17
7,299,0
7,1300,4
7,2601,9
7,1400,4
7,1000,3
7,2800,10
7,900,2
7,3000,9
7,1000,3
7,1099,3
7,3101,11
7,600,1
7,4800,17
7,300,0
7,600,1
7,800,2
7,2100,6
7,300,0
7,300,0
7,300,0
7,1099,3
7,600,1
7,2101,7
7,3000,10
7,1199,3
7,3001,10
7,1500,5
7,600,1
7,3500,12
7,600,1
7,1599,5
7,1400,4
7,4601,18
7,600,1
7,3100,10
7,600,1
7,1100,3
7,6500,24
7,600,1
7,2300,8
7,5000,13
7,2200,7
7,3700,14
7,2700,9
7,2399,8
7,1000,3
7,2101,7
7,900,2
7,1000,3
7,2799,10
7,300,0
7,3601,13
7,2799,10
7,3501,12
7,2900,11
7,1899,7
7,1101,3
7,9800,36
7,1700,5
7,300,0
7,2700,9
7,8000,30
7,1600,5
7,4399,16
7,4501,17
7,500,1
7,4800,17
7,1600,5
7,2299,7
7,1701,5
7,1500,5
7,2400,9
7,800,2
7,399,0
7,800,2
7,5901,22
7,300,0
7,899,3
7,1701,6
7,1100,3
7,2299,7
7,2701,10
7,1400,4
7,1200,3
7,3300,12
7,600,1
7,3300,12
7,599,1
7,2201,7
7,300,0
7,1300,4
7,1100,3
7,600,1
7,300,0
7,4400,15
7,3900,14
7,200,0
7,300,0
7,3401,13
7,1300,4
7,600,1
7,3100,10
7,2200,7
7,4299,15
7,2101,7
7,4000,15
7,4500,16
7,600,1
7,5500,20
7,7000,27
7,4600,17
7,6300,23
7,2099,7
7,900,2
7,2201,7
7,2400,9
7,800,2
7,2900,10
7,400,0
7,2800,10
7,600,1
7,2600,9
7,7600,29
7,1400,4
7,600,1
7,2500,8
7,6400,24
7,1899,6
7,4301,15
7,2600,9
7,599,1
7,700,1
7,2200,8
7,1100,3
7,1499,5
7,801,2
7,500,1
7,2400,8
7,1800,6
7,1799,6
7,6900,27
7,300,0
7,1201,4
7,300,0
7,3100,11
7,1100,3
7,7000,26
7,300,0
7,1199,2
7,801,2
7,300,0
7,1100,3
7,800,2
7,1000,3
7,1100,3
7,2299,8
7,2901,10
7,5900,21
7,1100,3
7,1100,3
7,4400,16
7,500,1
7,4999,17
7,800,2
7,1801,6
7,1100,3
7,3499,12
7,5301,20
7,300,0
7,1599,5
7,1801,6
7,5000,18
7,1199,4
7,2001,7
7,3900,15
7,999,3
7,3301,12
7,500,1
7,4199,16
7,3001,10
7,500,1
7,300,0
7,900,2
7,1601,5
7,2100,7
7,900,2
7,1399,4
7,3701,13
7,1600,5
7,10799,40
7,500,1
7,1700,6
7,2900,10
7,300,0
7,600,1
7,3201,11
7,300,0
7,4199,15
7,1801,6
7,1200,3
7,1800,6
7,300,0
7,3000,10
7,1700,5
7,5199,21
7,1101,3
7,2200,7
7,2000,7
7,1299,4
7,2101,7
7,3500,12
7,4900,17
7,300,0
7,500,0
7,4000,6
7,3800,8
7,300,0
7,500,1
7,4400,14
7,2900,10
7,6200,23
7,500,1
7,3500,13
7,1300,4
7,1400,4
7,1800,6
7,2900,10
7,6299,23
7,2001,7
7,3400,12
7,3500,12
7,1000,3
7,3599,12
7,400,0
7,600,1
7,1300,4
7,7900,30
7,1400,5
7,999,3
7,900,2
7,2100,8
7,200,0
7,4799,19
7,800,2
7,4400,16
7,7300,27
7,500,1
7,1801,6
7,4500,17
7,1299,3
7,6201,14
7,2299,5
7,3301,12
7,1200,3
7,1299,4
7,1400,4
7,1301,4
7,300,0
7,3500,13
7,1599,4
7,4501,16
7,800,2
7,1099,3
7,3401,8
7,2700,2
7,2199,8
7,4801,17
7,2699,10
7,6001,22
7,1099,3
7,801,2
7,1600,5
7,700,2
7,8500,32
7,1800,6
7,599,1
7,1100,3
7,600,1
7,4400,17
7,5100,19
7,600,1
7,500,1
7,7800,30
7,4000,15
7,600,1
7,2199,8
7,1901,6
7,300,0
7,1800,6
7,2099,8
7,300,0
7,400,0
7,200,0
7,801,2
7,600,1
7,1200,4
7,800,2
7,700,1
7,2499,9
7,601,1
7,2600,9
7,800,2
7,800,2
7,8000,30
7,599,1
7,600,1
7,800,2
7,2900,11
7,600,1
7,300,0
7,900,2
7,999,3
7,4801,18
7,4600,17
7,1200,4
7,1300,4
7,700,1
7,2099,7
7,4301,16
7,300,0
7,400,0
7,2399,8
7,800,2
7,1401,4
7,3900,14
7,500,1
7,600,1
7,300,0
7,2101,7
7,600,1
7,2700,10
7,1999,7
7,2101,7
7,300,0
7,3100,11
7,2100,7
7,4000,15
7,300,0
7,900,2
7,2500,9
7,600,1
7,300,0
7,1699,5
7,800,2
7,1201,4
7,3500,13
7,899,2
7,300,0
7,900,2
7,7800,28
7,1301,4
7,3800,15
7,1199,3
7,300,0
7,701,2
7,2000,6
7,1300,4
7,600,1
7,600,1
7,2299,8
7,2901,10
7,1800,6
7,1799,6
7,1901,7
7,3300,12
7,9299,37
7,2301,8
7,3400,12
7,1200,3
7,299,0
7,2501,9
7,1200,3
7,2400,8
7,2299,8
7,2100,3
7,1600,3
7,1699,5
7,2601,9
7,3000,11
7,9099,34
7,200,0
7,300,0
7,1001,3
7,1400,5
7,900,2
7,1700,5
7,3400,13
7,1000,3
7,2200,7
7,800,1
7,1900,7
7,1100,3
7,799,2
7,2101,7
7,2500,9
7,700,2
7,1499,5
7,9201,35
7,1800,6
7,2300,8
7,1299,4
7,1100,3
7,801,2
7,1500,5
7,500,1
7,1800,6
7,1499,5
7,2901,10
7,1900,6
7,700,2
7,2599,9
7,1501,5
7,700,1
7,700,2
7,1300,4
7,2899,10
7,601,1
7,1100,3
7,800,2
7,2900,10
7,1199,4
7,5201,19
7,6300,23
7,300,0
7,3199,13
7,1301,4
7,2100,8
7,2200,7
7,300,0
7,800,2
7,800,2
7,3800,14
7,800,2
7,2299,8
7,801,2
7,1200,4
7,1400,4
7,600,1
7,1799,6
7,2801,10
7,1100,3
7,500,1
7,2501,9
7,1000,3
7,1400,4
7,1000,3
7,1801,6
7,1900,6
7,800,2
7,300,0
7,800,2
7,600,1
7,1199,4
7,500,1
7,300,0
7,1801,6
7,1200,4
7,5100,18
7,2400,8
7,1100,3
7,3900,14
7,3200,11
7,1999,7
7,300,0
7,300,0
7,1401,4
7,1100,3
7,600,1
7,1100,3
7,3199,11
7,2401,9
7,4399,15
7,1401,5
7,200,0
7,1500,4
7,500,1
7,2000,7
7,999,3
7,7001,26
7,999,3
7,600,1
7,501,1
7,2400,9
7,6800,26
7,500,1
7,2200,7
7,4800,17
7,4099,10
7,9701,7
7,1000,2
7,1700,4
7,4600,10
7,3399,8
7,1000,1
7,1400,2
7,2200,4
7,300,0
7,5199,20
7,600,1
7,1401,4
7,200,0
7,3300,11
7,4900,19
7,1000,3
7,2600,10
7,3301,12
7,1300,4
7,300,0
7,600,1
7,3099,11
7,2101,7
7,5700,20
7,1000,3
7,1800,6
7,1300,4
7,2599,9
7,1600,5
7,3400,9
7,1699,3
7,1100,2
7,4300,11
7,6501,16
7,1899,4
7,2701,7
7,3399,9
7,2701,7
7,800,1
7,400,0
7,2999,7
7,2200,4
7,1400,2
7,3000,8
7,800,1
7,2000,5
7,6000,14
7,300,0
7,3100,8
7,5701,13
7,3600,3
7,7200,21
7,1600,5
7,2600,10
7,7900,22
7,2300,5
7,2099,5
7,701,1
7,800,1
7,900,1
7,800,1
7,2099,4
7,2101,7
7,3100,11
7,9000,34
7,2800,10
7,800,2
7,3800,14
7,1099,3
7,1301,4
7,300,0
7,2600,9
7,600,1
7,3300,12
7,3500,12
7,3700,14
7,800,2
7,2600,10
7,2299,8
7,5501,12
7,400,0
7,4600,11
7,4799,11
7,3401,7
7,1600,3
7,3400,7
7,7000,16
7,4999,13
7,400,0
7,2601,6
7,4599,12
7,1601,3
7,1500,2
7,900,1
7,2199,4
7,4701,5
7,2999,11
7,2101,7
7,2100,7
7,2199,7
7,1300,4
7,1101,3
7,700,2
7,1900,6
7,700,2
7,5100,20
7,6599,16
7,4401,11
7,800,1
7,1199,2
7,2101,4
7,2800,8
7,2199,8
7,200,0
7,1701,5
7,2000,7
7,800,2
7,1599,5
7,200,0
7,801,2
7,5700,22
7,1601,5
7,3100,7
7,2999,6
7,5601,13
7,4300,17
7,5199,19
7,2601,9
7,6100,12
7,3600,7
7,600,1
7,1399,4
7,700,2
7,1500,5
7,2400,9
7,1699,5
7,5001,19
7,3199,12
7,801,2
7,4300,16
7,1099,3
7,3601,13
7,1900,6
7,2099,8
7,500,1
7,1101,3
7,4100,14
7,7600,30
7,300,0
7,4900,18
7,300,0
7,1100,3
7,1399,4
7,4601,17
7,2200,8
7,400,0
7,1400,4
7,800,2
7,300,0
7,2600,9
7,500,1
7,600,1
7,1700,6
7,1000,3
7,4500,17
7,3700,14
7,300,0
7,599,1
7,1401,4
7,300,0
7,4300,17
7,899,2
7,10201,35
7,500,1
7,2700,10
7,300,0
7,599,1
7,2601,8
7,1200,4
7,800,2
7,500,1
7,3800,14
7,5899,21
7,6301,16
7,599,0
7,1200,3
7,2701,7
7,8000,21
7,5200,14
7,3800,10
7,6500,18
7,4700,12
7,1500,3
7,2399,6
7,2801,7
7,1200,2
7,5800,15
7,5699,15
7,2401,5
7,500,0
7,500,0
7,500,0
7,4300,10
7,1500,3
7,4700,12
7,2700,8
7,700,1
7,7400,20
7,1100,2
7,3200,8
7,1500,3
7,1200,2
7,1399,3
7,1701,4
7,400,0
7,4700,9
7,1300,3
7,400,0
7,400,0
7,800,1
7,2000,5
7,4000,12
7,1700,4
7,700,1
7,699,1
7,4901,14
7,300,0
7,7400,21
7,900,2
7,400,0
7,3301,8
7,14700,45
7,4300,11
7,5000,14
7,700,1
7,2899,8
7,2101,5
7,2200,6
7,3600,10
7,1500,3
7,2500,6
7,2900,8
7,400,0
7,1000,2
7,4299,12
7,3701,11
7,1000,2
7,3499,9
7,1701,4
7,2800,8
7,1899,5
7,700,1
7,2200,6
7,1000,2
7,4600,14
7,2100,5
7,4900,13
7,400,0
7,700,1
7,900,2
7,400,0
7,1800,4
7,5600,15
7,3500,9
7,3700,10
7,700,1
7,5900,17
7,2000,5
7,1700,4
7,2099,5
7,2600,6
7,700,1
7,400,0
7,1400,3
7,300,0
7,700,1
7,5101,15
7,1999,5
7,2101,5
7,3800,11
7,2400,6
7,800,1
7,400,0
7,900,2
7,400,0
7,400,0
7,700,1
7,1299,3
7,3401,9
7,4899,4
7,7800,22
7,2400,6
7,4399,11
7,7399,22
7,400,0
7,2100,5
7,3999,11
7,700,1
7,4900,14
7,699,1
7,3701,10
7,400,0
7,3999,11
7,12001,35
7,2199,5
7,1701,4
7,400,0
7,11200,33
7,3900,10
7,5299,15
7,5201,15
7,4800,14
7,2800,8
7,699,1
7,4701,13
7,400,0
7,2099,5
7,1301,3
7,3000,8
7,700,1
7,300,0
7,1199,2
7,1400,3
7,2000,5
7,400,0
7,700,1
7,400,0
7,1999,5
7,3001,8
7,1100,2
7,1500,3
7,1299,3
7,300,0
7,1801,4
7,600,1
7,400,0
7,1000,2
7,400,0
7,1100,2
7,400,0
7,1499,4
7,701,1
7,1700,4
7,2900,8
7,1399,3
7,2801,8
7,1600,4
7,4700,14
7,400,0
7,3000,8
7,6100,18
7,400,0
7,1100,2
7,1099,2
7,4101,10
7,1300,2
7,899,1
7,7800,19
7,400,0
7,2601,5
7,8200,20
7,400,0
7,1599,3
7,8700,24
7,1299,3
7,1101,2
7,6799,20
7,2900,8
7,2000,5
7,1099,2
7,6201,18
7,1299,3
7,2701,8
7,3400,10
7,3300,9
7,3500,10
7,999,2
7,500,1
7,5301,15
7,3000,8
7,1100,3
7,6900,20
7,1300,3
7,3299,10
7,1501,3
7,800,1
7,400,0
7,700,1
7,2200,6
7,400,0
7,699,1
7,1501,3
7,2600,6
7,400,0
7,3900,11
7,400,0
7,400,0
7,1300,3
7,5500,16
7,400,0
7,700,1
7,5300,14
7,1900,5
7,800,1
7,400,0
7,8600,26
7,400,0
7,5300,14
7,1300,3
7,8200,24
7,3001,8
7,300,0
7,2100,5
7,5600,17
7,1700,4
7,1600,3
7,700,1
7,3099,9
7,701,1
7,3300,9
7,2399,6
7,1301,2
7,1100,2
7,3999,10
7,800,1
7,2801,8
7,400,0
7,2400,6
7,1699,4
7,8601,24
7,5999,17
7,3901,11
7,2499,6
7,5001,13
7,7000,21
7,2499,7
7,700,1
7,400,0
7,10401,28
7,1500,3
7,800,1
7,1900,4
7,400,0
7,3300,9
7,2599,6
7,4001,10
7,4100,10
7,2700,7
7,600,1
7,400,0
7,2299,6
7,900,2
7,4799,12
7,6101,15
7,8499,24
7,1801,4
7,1100,2
7,800,1
7,1700,4
7,1200,2
7,700,1
7,4901,14
7,1699,4
7,2001,5
7,2500,6
7,800,1
7,10200,30
7,6900,20
7,700,1
7,900,2
7,400,0
7,400,0
7,1100,2
7,1901,5
7,1700,4
7,4200,12
7,5099,13
7,3401,8
7,1700,3
7,900,1
7,400,0
7,4100,11
7,1900,4
7,5100,13
7,5199,13
7,1501,3
7,3600,9
7,2099,5
7,1501,3
7,400,0
7,1000,2
7,400,0
7,6500,19
7,1700,4
7,400,0
7,799,1
7,3801,9
7,2600,7
7,1999,5
7,5999,17
7,2401,6
7,1800,4
7,900,1
7,3700,9
7,1100,2
7,12399,36
7,1501,4
7,3200,8
7,2099,5
7,2401,6
7,400,0
7,3000,7
7,2200,5
7,8900,27
7,400,0
7,1100,2
7,1300,3
7,3699,3
7,1800,4
7,1800,4
7,800,1
7,1999,5
7,1101,2
7,4100,12
7,1099,2
7,2301,6
7,1200,2
7,4900,12
7,2400,5
7,7600,19
7,3399,7
7,2101,5
7,400,0
7,1400,2
7,1799,4
7,800,1
7,1101,2
7,3800,8
7,4500,12
7,3400,8
7,5700,15
7,1200,2
7,4600,14
7,2000,5
7,1199,2
7,400,0
7,2401,6
7,11200,22
7,500,0
7,2501,5
7,800,1
7,1300,2
7,2399,6
7,400,0
7,10901,28
7,3699,10
7,1100,2
7,400,0
7,2900,8
7,400,0
7,1199,2
7,400,0
7,2801,7
7,1800,4
7,1099,2
7,2801,6
7,400,0
7,400,0
7,1700,3
7,400,0
7,1899,4
7,1000,2
7,6700,19
7,800,1
7,11500,33
7,400,0
7,1999,5
7,801,1
7,1200,3
7,700,1
7,1800,4
7,800,1
7,899,1
7,800,1
7,3601,10
7,300,0
7,4100,6
7,1500,3
7,1700,4
7,5000,14
7,1400,3
7,6200,16
7,700,1
7,3899,11
7,2201,6
7,300,0
7,2300,6
7,1799,4
7,3301,9
7,1400,3
7,700,1
7,3000,8
7,4200,12
7,2200,5
7,3600,9
7,4000,11
7,1300,3
7,7100,19
7,3500,9
7,2601,6
7,1500,3
7,300,0
7,1600,3
7,1099,2
7,5601,16
7,5400,14
7,500,0
7,9800,28
7,4501,12
7,1700,3
7,3400,9
7,1200,2
7,1700,3
7,1099,2
7,5301,12
7,2099,4
7,4401,11
7,1000,2
7,4900,15
7,2200,6
7,4100,11
7,1000,2
7,400,0
7,700,1
7,2699,7
7,700,1
7,6201,19
7,4500,14
7,2100,5
7,3900,12
7,2200,6
7,600,1
7,700,1
7,4200,12
7,700,1
7,400,0
7,1600,4
7,400,0
7,2201,6
7,3200,9
7,700,1
7,1499,4
7,700,1
7,1600,4
7,800,1
7,900,2
7,3799,11
7,2400,6
7,600,1
7,1300,3
7,400,0
7,2700,8
7,600,1
7,3400,10
7,5000,12
7,2400,6
7,1499,3
7,2801,8
7,3300,9
7,3700,10
7,1300,3
7,901,2
7,8200,24
7,400,0
7,4799,12
7,400,0
7,11900,34
7,800,1
7,3700,10
7,2600,6
7,4300,12
7,1000,2
7,1800,4
7,2499,7
7,5901,18
7,1299,3
7,1001,2
7,700,1
7,4100,12
7,799,1
7,1100,2
7,2900,9
7,700,1
7,2999,8
7,1401,3
7,800,1
7,6000,18
7,2700,7
7,700,1
7,3299,9
7,5301,16
7,1399,3
7,700,1
7,2501,5
7,10800,5
7,2401,5
7,1100,2
7,400,0
7,1100,2
7,900,1
7,4400,10
7,1400,2
7,1800,3
7,500,0
7,10901,26
7,10899,28
7,11001,32
7,4199,10
7,3001,7
7,1000,2
7,1000,2
7,1199,2
7,1200,2
7,1500,4
7,400,0
7,1599,4
7,6900,22
7,1001,2
7,1100,2
7,2900,7
7,3100,7
7,2900,7
7,2899,7
7,1501,3
7,1700,3
7,1200,2
7,5400,11
7,3400,7
7,2700,5
7,2300,4
7,7000,16
7,400,0
7,3099,7
7,7000,17
7,1801,4
7,3500,9
7,1299,2
7,2001,4
7,1800,4
7,2899,8
7,1701,4
7,4600,12
7,1599,3
7,1301,2
7,500,0
7,1900,5
7,300,0
7,500,0
7,8699,23
7,3601,9
7,1200,2
7,2599,6
7,1101,2
7,900,1
7,2000,5
7,1400,3
7,999,2
7,6001,15
7,3300,7
7,700,1
7,7400,20
7,6100,15
7,1200,2
7,1299,3
7,3401,7
7,5300,13
7,3700,9
7,1699,3
7,3101,7
7,3399,8
7,1000,1
7,500,0
7,2400,6
7,400,0
7,500,0
7,500,0
7,2600,5
7,6499,14
7,401,0
7,3800,8
7,1999,4
7,2201,5
7,500,0
7,3300,9
7,1299,2
7,2401,6
7,1200,2
7,700,1
7,3099,8
7,2500,5
7,9100,22
7,1299,2
7,6301,18
7,2599,9
7,701,1
7,500,1
7,1300,4
7,600,1
7,3799,14
7,2101,7
7,1300,4
7,1100,3
7,4800,18
7,700,2
7,6100,24
7,6500,9
7,2400,0
7,2600,8
7,1199,4
7,2101,7
7,2600,9
7,800,2
7,4100,15
7,3100,12
7,6700,25
7,4800,18
7,2501,10
7,5599,21
7,1101,3
7,1700,6
7,3300,11
7,2800,9
7,2500,9
7,1700,5
7,300,0
7,7300,23
7,3200,12
7,300,0
7,4299,16
7,10601,28
7,2400,7
7,6000,19
7,15200,47
7,1200,3
7,400,0
7,5700,17
7,2200,6
7,1200,3
7,901,1
7,900,1
7,4999,11
7,2301,8
7,2700,9
7,2199,8
7,1301,4
7,3600,10
7,6200,14
7,2799,6
7,1601,3
7,1200,2
7,2100,4
7,1200,2
7,3501,8
7,2500,5
7,5600,13
7,500,0
7,2899,6
7,3701,13
7,6300,23
7,300,0
7,800,2
7,1000,3
7,1099,3
7,900,3
7,300,0
7,300,0
7,601,1
7,3600,12
7,2899,10
7,300,0
7,2401,8
7,2800,10
7,500,1
7,999,3
7,1801,6
7,3300,11
7,1799,6
7,900,2
7,601,1
7,1000,3
7,600,1
7,300,0
7,9000,31
7,200,0
7,1499,5
7,300,0
7,3001,10
7,1400,4
7,700,2
7,3199,11
7,1400,4
7,1300,4
7,600,1
7,900,3
7,3500,12
7,4100,15
7,6700,25
7,1100,3
7,300,0
7,299,0
7,4601,17
7,1000,3
7,1300,4
7,3500,13
7,900,2
7,2200,8
7,4700,17
7,600,1
7,2100,7
7,300,0
7,1699,6
7,4001,15
7,1100,3
7,800,2
7,6900,27
7,1299,4
7,2100,7
7,600,1
7,4700,17
7,1800,6
7,1800,6
7,799,2
7,2901,10
7,1900,6
7,900,2
7,800,2
7,2400,9
7,3900,14
7,2399,8
7,300,0
7,301,0
7,2800,10
7,300,0
7,800,2
7,800,2
7,1399,4
7,2501,9
7,800,2
7,300,0
7,800,0
7,600,0
7,10299,36
7,2100,8
7,2500,9
7,3900,14
7,2500,9
7,300,0
7,2599,9
7,1301,4
7,1100,3
7,1600,5
7,2200,8
7,1000,3
7,4701,17
7,200,0
7,300,0
7,600,1
7,399,0
7,300,0
7,3601,13
7,1300,4
7,2699,9
7,3201,12
7,700,2
7,1600,5
7,5500,20
7,1200,4
7,4700,17
7,800,2
7,1699,5
7,601,1
7,8900,35
7,200,0
7,500,1
7,3999,15
7,5101,19
7,500,1
7,600,1
7,5301,19
7,400,0
7,4000,12
7,4300,13
7,999,2
7,1300,3
7,1000,2
7,900,2
7,600,1
7,600,1
7,2899,8
7,2401,6
7,900,2
7,5099,15
7,400,0
7,4700,15
7,3100,9
7,400,0
7,1000,3
7,3899,12
7,400,0
7,6001,21
7,6300,20
7,4000,12
7,2300,7
7,300,0
7,900,2
7,2699,9
7,4000,14
7,5100,11
7,900,1
7,500,0
7,800,1
7,1799,4
7,2801,6
7,600,0
7,1000,1
7,800,1
7,2500,4
7,7100,16
7,1500,4
7,2900,10
7,1000,3
7,400,0
7,400,0
7,400,0
7,1500,5
7,1699,5
7,600,1
7,1201,3
7,4800,16
7,5300,19
7,300,0
7,2199,7
7,700,1
7,2701,8
7,1100,3
7,2500,8
7,2001,6
7,1000,3
7,1000,2
7,12499,43
7,4300,14
7,6300,21
7,8200,21
7,600,1
7,1000,2
7,2401,7
7,2900,9
7,1700,6
7,6700,25
7,1199,3
7,600,1
7,801,2
7,4100,14
7,4000,13
7,600,2
7,2100,7
7,400,0
7,300,0
7,800,2
7,3200,12
7,1600,4
7,800,2
7,1000,2
7,799,2
7,2601,8
7,2000,5
7,800,1
7,500,0
7,11000,26
7,4699,12
7,3001,6
7,499,0
7,1701,3
7,7400,25
7,900,2
7,8400,29
7,300,0
7,2200,7
7,5100,10
7,4800,11
7,1900,3
7,1100,1
7,500,0
7,1899,3
7,4401,10
7,1100,1
7,2099,4
7,2300,4
7,1300,2
7,2799,7
7,1700,3
7,1500,3
7,4300,9
7,300,0
7,3100,6
7,4600,10
7,7700,25
7,1000,3
7,200,0
7,1600,5
7,1199,3
7,1301,4
7,3400,11
7,3699,13
7,5201,18
7,799,2
7,400,0
7,7001,27
7,2401,8
7,1300,4
7,400,0
7,600,1
7,1600,5
7,300,0
7,2099,7
7,300,0
7,1000,2
7,2700,10
7,300,0
7,200,0
7,1999,6
7,5301,19
7,1499,4
7,2400,8
7,699,1
7,2701,10
7,300,0
7,600,1
7,2100,7
7,1799,5
7,4301,15
7,300,0
7,300,0
7,5500,20
7,300,0
7,5100,18
7,6099,23
7,1301,4
7,1900,6
7,3100,11
7,300,0
7,700,1
7,901,3
7,1300,4
7,1000,2
7,3999,14
7,1601,5
7,4000,14
7,999,3
7,2001,6
7,1900,6
7,300,0
7,3999,8
7,7499,18
7,1900,3
7,2800,6
7,2200,5
7,600,1
7,1700,6
7,1500,5
7,200,0
7,1000,2
7,1099,3
7,5701,21
7,400,0
7,1299,4
7,9701,4
7,400,0
7,300,0
7,4099,14
7,400,0
7,1801,6
7,800,2
7,1800,6
7,1399,4
7,3600,13
7,1100,3
7,3999,15
7,3501,12
7,1100,3
7,2699,9
7,300,0
7,5501,20
7,400,1
7,5100,20
7,7500,18
7,2900,6
7,2001,4
7,3000,7
7,2299,5
7,1501,3
7,600,0
7,700,1
7,9400,25
7,8699,11
7,3301,7
7,2600,5
7,5000,12
7,800,1
7,1000,2
7,799,1
7,2201,5
7,5699,13
7,1801,3
7,900,1
7,3499,7
7,6901,14
7,1899,3
7,3200,6
7,11299,25
7,401,0
7,3600,8
7,4300,10
7,5299,14
7,8901,21
7,4800,12
7,2601,5
7,3300,6
7,500,0
7,13100,34
7,2200,6
7,8300,25
7,901,2
7,1100,3
7,400,0
7,2700,8
7,900,2
7,799,1
7,700,1
7,601,1
7,1700,4
7,2500,6
7,300,0
7,2900,8
7,1300,3
7,700,1
7,1400,3
7,12100,31
7,600,0
7,900,1
7,1999,4
7,7001,16
7,899,1
7,4601,15
7,500,1
7,3200,12
7,600,1
7,1400,4
7,2100,7
7,3000,10
7,900,2
7,2400,8
7,2000,6
7,1700,6
7,300,0
7,500,1
7,1000,3
7,2400,8
7,1299,4
7,300,0
7,1101,3
7,800,2
7,2300,8
7,300,0
7,700,1
7,500,1
7,300,0
7,899,3
7,1401,5
7,3100,10
7,12900,51
7,900,3
7,4199,15
7,2101,7
7,700,2
7,3200,12
7,900,2
7,3199,12
7,300,0
7,5301,20
7,499,1
7,1701,5
7,300,0
7,2000,7
7,1500,4
7,2599,9
7,1301,4
7,4700,17
7,999,3
7,1801,6
7,2900,11
7,1300,4
7,599,1
7,200,0
7,800,2
7,801,1
7,8200,21
7,1200,2
7,400,0
7,300,0
7,1600,3
7,900,1
7,9701,23
7,1400,4
7,1400,5
7,300,0
7,499,1
7,900,2
7,1001,2
7,300,0
7,5099,19
7,2001,6
7,800,2
7,500,1
7,1400,4
7,2000,6
7,8699,33
7,1201,4
7,300,0
7,1300,4
7,3200,12
7,200,0
7,700,2
7,5001,18
7,2099,7
7,1301,4
7,1600,5
7,1400,5
7,3599,13
7,4900,18
7,300,0
7,2100,7
7,400,0
7,2999,11
7,3801,14
7,1900,6
7,2499,9
7,5101,19
7,500,1
7,2800,10
7,4500,16
7,3500,13
7,5999,22
7,2801,10
7,300,0
7,4800,18
7,1500,4
7,2400,8
7,600,1
7,1299,4
7,1801,6
7,2100,8
7,700,2
7,300,0
7,1299,4
7,1500,5
7,3100,12
7,800,2
7,1799,6
7,2901,2
7,2300,8
7,2599,6
7,200,0
7,2201,8
7,300,0
7,1200,4
7,500,1
7,300,0
7,300,0
7,1299,4
7,1401,4
7,2500,8
7,1100,3
7,1200,4
7,6000,23
7,300,0
7,700,2
7,400,0
7,699,2
7,1301,4
7,3800,15
7,3401,12
7,2000,6
7,1699,5
7,5101,13
7,6800,24
7,1599,5
7,700,2
7,801,2
7,4200,12
7,1299,2
7,2501,6
7,900,2
7,900,2
7,12800,33
7,2000,5
7,5200,12
7,4600,10
7,8100,18
7,2301,4
7,3300,6
7,16699,36
7,2701,5
7,2800,6
7,5600,10
7,2199,3
7,12501,24
7,1899,3
7,3501,6
7,6600,13
7,12799,20
7,3501,6
7,1900,3
7,2800,5
7,500,0
7,4499,8
7,11601,5
7,1900,3
7,3000,5
7,5399,11
7,700,0
7,1300,2
7,1300,2
7,1200,2
7,7900,21
7,1499,3
7,2501,5
7,500,0
7,4599,11
7,1901,4
7,400,0
7,2800,5
7,7800,18
7,700,1
7,801,1
7,900,1
7,900,1
7,5900,13
7,2700,6
7,900,1
7,7300,18
7,1799,4
7,2301,5
7,400,0
7,1100,2
7,3100,8
7,1300,2
7,1800,5
7,5100,14
7,1000,2
7,4099,11
7,1801,4
7,300,0
7,3000,8
7,599,1
7,800,1
7,3201,8
7,3899,10
7,700,1
7,2301,7
7,600,1
7,3099,9
7,2501,7
7,2500,7
7,5200,15
7,400,0
7,2500,6
7,700,1
7,2501,7
7,700,1
7,400,0
7,3000,8
7,2700,7
7,3700,9
7,3100,7
7,2000,5
7,2100,4
7,1999,4
7,2001,4
7,6200,15
7,1400,4
7,2000,7
7,400,0
7,700,2
7,500,1
7,2200,8
7,2501,8
7,3100,11
7,900,2
7,2199,7
7,1601,5
7,6800,26
7,1500,5
7,800,2
7,2200,7
7,1799,6
7,401,0
7,1400,4
7,700,1
7,3999,15
7,3301,11
7,1800,6
7,800,2
7,1099,3
7,1301,4
7,1800,6
7,900,2
7,4700,17
7,1200,3
7,2800,10
7,900,2
7,2300,8
7,2300,7
7,2000,7
7,4100,16
7,2700,7
7,2099,7
7,300,0
7,300,0
7,2501,9
7,2900,10
7,699,2
7,2201,7
7,3100,11
7,1500,6
7,299,0
7,1200,4
7,300,0
7,600,1
7,300,0
7,1700,6
7,1800,5
7,499,1
7,3501,13
7,2900,10
7,1199,4
7,1100,3
7,1500,5
7,1100,3
7,600,1
7,1600,5
7,2800,10
7,1900,6
7,2000,6
7,1299,4
7,1301,4
7,500,1
7,1500,5
7,2500,8
7,1199,4
7,2401,8
7,500,1
7,4399,17
7,1001,3
7,1000,3
7,2100,7
7,700,2
7,300,0
7,3800,8
7,4899,9
7,2001,7
7,5399,18
7,1301,4
7,900,2
7,2600,9
7,2499,9
7,300,0
7,500,1
7,2200,8
7,2200,7
7,600,1
7,4000,10
7,1300,2
7,5200,14
7,1100,2
7,1600,3
7,1799,4
7,6001,14
7,2800,6
7,1300,2
7,4499,12
7,900,1
7,800,1
7,1500,3
7,2700,6
7,1299,2
7,3200,7
7,4200,10
7,2501,5
7,3900,9
7,1299,2
7,500,0
7,1401,2
7,1000,1
7,3899,8
7,500,0
7,3401,8
7,1900,4
7,699,1
7,700,1
7,2501,5
7,4799,11
7,3101,8
7,3699,9
7,7300,19
7,400,0
7,15701,43
7,2800,6
7,1200,2
7,4200,10
7,1900,4
7,4800,11
7,4000,9
7,10200,25
7,3100,11
7,2799,9
7,300,0
7,5500,21
7,2200,7
7,300,0
7,700,1
7,2000,6
7,3399,12
7,2901,10
7,1800,6
7,600,1
7,600,1
7,699,2
7,1801,6
7,1900,6
7,3099,11
7,1000,3
7,901,2
7,3000,10
7,300,0
7,400,0
7,2999,11
7,600,1
7,1601,5
7,300,0
7,300,0
7,1500,5
7,1000,3
7,300,0
7,2099,7
7,1301,4
7,1800,6
7,15000,48
7,800,1
7,400,0
7,2199,6
7,10101,25
7,2200,6
7,2499,6
7,2500,6
7,4399,10
7,1100,2
7,2900,7
7,2499,5
7,1401,3
7,2200,4
7,2399,6
7,1201,4
7,1700,5
7,800,2
7,300,0
7,1300,4
7,3900,15
7,1200,4
7,7100,28
7,300,0
7,800,2
7,800,2
7,600,1
7,899,2
7,1300,4
7,4701,17
7,300,0
7,600,1
7,300,0
7,1701,5
7,4700,17
7,2099,7
7,6400,25
7,300,0
7,2101,7
7,900,2
7,8400,15
7,1100,3
7,900,2
7,1000,3
7,1900,7
7,5000,18
7,600,1
7,3099,11
7,500,1
7,1301,4
7,6800,26
7,600,1
7,300,0
7,1900,7
7,1200,3
7,1399,4
7,2201,7
7,1500,4
7,800,2
7,800,2
7,600,1
7,899,2
7,3501,12
7,500,1
7,600,1
7,1000,3
7,3500,13
7,1200,3
7,1600,5
7,1100,3
7,800,2
7,799,2
7,2101,7
7,2600,9
7,2799,10
7,1901,6
7,300,0
7,600,1
7,5099,19
7,2201,7
7,1100,3
7,800,2
7,800,3
7,599,1
7,4101,15
7,3499,13
7,2501,10
7,300,0
7,400,0
7,5199,20
7,301,0
7,1100,3
7,1500,5
7,6200,23
7,800,2
7,4800,17
7,300,0
7,3399,12
7,2401,8
7,1800,5
7,3099,12
7,600,1
7,2901,10
7,1700,5
7,10800,40
7,3400,13
7,700,2
7,1400,5
7,2201,8
7,300,0
7,2900,10
7,1899,6
7,600,1
7,4901,18
7,1799,6
7,2701,9
7,900,2
7,300,0
7,2100,7
7,300,0
7,3100,11
7,1600,5
7,7000,19
7,500,0
7,7100,18
7,2400,6
7,1799,4
7,401,0
7,11400,35
7,300,0
7,3900,14
7,2000,7
7,2400,8
7,499,1
7,300,0
7,1701,6
7,3300,12
7,2899,10
7,1501,4
7,3100,11
7,1000,3
7,799,2
7,1801,5
7,5199,12
7,3101,7
7,5701,14
7,3600,9
7,500,0
7,10100,29
7,1699,4
7,700,1
7,701,1
7,800,1
7,1600,3
7,11299,31
7,5101,15
7,2700,7
7,1700,4
7,3300,9
7,2700,7
7,8100,19
7,3200,7
7,9499,25
7,3401,8
7,800,1
7,1300,2
7,2401,4
7,500,0
7,5399,12
7,4201,9
7,900,1
7,1199,2
7,2901,7
7,900,2
7,800,2
7,1100,3
7,1599,5
7,1801,6
7,6400,23
7,2200,9
7,1200,3
7,800,2
7,2600,5
7,7600,19
7,4300,9
7,500,0
7,2701,6
7,1700,3
7,900,1
7,5100,15
7,300,0
7,1300,4
7,500,1
7,1499,5
7,800,2
7,400,0
7,900,2
7,300,0
7,1500,4
7,900,2
7,1800,6
7,1899,5
7,801,2
7,2900,10
7,300,0
7,300,0
7,1400,4
7,1099,3
7,3601,13
7,4700,17
7,300,0
7,1900,6
7,1800,6
7,2299,8
7,1601,6
7,1800,5
7,300,0
7,1100,3
7,4800,17
7,500,1
7,2600,9
7,499,1
7,2201,7
7,1800,6
7,2000,7
7,3300,8
7,1600,3
7,1200,2
7,3099,9
7,301,0
7,4300,16
7,2399,5
7,901,1
7,8600,21
7,4000,9
7,900,1
7,1501,3
7,3800,8
7,499,0
7,3301,7
7,1400,2
7,4600,11
7,2200,4
7,800,2
7,1000,3
7,399,0
7,300,0
7,600,1
7,300,0
7,5300,20
7,2400,9
7,300,0
7,599,1
7,300,0
7,1801,6
7,2900,10
7,1000,3
7,1099,3
7,600,1
7,2201,8
7,600,1
7,1700,5
7,2299,8
7,800,2
7,3501,12
7,800,2
7,300,0
7,1699,5
7,900,3
7,1701,5
7,3900,14
7,300,0
7,1399,4
7,1801,6
7,300,0
7,2600,9
7,2099,7
7,801,2
7,1400,4
7,1600,5
7,500,1
7,1899,6
7,1500,5
7,200,0
7,800,2
7,1400,4
7,500,1
7,600,1
7,2799,10
7,3001,11
7,2800,10
7,1199,4
7,3301,11
7,1100,3
7,3499,12
7,4001,15
7,5000,18
7,300,0
7,1600,5
7,600,1
7,1200,3
7,300,0
7,1599,5
7,1001,3
7,1300,4
7,6300,25
7,5699,8
7,4601,17
7,300,0
7,1799,2
7,1000,1
7,9700,27
7,700,2
7,1300,4
7,4100,14
7,1200,4
7,2700,9
7,3300,12
7,1600,5
7,500,1
7,2299,8
7,700,2
7,5401,19
7,800,2
7,4600,17
7,3000,11
7,2600,7
7,400,0
7,6700,20
7,1400,4
7,5900,21
7,5000,18
7,1801,6
7,6899,25
7,2601,9
7,900,2
7,2200,7
7,800,2
7,6800,11
7,3601,13
7,1900,7
7,1300,4
7,599,1
7,300,0
7,2601,9
7,1600,6
7,400,0
7,4800,17
7,1400,4
7,1500,5
7,3400,13
7,2200,7
7,300,0
7,1300,4
7,3700,13
7,2000,7
7,1200,4
7,2599,9
7,300,0
7,300,0
7,1601,5
7,500,1
7,800,2
7,300,0
7,300,0
7,900,2
7,1999,7
7,2801,11
7,600,1
7,1100,3
7,800,2
7,300,0
7,2800,9
7,2800,10
7,7400,28
7,1200,4
7,1299,4
7,500,1
7,1301,4
7,2100,7
7,500,1
7,2100,7
7,499,0
7,2301,5
7,1300,2
7,500,0
7,2499,5
7,3601,7
7,3799,9
7,5701,13
7,5600,14
7,1500,3
7,3000,7
7,400,0
7,2600,6
7,1600,3
7,1601,3
7,1100,3
7,500,1
7,2700,9
7,899,3
7,2601,9
7,2000,6
7,500,1
7,2601,9
7,2700,9
7,800,2
7,300,0
7,5401,20
7,800,2
7,1199,4
7,300,0
7,4201,15
7,2699,10
7,1300,4
7,1001,3
7,200,0
7,1600,5
7,1900,6
7,899,2
7,2001,7
7,900,2
7,5199,19
7,1101,3
7,300,0
7,4100,15
7,2399,8
7,800,2
7,300,0
7,3000,11
7,400,0
7,500,1
7,1599,5
7,501,1
7,300,0
7,3100,11
7,2399,8
7,800,2
7,4901,19
7,500,1
7,799,2
7,3801,14
7,1400,3
7,600,1
7,6000,22
7,1800,6
7,4200,15
7,2000,7
7,1300,4
7,3100,10
7,600,1
7,2000,7
7,1800,6
7,2900,10
7,5799,21
7,500,1
7,2700,10
7,1901,7
7,500,1
7,4000,10
7,6900,16
7,1999,4
7,3501,8
7,400,0
7,500,0
7,4500,10
7,7600,19
7,11000,26
7,700,2
7,1401,4
7,600,1
7,300,0
7,1500,4
7,2200,4
7,5501,14
7,1700,6
7,1000,3
7,901,2
7,1100,3
7,300,0
7,3100,11
7,200,0
7,1899,6
7,1301,4
7,1600,5
7,300,0
7,3299,10
7,901,3
7,1600,5
7,1100,3
7,1200,3
7,5400,19
7,300,0
7,200,0
7,2899,10
7,4501,16
7,4499,17
7,2700,10
7,3399,12
7,5601,21
7,5600,21
7,1200,3
7,1800,6
7,2600,9
7,1400,4
7,300,0
7,600,1
7,1600,5
7,900,2
7,4099,15
7,4001,13
7,500,0
7,4100,9
7,5599,13
7,900,1
7,3700,8
7,799,1
7,1701,6
7,800,2
7,300,0
7,2000,6
7,2299,8
7,3301,11
7,1900,6
7,2799,10
7,1001,3
7,6099,22
7,3101,11
7,1500,5
7,1999,7
7,300,0
7,300,0
7,701,1
7,400,1
7,500,1
7,2000,7
7,1900,6
7,3700,13
7,1600,5
7,2200,8
7,1799,6
7,8301,32
7,1400,4
7,1800,6
7,3900,15
7,700,2
7,1000,3
7,8100,30
7,1500,5
7,2299,7
7,1701,5
7,1600,5
7,900,2
7,2599,9
7,6801,25
7,1200,4
7,8101,23
7,500,1
7,400,0
7,2500,8
7,3500,12
7,1300,4
7,1299,4
7,500,1
7,1101,3
7,5099,19
7,2101,7
7,500,1
7,1600,5
7,1300,4
7,200,0
7,2299,8
7,2201,7
7,4399,6
7,1201,3
7,900,2
7,800,2
7,1500,5
7,300,0
7,1100,3
7,699,2
7,4501,16
7,6600,25
7,9400,7
7,700,1
7,2800,10
7,1300,4
7,1900,6
7,3699,13
7,401,1
7,1000,3
7,1100,3
7,3899,9
7,901,1
7,1400,5
7,1100,3
7,2200,4
7,1699,3
7,9301,22
7,2600,7
7,500,1
7,2300,8
7,4400,15
7,1199,4
7,400,0
7,4201,15
7,1900,6
7,500,1
7,1901,6
7,1100,3
7,1099,3
7,1501,5
7,700,2
7,2800,10
7,300,0
7,4600,18
7,2500,9
7,600,1
7,300,0
7,899,2
7,2001,7
7,4899,18
7,500,1
7,300,0
7,2901,11
7,4299,16
7,3301,12
7,6000,17
7,300,0
7,1100,3
7,3599,13
7,900,2
7,1700,6
7,1900,7
7,1300,4
7,500,1
7,800,2
7,700,2
7,300,0
7,2200,7
7,2400,8
7,2099,7
7,2101,7
7,400,0
7,1300,4
7,1200,4
7,300,0
7,1799,6
7,1501,5
7,8800,34
7,2900,11
7,900,2
7,500,1
7,1200,4
7,6900,27
7,3000,9
7,2799,9
7,1201,3
7,4500,16
7,3200,11
7,1000,3
7,4000,14
7,1700,5
7,1600,5
7,1100,3
7,1099,3
7,3901,15
7,500,1
7,1900,7
7,5700,21
7,5200,19
7,800,2
7,1600,5
7,600,1
7,1099,3
7,5801,22
7,4100,15
7,2900,10
7,8200,32
7,2299,8
7,901,2
7,2300,8
7,600,1
7,500,1
7,5900,21
7,300,0
7,900,2
7,800,2
7,3600,13
7,2300,8
7,4400,16
7,1500,4
7,3999,15
7,4101,16
7,6400,24
7,4999,19
7,2101,6
7,800,2
7,4999,20
7,2001,7
7,2300,9
7,3500,12
7,300,0
7,1200,3
7,300,0
7,2300,7
7,2299,8
7,5701,21
7,300,0
7,2100,6
7,3000,10
7,4500,16
7,899,2
7,3601,13
7,300,0
7,300,0
7,1900,6
7,999,2
7,1401,4
7,800,2
7,3100,11
7,300,0
7,13500,51
7,300,0
7,2699,10
7,1701,5
7,2800,10
7,1700,1
7,1299,4
7,801,2
7,300,0
7,9400,33
7,2200,8
7,1399,4
7,3201,11
7,5199,19
7,4400,16
7,600,1
7,1199,4
7,4901,18
7,5400,21
7,2300,8
7,1100,3
7,5100,19
7,500,1
7,300,0
7,600,1
7,900,2
7,2601,9
7,300,0
7,1100,3
7,1000,3
7,1800,6
7,699,2
7,1601,5
7,500,1
7,300,0
7,500,1
7,4499,17
7,800,2
7,5899,21
7,300,0
7,3801,13
7,600,1
7,1100,3
7,900,2
7,1600,5
7,500,1
7,2600,10
7,8500,33
7,800,2
7,900,2
7,2899,10
7,600,1
7,2001,7
7,300,0
7,6400,24
7,1200,3
7,1500,5
7,300,0
7,800,2
7,1899,6
7,300,0
7,7099,25
7,1201,3
7,1600,5
7,1300,4
7,600,1
7,1199,3
7,500,1
7,2701,10
7,1100,3
7,2800,10
7,3600,13
7,3600,5
7,499,1
7,300,0
7,1101,3
7,2600,9
7,1300,4
7,3099,11
7,2101,7
7,4399,17
7,800,2
7,1801,5
7,2700,6
7,400,0
7,2700,5
7,18300,55
7,2799,10
7,7700,25
7,500,0
7,9300,26
7,5299,14
7,4000,8
7,1201,3
7,3700,14
7,500,1
7,299,0
7,1501,5
7,900,3
7,700,2
7,300,0
7,4099,11
7,10501,26
7,7300,26
7,600,1
7,500,1
7,200,0
7,2699,10
7,1101,3
7,600,1
7,2100,7
7,500,1
7,3700,13
7,1900,6
7,3400,12
7,7200,27
7,1599,5
7,6400,15
7,1201,2
7,2700,7
7,500,0
7,8500,23
7,500,0
7,2501,5
7,700,1
7,900,1
7,1300,4
7,1199,4
7,500,1
7,1101,3
7,300,0
7,2400,8
7,4300,16
7,1500,5
7,500,1
7,1900,6
7,300,0
7,1599,5
7,600,1
7,5300,20
7,499,1
7,1701,6
7,300,0
7,800,2
7,2300,8
7,7900,31
7,1500,5
7,2200,8
7,799,2
7,4101,15
7,1600,5
7,2499,8
7,500,1
7,601,1
7,1500,5
7,2600,9
7,700,2
7,599,1
7,5301,19
7,1899,7
7,300,0
7,1301,4
7,300,0
7,600,1
7,900,2
7,7100,27
7,600,1
7,1300,4
7,1400,4
7,299,0
7,4001,15
7,6200,24
7,4999,19
7,1000,3
7,1900,6
7,5299,20
7,401,1
7,2000,7
7,300,0
7,3099,11
7,1701,6
7,5000,17
7,3100,11
7,2300,8
7,8000,30
7,7900,29
7,1300,4
7,599,1
7,1100,3
7,1601,5
7,4000,15
7,5500,21
7,1300,4
7,999,3
7,900,2
7,1801,7
7,1100,3
7,300,0
7,2400,8
7,4100,16
7,2799,10
7,2000,7
7,800,2
7,900,3
7,4000,15
7,1600,5
7,800,2
7,3799,12
7,5301,19
7,2900,10
7,300,0
7,2400,8
7,200,0
7,4300,17
7,2400,8
7,1300,4
7,600,1
7,300,0
7,500,1
7,800,2
7,1301,4
7,1300,4
7,1200,4
7,2100,7
7,6300,24
7,400,0
7,2099,8
7,801,2
7,2000,7
7,300,0
7,400,0
7,1300,4
7,1599,5
7,500,1
7,1601,5
7,1800,6
7,300,0
7,300,0
7,1600,5
7,1799,6
7,6900,27
7,1801,6
7,1100,3
7,8800,33
7,1500,5
7,2499,9
7,1100,3
7,300,0
7,800,2
7,1399,4
7,1101,3
7,1800,7
7,1300,4
7,1100,3
7,600,1
7,4401,16
7,300,0
7,1400,4
7,1399,4
7,2101,6
7,1000,3
7,300,0
7,12099,47
7,1701,6
7,5099,19
7,2201,7
7,3400,12
7,300,0
7,1599,5
7,1001,3
7,800,2
7,600,1
7,3300,12
7,300,0
7,1099,3
7,2101,8
7,500,1
7,2800,10
7,1499,5
7,2601,9
7,2900,11
7,300,0
7,599,1
7,3001,11
7,3500,13
7,1799,6
7,7400,18
7,4901,15
7,2899,10
7,1801,6
7,3500,12
7,200,0
7,799,2
7,1001,3
7,2200,7
7,500,1
7,800,2
7,1000,3
7,1699,5
7,2601,10
7,1499,5
7,1401,5
7,300,0
7,1300,4
7,3400,12
7,4001,15
7,300,0
7,5400,21
7,1300,4
7,800,2
7,2000,7
7,4000,8
7,500,0
7,4799,11
7,4500,11
7,2099,4
7,1601,3
7,900,1
7,1200,2
7,900,1
7,2099,4
7,1401,2
7,900,2
7,3399,12
7,800,2
7,300,0
7,301,0
7,600,1
7,600,1
7,6800,24
7,1000,3
7,2700,10
7,300,0
7,699,2
7,3101,11
7,500,1
7,2100,7
7,1300,4
7,1500,5
7,1701,5
7,3400,13
7,300,0
7,4200,16
7,900,2
7,2200,8
7,4600,17
7,3699,13
7,1401,5
7,300,0
7,3500,12
7,2399,8
7,1500,4
7,2899,10
7,401,0
7,2400,8
7,2800,10
7,5300,19
7,1600,5
7,1399,4
7,2501,9
7,600,1
7,3999,15
7,1801,6
7,1400,4
7,2100,7
7,2399,9
7,600,1
7,801,2
7,2100,7
7,2100,7
7,4300,16
7,1500,5
7,400,0
7,5000,19
7,300,0
7,2200,7
7,1299,4
7,5401,20
7,300,0
7,2199,8
7,300,0
7,2301,8
7,1600,5
7,1300,4
7,1599,5
7,2801,9
7,2100,7
7,2899,10
7,2101,7
7,600,1
7,2700,9
7,2500,9
7,1200,4
7,1300,4
7,600,1
7,4400,17
7,600,1
7,4899,18
7,800,2
7,4101,15
7,5400,21
7,7000,27
7,2000,7
7,401,0
7,3900,14
7,1100,3
7,2300,8
7,500,1
7,2400,9
7,1500,5
7,2299,8
7,1001,3
7,600,1
7,2100,7
7,300,0
7,1100,3
7,999,3
7,900,2
7,4900,19
7,1099,3
7,500,1
7,1001,3
7,12000,45
7,5100,18
7,1000,3
7,1600,5
7,4200,15
7,3000,11
7,1799,6
7,4701,18
7,4400,16
7,800,2
7,300,0
7,8100,30
7,1100,3
7,2299,8
7,600,1
7,701,2
7,2100,7
7,500,1
7,7900,30
7,1400,4
7,799,2
7,600,1
7,300,0
7,2101,7
7,300,0
7,1600,5
7,500,1
7,500,1
7,1999,6
7,4301,16
7,600,1
7,5100,18
7,1801,6
7,3300,13
7,800,2
7,1000,3
7,4600,17
7,14700,40
7,3200,6
7,500,0
7,400,0
7,5501,13
7,2500,6
7,1100,2
7,800,1
7,3599,8
7,1401,2
7,1300,2
7,2500,5
7,8600,20
7,1300,2
7,3401,7
7,900,1
7,1999,4
7,1801,3
7,1200,2
7,4099,9
7,5201,11
7,1199,2
7,1301,2
7,1400,2
7,900,1
7,2000,4
7,3601,8
7,1700,3
7,1400,3
7,1300,2
7,601,0
7,1200,2
7,5099,11
7,3201,7
7,1400,2
7,2199,4
7,2401,5
7,500,0
7,1200,2
7,7200,16
7,2099,4
7,500,0
7,501,0
7,2100,5
7,1500,2
7,5100,11
7,2700,5
7,3300,7
7,1000,1
7,1000,1
7,1300,2
7,3000,6
7,1800,3
7,3099,6
7,7300,17
7,4201,9
7,500,0
7,1500,2
7,1299,2
7,1001,1
7,4300,8
7,600,0
7,11600,27
7,6400,15
7,4999,11
7,2801,6
7,8000,18
7,2600,5
7,4700,10
7,500,0
7,8400,18
7,11500,28
7,500,0
7,3000,6
7,4000,8
7,3800,8
7,499,0
7,3201,7
7,2600,5
7,6000,12
7,500,0
7,1499,2
7,1000,1
7,4901,10
7,600,0
7,3900,8
7,9700,17
7,1200,2
7,5901,13
7,4600,9
7,900,1
7,800,1
7,5700,13
7,500,0
7,1500,2
7,899,1
7,3601,7
7,1100,3
7,2300,8
7,7000,27
7,9400,36
7,3900,5
7,2200,8
7,600,1
7,300,0
7,400,0
7,4000,16
7,6900,25
7,1300,4
7,600,1
7,800,2
7,2200,7
7,1099,3
7,600,1
7,801,2
7,300,0
7,1700,6
7,2899,10
7,500,1
7,2201,7
7,300,0
7,3000,10
7,1299,4
7,3801,11
7,3999,8
7,500,0
7,2700,7
7,6700,15
7,1900,5
7,1299,4
7,300,0
7,5801,21
7,500,1
7,599,1
7,3001,10
7,300,0
7,700,2
7,600,1
7,7000,27
7,1600,5
7,200,0
7,300,0
7,2800,10
7,600,1
7,1000,3
7,1500,5
7,4400,16
7,1400,4
7,800,2
7,801,2
7,300,0
7,2200,8
7,1100,3
7,1499,5
7,1901,7
7,3400,12
7,2199,8
7,1100,3
7,801,2
7,300,0
7,400,0
7,800,2
7,2500,8
7,1599,5
7,2601,6
7,4299,9
7,2501,5
7,600,1
7,600,1
7,500,1
7,1700,6
7,3700,14
7,800,2
7,3699,14
7,1601,6
7,3600,10
7,2399,5
7,10801,23
7,4200,8
7,5200,20
7,299,0
7,1400,4
7,11401,36
7,300,0
7,1600,4
7,1400,2
7,1301,2
7,500,0
7,1400,2
7,1000,1
7,1099,1
7,500,0
7,14100,17
7,17601,41
7,5999,16
7,500,0
7,6400,16
7,400,0
7,3800,8
7,3500,10
7,1000,2
7,1700,3
7,1900,5
7,5300,8
7,900,1
7,900,1
7,799,1
7,1200,2
7,2500,5
7,13100,29
7,3900,8
7,899,1
7,2501,5
7,3200,6
7,500,0
7,2199,4
7,1001,1
7,3400,7
7,2199,4
7,9201,23
7,1300,2
7,1000,1
7,7500,17
7,5200,11
7,2800,5
7,1999,4
7,4201,8
7,13000,30
7,4299,9
7,12901,26
7,5200,11
7,4599,9
7,500,0
7,7700,17
7,12200,27
7,4000,8
7,2100,4
7,6100,13
7,1300,2
7,900,1
7,1299,2
7,6101,13
7,2500,5
7,2300,4
7,19099,42
7,801,1
7,500,0
7,1900,3
7,500,0
7,9200,21
7,800,1
7,2999,5
7,900,1
7,1600,3
7,3699,13
7,801,2
7,1100,3
7,5199,20
7,200,0
7,3601,13
7,1900,6
7,300,0
7,499,1
7,1000,3
7,10901,42
7,2200,8
7,2200,8
7,600,1
7,2500,8
7,300,0
7,600,1
7,1699,5
7,3701,14
7,2700,10
7,12000,29
7,2100,7
7,500,1
7,1799,6
7,1201,4
7,2900,10
7,1000,3
7,1399,4
7,800,2
7,801,2
7,1300,4
7,600,1
7,900,2
7,1000,2
7,1499,5
7,4001,15
7,1500,4
7,300,0
7,2899,10
7,1300,4
7,3600,13
7,6000,23
7,3399,12
7,5101,19
7,600,1
7,1599,5
7,2901,10
7,700,2
7,2801,9
7,1500,4
7,1200,4
7,6900,25
7,300,0
7,4500,16
7,2400,8
7,1400,4
7,499,1
7,700,2
7,2201,7
7,1800,6
7,500,1
7,900,2
7,300,0
7,3501,13
7,1000,3
7,5100,19
7,2100,7
7,600,1
7,2999,11
7,900,2
7,4701,16
7,1599,5
7,7001,27
7,299,0
7,300,0
7,1101,3
7,2500,9
7,4099,15
7,4701,17
7,800,2
7,9699,37
7,401,0
7,3200,11
7,1900,6
7,299,0
7,1500,4
7,2300,8
7,4699,5
7,601,1
7,4300,15
7,3800,14
7,1100,3
7,300,0
7,1100,3
7,2000,6
7,899,2
7,2801,9
7,2400,8
7,3700,13
7,4900,18
7,1100,3
7,2199,7
7,701,2
7,1300,4
7,900,2
7,3100,10
7,1801,6
7,300,0
7,8500,26
7,1600,5
7,6300,22
7,7200,23
7,1200,4
7,2300,8
7,5500,19
7,300,0
7,1200,4
7,1599,5
7,901,3
7,500,1
7,4300,16
7,1699,6
7,1501,4
7,2700,9
7,7500,28
7,4500,17
7,1400,5
7,600,1
7,800,2
7,1099,3
7,8600,28
7,401,0
7,3500,7
7,1899,4
7,10601,30
7,1500,5
7,2799,10
7,1801,6
7,500,1
7,1300,4
7,2900,10
7,300,0
7,300,0
7,901,2
7,2700,10
7,2500,9
7,1999,6
7,201,0
7,2900,10
7,3099,11
7,7400,27
7,2299,8
7,1001,3
7,1500,5
7,1000,3
7,300,0
7,2299,8
7,600,1
7,300,0
7,1301,4
7,600,1
7,1200,4
7,3099,11
7,2301,8
7,3400,12
7,1999,7
7,3001,11
7,2100,7
7,2499,9
7,600,1
7,3900,14
7,1600,5
7,5500,13
7,6500,18
7,1500,5
7,1899,6
7,3501,12
7,5000,19
7,800,2
7,300,0
7,600,1
7,900,2
7,700,2
7,3299,11
7,2901,11
7,800,2
7,3900,14
7,400,0
7,2100,7
7,300,0
7,800,2
7,4600,17
7,1200,4
7,1600,5
7,3700,13
7,300,0
7,600,1
7,1600,5
7,800,2
7,300,0
7,4900,17
7,800,2
7,3101,12
7,300,0
7,3599,13
7,3801,14
7,1900,6
7,2800,10
7,900,2
7,700,2
7,900,2
7,5100,20
7,300,0
7,4899,19
7,600,1
7,501,1
7,2300,8
7,7800,29
7,3899,14
7,500,1
7,801,2
7,600,1
7,1100,3
7,2800,7
7,1000,1
7,3801,8
7,500,0
7,3500,8
7,6799,14
7,8501,20
7,4800,11
7,400,0
7,11701,8
7,5700,14
7,8600,20
7,2999,6
7,500,0
7,501,0
7,5499,11
7,10201,22
7,6400,12
7,1300,1
7,800,1
7,1999,3
7,4801,9
7,5800,11
7,6200,11
7,600,0
7,2999,5
7,1401,2
7,5599,11
7,9801,19
7,3400,6
7,5200,9
7,600,0
7,4400,7
7,20199,43
7,1300,1
7,8400,16
7,500,0
7,4499,9
7,11501,23
7,1200,1
7,600,0
7,1199,1
7,10101,18
7,8000,20
7,300,0
7,9200,25
7,5300,12
7,3199,7
7,1301,2
7,2600,6
7,11099,27
7,3301,8
7,900,3
7,1400,4
7,2201,7
7,5599,12
7,4201,14
7,300,0
7,1900,6
7,3100,11
7,1000,3
7,7300,27
7,1300,4
7,6800,25
7,2100,7
7,1099,3
7,3101,11
7,800,2
7,1600,5
7,500,1
7,300,0
7,2100,7
7,700,2
7,1600,6
7,400,0
7,1300,4
7,4500,16
7,9800,32
7,1899,4
7,5901,12
7,1201,3
7,1200,3
7,7000,24
7,500,0
7,1400,2
7,1700,3
7,799,1
7,7000,8
7,500,0
7,3101,7
7,600,0
7,3899,8
7,8401,20
7,3600,7
7,900,1
7,2500,5
7,1300,2
7,500,0
7,1800,3
7,3600,8
7,1700,3
7,4600,10
7,400,0
7,1300,2
7,2400,5
7,12801,30
7,2299,4
7,1200,2
7,1700,3
7,7000,23
7,3400,13
7,699,2
7,1100,4
7,1201,4
7,2100,7
7,1900,6
7,1499,5
7,3301,12
7,3899,13
7,2801,9
7,1200,3
7,3099,6
7,1501,3
7,1300,2
7,1900,3
7,1499,3
7,9901,24
7,5299,11
7,2001,3
7,1700,3
7,18299,29
7,1000,1
7,2300,3
7,500,0
7,700,0
7,1001,1
7,1900,3
7,5700,10
7,5099,9
7,1401,2
7,5100,10
7,2400,4
7,6799,13
7,5400,10
7,8699,19
7,9201,19
7,4500,7
7,1400,2
7,1101,1
7,500,0
7,4399,8
7,600,0
7,7200,14
7,3801,7
7,2499,4
7,2901,5
7,3700,6
7,1801,3
7,3500,6
7,1500,1
7,5201,12
7,7700,15
7,3700,6
7,1100,1
7,1700,2
7,600,0
7,600,0
7,7600,14
7,1500,2
7,1500,2
7,500,0
7,2400,4
7,2099,3
7,4701,8
7,4100,7
7,2000,3
7,9600,21
7,16201,31
7,6800,12
7,4400,9
7,1899,4
7,6900,16
7,400,0
7,400,0
7,4500,10
7,2800,5
7,2100,7
7,4500,17
7,3000,10
7,599,1
7,500,1
7,1201,3
7,3200,12
7,300,0
7,4300,15
7,3400,11
7,3300,11
7,1500,4
7,300,0
7,2300,8
7,1899,6
7,700,2
7,300,0
7,600,1
7,600,1
7,300,0
7,700,2
7,11299,7
7,3401,13
7,5800,21
7,1600,5
7,700,2
7,1300,4
7,2099,7
7,11700,38
7,5400,13
7,6700,18
7,700,2
7,1100,3
7,2099,7
7,1100,3
7,1201,4
7,2400,8
7,900,2
7,3299,12
7,7199,27
7,501,1
7,400,0
7,3100,11
7,500,1
7,1999,6
7,4701,17
7,300,0
7,3500,11
7,1399,4
7,3601,12
7,2999,11
7,300,0
7,1901,7
7,800,2
7,1800,5
7,3599,13
7,300,0
7,600,1
7,600,1
7,4599,18
7,500,1
7,300,0
7,901,2
7,1100,3
7,5299,19
7,701,2
7,1100,4
7,1300,4
7,2400,8
7,1499,5
7,801,2
7,1000,3
7,700,2
7,500,1
7,800,2
7,1000,3
7,600,1
7,1600,5
7,1301,4
7,4300,16
7,3000,10
7,1000,2
7,2100,7
7,2199,7
7,300,0
7,601,1
7,2500,8
7,2300,8
7,2700,10
7,300,0
7,1300,4
7,1000,3
7,1900,6
7,1599,5
7,2001,6
7,1600,5
7,800,2
7,1300,4
7,3301,7
7,800,1
7,2000,5
7,12200,30
7,2600,5
7,2800,10
7,1000,3
7,1900,6
7,300,0
7,200,0
7,3200,12
7,300,0
7,300,0
7,4000,14
7,3600,13
7,700,1
7,700,2
7,3399,12
7,800,2
7,6400,24
7,5101,19
7,3699,13
7,1400,4
7,300,0
7,300,0
7,500,1
7,6000,22
7,1800,6
7,1400,5
7,2700,10
7,1200,3
7,3100,11
7,500,1
7,1499,5
7,400,0
7,501,1
7,900,2
7,2300,8
7,2199,8
7,500,1
7,801,2
7,4800,18
7,300,0
7,799,2
7,5101,17
7,2499,6
7,1701,4
7,1600,4
7,1700,4
7,4500,14
7,7500,23
7,10000,32
7,2199,5
7,3301,9
7,2200,6
7,2199,5
7,2801,6
7,1000,1
7,700,1
7,9299,24
7,1401,4
7,300,0
7,1500,4
7,2000,6
7,2299,8
7,15800,32
7,500,1
7,1000,2
7,1200,4
7,2100,7
7,999,3
7,1101,3
7,7500,27
7,800,2
7,300,0
7,1300,4
7,500,1
7,900,2
7,6000,23
7,900,2
7,900,2
7,1799,6
7,3401,12
7,500,1
7,600,1
7,300,0
7,300,0
7,300,0
7,1299,4
7,500,1
7,1001,3
7,900,2
7,300,0
7,300,0
7,800,2
7,2199,7
7,1901,6
7,600,1
7,4899,18
7,1801,6
7,1200,4
7,3000,11
7,899,3
7,1901,6
7,2499,9
7,600,1
7,301,0
7,3300,12
7,300,0
7,1899,6
7,2101,4
7,400,0
7,400,0
7,2400,5
7,1699,3
7,801,1
7,2600,7
7,3799,10
7,5800,15
7,400,0
7,400,0
7,1401,3
7,1800,4
7,4800,13
7,800,1
7,1200,2
7,5200,13
7,1100,2
7,400,0
7,10699,28
7,4401,16
7,1800,6
7,2099,7
7,1501,5
7,2700,10
7,3299,12
7,1101,3
7,4500,16
7,1899,7
7,901,2
7,2500,9
7,500,1
7,1200,4
7,1499,5
7,300,0
7,601,1
7,2500,9
7,3499,13
7,901,2
7,2900,10
7,2999,11
7,901,2
7,2200,4
7,6900,22
7,4199,15
7,900,2
7,4700,16
7,600,1
7,400,0
7,600,1
7,5100,20
7,4400,16
7,4300,15
7,600,1
7,2600,9
7,699,1
7,3401,12
7,2900,10
7,4600,16
7,1900,6
7,3099,12
7,3901,14
7,1200,4
7,3200,11
7,2100,7
7,3799,14
7,6400,17
7,1901,6
7,1100,3
7,2900,11
7,4100,14
7,1100,3
7,500,1
7,500,1
7,300,0
7,2099,7
7,4601,17
7,800,2
7,1699,6
7,3601,12
7,1200,3
7,300,0
7,700,2
7,3800,15
7,1100,3
7,600,1
7,1900,6
7,2099,8
7,601,1
7,1500,5
7,1100,4
7,1100,3
7,2399,8
7,1301,4
7,500,1
7,1900,6
7,300,0
7,3601,14
7,4800,19
7,800,2
7,2900,9
7,899,3
7,1601,5
7,500,1
7,7600,20
7,1600,2
7,600,0
7,1300,2
7,1399,4
7,1201,4
7,1700,5
7,2100,7
7,400,0
7,1899,6
7,2001,7
7,800,2
7,4599,17
7,1101,4
7,800,2
7,14300,43
7,1400,4
7,2800,10
7,2700,9
7,500,1
7,500,1
7,700,2
7,600,1
7,1000,3
7,400,0
7,300,0
7,4000,15
7,3700,14
7,6900,27
7,600,1
7,2600,11
7,500,1
7,2200,8
7,300,0
7,600,1
7,600,1
7,1399,4
7,1301,4
7,2600,9
7,1200,3
7,1199,4
7,1901,6
7,800,2
7,3500,13
7,3500,13
7,799,2
7,900,3
7,2501,9
7,800,2
7,300,0
7,4100,15
7,600,1
7,8100,31
7,1100,3
7,2400,8
7,2400,8
7,2200,8
7,500,1
7,4600,17
7,2600,9
7,1300,4
7,1899,7
7,5301,19
7,2899,7
7,1701,3
7,1000,1
7,1300,2
7,500,0
7,8599,21
7,2401,5
7,2100,5
7,6300,15
7,7100,13
7,2600,5
7,7500,17
7,2701,4
7,900,1
7,11999,24
7,3800,7
7,500,0
7,12100,24
7,5700,11
7,600,0
7,3600,6
7,2499,4
7,5000,10
7,1099,1
7,500,0
7,2601,4
7,500,0
7,2400,4
7,11900,24
7,1800,3
7,3100,6
7,9400,18
7,3899,7
7,20801,42
7,500,0
7,2900,5
7,7900,15
7,3700,6
7,2800,6
7,400,0
7,2600,5
7,6600,13
7,7900,14
7,2599,4
7,1901,3
7,15000,31
7,900,1
7,2500,4
7,1801,3
7,3100,6
7,3999,7
7,4900,9
7,5700,10
7,1900,2
7,10800,22
7,2400,4
7,3300,6
7,2200,4
7,16800,34
7,600,0
7,1599,2
7,1501,2
7,4799,9
7,3701,8
7,2300,9
7,2400,8
7,300,0
7,600,1
7,1200,4
7,1700,5
7,300,0
7,999,3
7,500,1
7,1201,4
7,300,0
7,300,0
7,2600,10
7,2199,8
7,2001,7
7,7300,13
7,3100,10
7,800,2
7,200,0
7,4499,10
7,1200,2
7,2800,6
7,7500,17
7,2100,4
7,5701,12
7,5300,11
7,1400,1
7,2399,5
7,2901,5
7,6600,13
7,3000,4
7,1299,3
7,6701,14
7,1400,1
7,900,1
7,4100,8
7,1099,1
7,15000,30
7,13001,26
7,8499,19
7,4901,9
7,8900,19
7,1899,3
7,500,0
7,1400,2
7,3399,6
7,2801,5
7,1800,3
7,2399,4
7,900,1
7,1501,2
7,5099,9
7,2801,5
7,4099,7
7,1501,2
7,7300,14
7,5000,10
7,499,0
7,2401,4
7,1500,1
7,600,0
7,2399,4
7,12001,24
7,2000,3
7,499,0
7,2801,5
7,1900,4
7,15700,33
7,2399,4
7,12901,29
7,12900,26
7,2200,3
7,1200,2
7,600,0
7,14001,17
7,8299,16
7,4801,9
7,1600,2
7,799,1
7,1901,3
7,500,0
7,4699,9
7,5001,9
7,2799,5
7,600,0
7,3600,6
7,1100,1
7,2801,5
7,3800,8
7,2600,5
7,4000,13
7,1099,4
7,9801,37
7,1600,5
7,1400,4
7,2599,9
7,4401,16
7,5600,21
7,1300,4
7,600,1
7,3400,12
7,300,0
7,2300,9
7,2000,7
7,600,1
7,1399,4
7,801,2
7,2300,8
7,5800,20
7,900,3
7,1500,4
7,1300,4
7,300,0
7,2100,7
7,300,0
7,500,1
7,3500,12
7,1899,6
7,1301,4
7,1800,6
7,3699,13
7,700,2
7,601,1
7,1100,3
7,2200,7
7,2299,8
7,1601,5
7,400,0
7,2100,7
7,3299,11
7,1200,4
7,2101,7
7,3200,12
7,1999,7
7,1500,5
7,800,2
7,1400,4
7,5000,19
7,900,2
7,6200,23
7,2800,10
7,1200,4
7,4100,15
7,600,1
7,300,0
7,3299,12
7,300,0
7,5001,18
7,800,2
7,2500,9
7,1300,4
7,1800,6
7,900,2
7,800,2
7,599,1
7,300,0
7,3001,11
7,3599,14
7,2401,9
7,4600,17
7,1399,4
7,1201,3
7,300,0
7,3000,11
7,2699,9
7,1601,4
7,2200,4
7,4500,8
7,2800,4
7,10199,17
7,5800,14
7,2100,4
7,899,1
7,1501,3
7,5300,13
7,499,1
7,300,0
7,300,0
7,1601,5
7,1600,5
7,6700,18
7,3799,8
7,400,0
7,1001,2
7,1300,2
7,6700,15
7,7100,19
7,2600,10
7,700,1
7,1100,4
7,1499,4
7,1301,4
7,500,1
7,900,2
7,600,1
7,2999,10
7,3701,14
7,2700,9
7,1901,6
7,1100,3
7,2200,7
7,2199,7
7,2101,7
7,2400,8
7,2000,7
7,2199,8
7,300,0
7,500,1
7,800,2
7,800,2
7,2999,11
7,3401,12
7,800,2
7,5600,21
7,500,1
7,2100,7
7,400,0
7,6200,23
7,2400,8
7,399,0
7,7401,27
7,6101,23
7,900,2
7,600,1
7,1200,4
7,1599,5
7,1201,4
7,500,1
7,1800,6
7,800,2
7,2599,9
7,500,1
7,500,1
7,3701,14
7,2299,8
7,1300,4
7,501,1
7,2700,9
7,2200,8
7,499,1
7,1901,6
7,500,1
7,300,0
7,500,1
7,500,1
7,4499,15
7,201,0
7,1500,5
7,3100,11
7,1599,5
7,1901,7
7,4300,15
7,4100,16
7,1100,3
7,5600,21
7,1800,6
7,3199,12
7,300,0
7,301,0
7,900,3
7,1200,4
7,500,1
7,5300,20
7,3100,8
7,3800,9
7,1500,3
7,2999,6
7,2901,6
7,4799,17
7,2501,9
7,1700,6
7,1400,4
7,3500,13
7,900,3
7,3500,13
7,1100,3
7,1300,4
7,300,0
7,600,1
7,1699,6
7,300,0
7,1400,4
7,1900,6
7,1800,6
7,499,1
7,3501,13
7,1400,4
7,3899,14
7,3200,12
7,8500,33
7,1399,4
7,300,0
7,600,1
7,2601,9
7,6600,26
7,2100,7
7,600,1
7,900,3
7,500,1
7,1000,3
7,500,1
7,3901,14
7,300,0
7,1200,4
7,599,1
7,1301,4
7,3100,11
7,600,1
7,3299,12
7,1501,5
7,1500,5
7,1700,5
7,999,3
7,2201,7
7,300,0
7,3700,13
7,1299,4
7,3901,14
7,4599,17
7,1301,4
7,2700,9
7,2899,11
7,500,1
7,7700,9
7,6599,17
7,4601,13
7,3200,7
7,4800,1
7,900,2
7,9500,17
7,6900,23
7,2300,9
7,1701,6
7,2900,10
7,300,0
7,9800,28
7,2601,9
7,1000,3
7,1300,4
7,3299,12
7,500,1
7,1401,4
7,1300,4
7,4099,15
7,600,1
7,3700,10
7,8200,32
7,1099,3
7,400,1
7,401,0
7,1300,4
7,1600,5
7,9400,31
7,300,0
7,299,0
7,1000,2
7,500,1
7,1800,5
7,1700,6
7,900,2
7,500,1
7,400,0
7,6300,19
7,800,2
7,2900,10
7,1000,3
7,400,1
7,1300,4
7,4600,17
7,900,2
7,400,1
7,3699,14
7,2501,5
7,1000,3
7,3699,10
7,3401,8
7,500,1
7,3801,15
7,2200,7
7,2600,9
7,5199,20
7,900,2
7,2801,3
7,300,0
7,2700,6
7,599,1
7,11101,19
7,700,1
7,2799,2
7,5101,14
7,2399,2
7,500,0
7,901,1
7,3300,4
7,4200,12
7,700,2
7,7800,30
7,1300,4
7,2199,7
7,6401,12
7,6101,12
7,499,0
7,1200,2
7,2900,7
7,2899,6
7,2401,5
7,11200,28
7,799,2
7,300,0
7,5301,13
7,1300,4
7,600,1
7,4401,17
7,1000,2
7,4200,9
7,2200,4
7,500,0
7,4400,12
7,300,0
7,10300,14
7,2199,8
7,501,1
7,2000,7
7,2000,6
7,1000,1
7,5201,12
7,6700,17
7,400,0
7,500,0
7,2200,5
7,2801,7
7,2600,6
7,2399,5
7,5601,13
7,7600,14
7,4200,9
7,1100,2
7,6600,13
7,1200,3
7,1300,0
7,2200,5
7,7400,14
7,300,0
7,400,0
7,400,0
7,5800,0
7,700,1
7,300,0
7,1200,3
7,1800,5
7,700,1
7,3201,9
7,1100,2
7,1100,2
7,400,0
7,4000,10
7,2700,6
7,1699,3
7,500,0
7,1901,3
7,1600,3
7,2100,4
7,899,1
7,3901,8
7,3199,6
7,4401,9
7,1000,1
7,6200,13
7,3899,9
7,13100,22
7,1901,4
7,800,1
7,1000,1
7,2000,4
7,400,0
7,499,0
7,6501,17
7,2099,4
7,3000,6
7,2000,4
7,900,1
7,2900,7
7,2800,8
7,1500,4
7,700,1
7,12700,33
7,2900,8
7,1900,5
7,2600,7
7,8000,13
7,900,1
7,800,1
7,6300,19
7,700,1
7,1100,2
7,1400,3
7,299,0
7,300,0
7,700,1
7,4601,14
7,1299,3
7,600,1
7,4301,11
7,1700,3
7,1299,2
7,1101,1
7,500,0
7,1400,2
7,2799,6
7,1300,2
7,800,1
7,2100,4
7,6500,17
7,3200,12
7,6600,13
7,900,2
7,799,2
7,300,0
7,501,1
7,2300,8
7,500,1
7,3899,15
7,2101,7
7,400,0
7,3400,12
7,1699,6
7,901,2
7,300,0
7,300,0
7,300,0
7,4399,16
7,800,2
7,3700,14
7,500,1
7,600,1
7,1000,3
7,1000,3
7,2399,8
7,5801,11
7,899,2
7,500,0
7,13201,21
7,1300,2
7,3101,11
7,300,0
7,6500,25
7,9100,34
7,1300,5
7,1499,5
7,1001,3
7,500,1
7,1300,4
7,300,0
7,1100,3
7,5600,9
7,800,2
7,4099,15
7,2100,7
7,2900,11
7,300,0
7,4400,16
7,1500,6
7,200,0
7,200,0
7,699,1
7,2701,9
7,300,0
7,600,1
7,500,1
7,2100,7
7,1899,6
7,5001,18
7,600,1
7,2800,11
7,300,0
7,1300,4
7,3000,0
7,2500,8
7,1400,4
7,500,1
7,3599,13
7,1100,3
7,301,0
7,500,1
7,1100,3
7,2600,9
7,600,1
7,2200,7
7,6600,24
7,2400,8
7,1099,3
7,300,0
7,300,0
7,300,0
7,1301,4
7,4699,16
7,2501,9
7,1100,3
7,3799,3
7,1000,3
7,6001,13
7,1400,5
7,301,0
7,2000,7
7,1400,5
7,300,0
7,400,0
7,4600,15
7,300,0
7,5600,21
7,300,0
7,300,0
7,1400,4
7,1300,4
7,3800,14
7,2700,9
7,1300,4
7,1999,7
7,801,2
7,500,1
7,7800,19
7,800,2
7,1200,4
7,6500,15
7,1100,3
7,1300,4
7,1799,6
7,1001,3
7,2200,7
7,3999,15
7,901,2
7,4400,16
7,500,1
7,899,2
7,2501,9
7,600,1
7,1699,5
7,2401,8
7,600,1
7,300,0
7,4800,8
7,1100,3
7,600,1
7,1100,4
7,3299,12
7,6400,24
7,1601,5
7,600,1
7,1600,5
7,8400,32
7,600,1
7,3800,14
7,500,1
7,1100,3
7,5099,19
7,600,1
7,300,0
7,2500,7
7,2201,7
7,1200,4
7,1000,3
7,600,1
7,2099,6
7,1200,3
7,2301,8
7,800,2
7,500,1
7,2000,7
7,1299,4
7,500,1
7,300,0
7,1500,5
7,1600,5
7,500,1
7,10900,42
7,1600,5
7,14100,31
7,1900,4
7,500,0
7,2799,6
7,3701,8
7,3599,7
7,4901,11
7,1200,2
7,4800,11
7,4500,10
7,400,0
7,10399,24
7,17500,33
7,8500,19
7,3499,8
7,1701,5
7,700,2
7,200,0
7,2300,8
7,899,2
7,1301,4
7,300,0
7,900,2
7,1700,6
7,7600,28
7,600,1
7,2599,9
7,2101,7
7,1200,4
7,2100,7
7,6300,12
7,1500,4
7,300,0
7,2900,10
7,2900,11
7,2199,7
7,1501,5
7,3900,14
7,300,0
7,3300,12
7,2700,10
7,3199,12
7,2001,6
7,1900,7
7,1000,3
7,1000,3
7,2199,7
7,300,0
7,700,2
7,5799,12
7,1201,4
7,1500,5
7,2400,8
7,1499,5
7,2901,10
7,300,0
7,3899,14
7,300,0
7,700,2
7,2700,10
7,1300,4
7,600,1
7,3300,12
7,500,1
7,1799,6
7,1101,3
7,6099,23
7,11301,31
7,2800,10
7,799,2
7,700,2
7,2700,10
7,600,1
7,2499,9
7,3701,10
7,4699,10
7,3401,8
7,3599,13
7,6600,25
7,2601,9
7,900,2
7,1000,3
7,300,0
7,6400,12
7,4699,18
7,2601,10
7,1000,3
7,1400,4
7,3100,11
7,3500,13
7,600,1
7,300,0
7,4600,18
7,1600,5
7,2299,8
7,3801,13
7,10100,30
7,15200,43
7,6000,15
7,200,0
7,4100,11
7,1200,4
7,700,2
7,1300,0
7,3901,10
7,400,0
7,2800,7
7,999,3
7,1901,3
7,200,0
7,700,2
7,2400,5
7,2600,5
7,1600,5
7,4800,8
7,1000,3
7,3099,11
7,300,0
7,2601,9
7,7800,30
7,1400,4
7,2099,7
7,2401,8
7,300,0
7,3400,12
7,200,0
7,2099,7
7,1200,4
7,500,1
7,1900,6
7,4000,16
7,5100,9
7,2801,10
7,300,0
7,6099,23
7,1500,5
7,1100,3
7,600,1
7,900,2
7,2099,8
7,3101,12
7,2700,10
7,6100,23
7,500,1
7,300,0
7,800,2
7,1599,5
7,501,1
7,1700,5
7,1500,5
7,300,0
7,13900,37
7,4199,10
7,900,1
7,11900,38
7,1600,4
7,2700,2
7,1400,3
7,2399,6
7,2201,6
7,300,0
7,2400,7
7,1699,5
7,800,2
7,2400,6
7,8199,15
7,1501,4
7,6099,18
7,3401,10
7,2800,8
7,1699,4
7,2000,5
7,1300,3
7,3399,7
7,1801,4
7,1500,5
7,500,1
7,800,2
7,600,1
7,4300,16
7,1600,5
7,1200,3
7,1399,4
7,4101,15
7,300,0
7,3299,0
7,4501,16
7,1799,6
7,1100,3
7,1001,3
7,500,1
7,2200,8
7,3599,14
7,2701,9
7,4799,17
7,301,0
7,700,2
7,3100,2
7,800,1
7,12000,40
7,6100,11
7,1600,3
7,1800,3
7,1899,3
7,801,2
7,1000,3
7,1600,5
7,1600,5
7,1799,6
7,601,1
7,1000,3
7,1100,3
7,1500,5
7,1799,6
7,4801,18
7,600,1
7,1100,4
7,900,3
7,2299,8
7,1601,5
7,4500,17
7,10900,32
7,2700,9
7,1900,7
7,7899,31
7,1501,5
7,2400,8
7,3699,15
7,2501,9
7,2100,7
7,2399,8
7,300,0
7,300,0
7,2301,8
7,6800,16
7,5599,21
7,2001,7
7,700,2
7,600,1
7,1600,5
7,700,2
7,3200,12
7,5899,21
7,3101,10
7,300,0
7,300,0
7,700,2
7,8800,28
7,4400,10
7,500,0
7,1200,2
7,6400,7
7,3499,7
7,2800,6
7,1200,2
7,4600,10
7,3000,6
7,1000,1
7,500,0
7,2901,6
7,7300,17
7,2800,6
7,3700,8
7,400,0
7,900,1
7,1100,2
7,800,1
7,11200,27
7,800,1
7,400,0
7,700,1
7,2599,7
7,5901,6
7,1699,4
7,7500,18
7,800,2
7,1001,3
7,600,1
7,2200,7
7,4400,17
7,900,3
7,7000,28
7,300,0
7,1000,3
7,700,1
7,1800,6
7,599,1
7,1101,3
7,900,2
7,2400,8
7,600,1
7,1599,5
7,2601,9
7,4200,4
7,2200,8
7,1900,6
7,1900,6
7,3099,11
7,301,0
7,300,0
7,1000,3
7,4299,15
7,7900,30
7,2901,11
7,300,0
7,600,1
7,1700,6
7,3400,8
7,2000,4
7,2300,4
7,1399,4
7,300,0
7,5101,9
7,999,3
7,2601,9
7,300,0
7,2300,8
7,1300,4
7,2000,7
7,1600,5
7,1999,7
7,1401,4
7,2200,7
7,300,0
7,2299,8
7,8400,26
7,601,1
7,5699,19
7,2201,6
7,1600,4
7,1000,2
7,401,0
7,4000,12
7,700,1
7,699,1
7,1000,2
7,3601,10
7,2300,7
7,3201,9
7,11500,34
7,599,0
7,600,1
7,300,0
7,1300,4
7,3600,14
7,1599,5
7,1301,4
7,2000,7
7,2800,9
7,10000,25
7,1100,3
7,700,2
7,6900,23
7,3200,7
7,1599,4
7,4001,14
7,4600,18
7,500,1
7,500,1
7,700,2
7,800,2
7,1300,4
7,599,1
7,1400,5
7,1101,3
7,4699,18
7,600,1
7,1600,5
7,1500,5
7,5200,19
7,3700,13
7,3500,13
7,1499,4
7,500,1
7,1701,6
7,2000,7
7,300,0
7,3199,12
7,1601,5
7,6600,24
7,200,0
7,700,2
7,600,1
7,1300,4
7,4700,7
7,1800,6
7,4099,16
7,5001,19
7,3500,12
7,500,1
7,5699,20
7,601,1
7,800,2
7,600,1
7,6000,23
7,2900,10
7,300,0
7,3399,12
7,1701,6
7,1500,5
7,1099,3
7,300,0
7,1101,3
7,600,1
7,4399,10
7,800,2
7,1001,3
7,2700,9
7,1400,5
7,2499,8
7,301,0
7,5400,20
7,4400,17
7,1700,5
7,2499,9
7,4901,18
7,1499,5
7,300,0
7,3401,2
7,1900,6
7,1400,4
7,8700,33
7,200,0
7,3499,14
7,300,0
7,5001,19
7,300,0
7,1499,5
7,1400,5
7,1401,4
7,1500,5
7,1700,6
7,1699,6
7,2401,9
7,1100,3
7,1200,4
7,4000,4
7,2000,7
7,3299,12
7,6101,23
7,2499,8
7,1501,5
7,4100,16
7,499,1
7,2501,9
7,500,1
7,1100,3
7,500,1
7,800,2
7,1300,4
7,1599,5
7,2801,10
7,1400,4
7,300,0
7,1000,3
7,8599,22
7,300,0
7,3401,13
7,3299,12
7,1701,5
7,4300,16
7,3600,14
7,2400,8
7,800,2
7,1999,7
7,600,1
7,1601,5
7,900,2
7,700,2
7,3099,8
7,4401,11
7,1200,2
7,1900,5
7,6300,5
7,5799,14
7,2000,6
7,1700,5
7,8600,32
7,2900,6
7,5399,13
7,2501,8
7,800,2
7,1300,4
7,2499,10
7,1701,5
7,300,0
7,3300,12
7,700,2
7,699,2
7,4101,4
7,9300,9
7,1199,4
7,3001,11
7,600,1
7,1800,7
7,300,0
7,2499,9
7,1401,4
7,500,1
7,6700,26
7,300,0
7,2200,7
7,2899,10
7,1001,3
7,1000,3
7,300,0
7,800,2
7,600,1
7,7900,26
7,5300,7
7,1100,3
7,1700,6
7,3200,12
7,2700,10
7,5200,20
7,1600,6
7,11999,45
7,1201,4
7,800,2
7,2700,10
7,1000,3
7,300,0
7,900,3
7,4399,7
7,2801,10
7,2600,9
7,3700,14
7,12999,50
7,901,2
7,300,0
7,800,2
7,1700,6
7,1600,5
7,2399,8
7,4600,17
7,700,2
7,7100,18
7,2700,10
7,800,2
7,1600,4
7,600,1
7,4700,18
7,4000,15
7,2600,9
7,300,0
7,2000,7
7,2200,7
7,2700,10
7,3800,14
7,800,2
7,3000,11
7,300,0
7,6099,13
7,901,2
7,300,0
7,7100,28
7,500,1
7,2200,7
7,2400,8
7,1300,4
7,1001,3
7,700,2
7,1900,6
7,1100,3
7,300,0
7,200,0
7,999,3
7,1101,3
7,2000,7
7,300,0
7,500,1
7,1500,5
7,500,1
7,299,0
7,500,1
7,1900,6
7,2999,11
7,5001,8
7,1499,5
7,3001,11
7,2300,9
7,5400,20
7,500,1
7,700,1
7,8800,35
7,300,0
7,599,1
7,4001,14
7,1600,5
7,1799,6
7,4001,15
7,1800,6
7,5000,7
7,3799,14
7,3401,13
7,800,2
7,300,0
7,3199,12
7,700,2
7,600,1
7,1300,4
7,300,0
7,5900,22
7,800,2
7,800,2
7,300,0
7,3099,11
7,1100,3
7,3000,11
7,9500,26
7,5600,15
7,3499,7
7,9001,12
7,2500,5
7,500,0
7,1299,4
7,2101,4
7,3700,11
7,1799,5
7,401,0
7,1100,2
7,2200,6
7,400,0
7,300,0
7,2800,8
7,600,1
7,3900,12
7,600,1
7,7500,23
7,799,1
7,8300,14
7,5201,19
7,600,1
7,699,2
7,400,0
7,1301,4
7,300,0
7,5100,19
7,1600,5
7,1300,4
7,1300,4
7,1100,3
7,600,1
7,600,1
7,5100,10
7,800,2
7,1100,3
7,899,3
7,300,0
7,600,1
7,501,1
7,500,1
7,10600,30
7,3399,12
7,301,0
7,700,2
7,2100,8
7,700,1
7,500,1
7,1299,4
7,700,2
7,300,0
7,3400,12
7,300,0
7,2599,9
7,1801,6
7,300,0
7,1000,3
7,300,0
7,600,1
7,1500,5
7,1299,4
7,1301,4
7,1500,5
7,3799,14
7,6901,20
7,999,3
7,300,0
7,1401,1
7,300,0
7,1099,3
7,3801,10
7,1200,0
7,700,2
7,1099,3
7,5901,14
7,600,1
7,1799,2
7,1800,6
7,6400,17
7,5799,14
7,3001,7
7,4599,13
7,2201,3
7,4399,12
7,3801,9
7,4900,7
7,200,0
7,1400,4
7,1000,3
7,800,2
7,2799,10
7,2501,9
7,3300,12
7,499,1
7,1501,5
7,1600,5
7,6600,24
7,2500,9
7,300,0
7,6500,24
7,1500,5
7,300,0
7,7400,12
7,1099,3
7,2001,7
7,5199,20
7,500,1
7,1301,3
7,2300,8
7,1800,6
7,2399,8
7,2601,9
7,6500,25
7,1500,5
7,600,1
7,500,1
7,500,1
7,1399,4
7,500,1
7,600,1
7,2300,9
7,10000,29
7,1500,5
7,3200,12
7,3400,13
7,300,0
7,3400,8
7,2200,4
7,500,0
7,2900,5
7,2199,4
7,7400,17
7,3901,11
7,1300,4
7,1999,5
7,12401,19
7,1399,2
7,7000,5
7,1901,5
7,4799,14
7,1300,0
7,1001,2
7,400,0
7,8600,24
7,1300,3
7,2499,7
7,12501,39
7,4700,11
7,4799,15
7,1101,3
7,4700,6
7,8500,32
7,2201,8
7,500,1
7,1800,6
7,300,0
7,2199,8
7,3701,13
7,600,1
7,5200,19
7,2700,9
7,1000,3
7,6500,25
7,5100,9
7,11499,34
7,400,0
7,1701,3
7,900,1
7,5400,12
7,799,2
7,2401,8
7,300,0
7,4099,16
7,1801,6
7,1100,3
7,600,1
7,500,1
7,500,1
7,1300,4
7,1599,5
7,3901,11
7,5000,11
7,8200,12
7,900,1
7,800,1
7,1900,4
7,700,1
7,800,2
7,1401,5
7,300,0
7,6700,27
7,500,1
7,4099,15
7,3501,14
7,3100,11
7,10100,38
7,900,2
7,1100,3
7,6500,13
7,300,0
7,900,2
7,2899,10
7,2901,11
7,1400,5
7,600,1
7,800,2
7,800,2
7,1199,4
7,800,2
7,300,0
7,600,1
7,1300,4
7,3100,11
7,3300,12
7,2800,10
7,3400,12
7,2000,7
7,1300,4
7,1300,4
7,899,2
7,4801,8
7,700,1
7,2401,8
7,600,1
7,800,2
7,200,0
7,400,0
7,1199,4
7,600,1
7,300,0
7,901,2
7,2600,9
7,900,3
7,2999,11
7,2901,8
7,300,0
7,1800,6
7,800,2
7,300,0
7,3101,10
7,1700,6
7,3799,14
7,201,0
7,2300,9
7,200,0
7,1000,3
7,1599,5
7,9301,13
7,5200,12
7,3501,8
7,15900,39
7,1400,4
7,3099,11
7,5401,21
7,4200,15
7,200,0
7,200,0
7,1200,4
7,1200,3
7,899,2
7,5601,9
7,4100,15
7,800,2
7,7700,28
7,4499,16
7,3301,11
7,1200,4
7,600,1
7,500,1
7,2099,7
7,601,1
7,2100,7
7,3699,13
7,2400,8
7,16799,48
7,1501,5
7,3900,14
7,1299,4
7,700,1
7,3401,12
7,3399,12
7,5701,21
7,3000,11
7,800,2
7,300,0
7,3000,11
7,6201,12
7,499,0
7,2401,9
7,700,2
7,900,2
7,3099,11
7,3801,9
7,4199,11
7,6200,15
7,1801,4
7,500,0
7,14700,40
7,900,2
7,2300,7
7,2499,5
7,1301,2
7,11100,22
7,2600,9
7,4500,11
7,5100,13
7,6700,15
7,2100,5
7,2199,4
7,3401,10
7,800,2
7,700,2
7,1599,5
7,1100,3
7,4001,10
7,4100,9
7,12300,23
7,500,0
7,4201,12
7,2100,7
7,4300,16
7,2300,8
7,5300,20
7,2100,7
7,800,2
7,300,0
7,2899,6
7,501,0
7,900,1
7,3000,7
7,900,1
7,1701,3
7,2100,7
7,1500,3
7,1000,1
7,499,0
7,1601,3
7,1300,2
7,7400,10
7,8000,22
7,1700,5
7,600,1
7,4500,17
7,4399,17
7,1401,4
7,5100,19
7,499,1
7,700,1
7,300,0
7,500,1
7,3200,11
7,5400,15
7,700,0
7,1800,2
7,2199,3
7,1501,4
7,5599,6
7,3701,7
7,23200,49
7,3199,5
7,601,0
7,2700,4
7,1700,2
7,799,1
7,1401,2
7,9400,21
7,2700,4
7,1099,1
7,3501,6
7,25999,45
7,3401,8
7,6000,16
7,3100,8
7,2200,5
7,7300,21
7,700,1
7,6900,20
7,2499,6
7,5801,17
7,400,0
7,3100,7
7,1800,5
7,8200,12
7,300,0
7,3099,7
7,300,0
7,16001,47
7,8100,23
7,800,1
7,500,0
7,1600,4
7,1699,4
7,1200,3
7,4401,12
7,2699,7
7,401,0
7,1400,4
7,600,1
7,7300,11
7,1100,1
7,7700,17
7,600,1
7,2899,8
7,1001,2
7,1600,4
7,3100,8
7,3401,9
7,1600,3
7,3099,9
7,1901,5
7,1300,3
7,1800,5
7,2299,6
7,500,1
7,1601,4
7,4999,14
7,700,1
7,801,1
7,1100,2
7,5099,15
7,6001,10
7,9399,30
7,4801,13
7,4800,14
7,2100,6
7,1400,4
7,799,1
7,2001,5
7,4300,14
7,5000,16
7,7000,22
7,600,1
7,5900,8
7,1100,2
7,3100,9
7,3100,10
7,2300,6
7,3699,8
7,3701,7
7,3999,8
7,400,0
7,4500,13
7,1299,3
7,1601,5
7,1300,3
7,900,3
7,600,1
7,1400,4
7,900,2
7,1501,4
7,4899,15
7,1000,2
7,2501,7
7,7800,13
7,2600,8
7,300,0
7,299,0
7,800,1
7,4501,14
7,3399,10
7,701,1
7,1100,2
7,1000,3
7,1900,5
7,2499,8
7,1801,3
7,1300,1
7,2899,5
7,6101,12
7,2599,9
7,7399,25
7,400,0
7,900,2
7,7800,15
7,3999,14
7,2300,4
7,1699,4
7,1201,3
7,1200,3
7,1000,2
7,3599,12
7,4901,9
7,3600,8
7,3500,12
7,1499,4
7,1501,4
7,600,1
7,900,2
7,1900,6
7,3399,10
7,1901,6
7,300,0
7,300,0
7,6600,9
7,3000,10
7,3500,11
7,1000,3
7,700,1
7,1400,4
7,300,0
7,300,0
7,1099,3
7,300,0
7,1601,5
7,2000,6
7,9100,31
7,3200,10
7,5399,11
7,3801,12
7,1100,3
7,300,0
7,900,2
7,8899,20
7,3701,14
7,1200,3
7,4900,16
7,500,1
7,1300,4
7,3699,13
7,1301,4
7,300,0
7,3000,9
7,2299,7
7,1601,4
7,900,2
7,600,1
7,1700,5
7,801,1
7,600,1
7,2900,10
7,2999,11
7,7800,16
7,1100,2
7,1500,5
7,500,1
7,300,0
7,1799,5
7,2101,6
7,4800,16
7,5500,17
7,700,1
7,6300,21
7,1700,5
7,2800,9
7,200,0
7,2500,8
7,2699,8
7,800,2
7,2501,8
7,8800,14
7,1500,4
7,3100,9
7,4700,16
7,300,0
7,2901,11
7,2800,9
7,900,2
7,3100,10
7,1000,2
7,4499,9
7,400,0
7,2401,4
7,500,0
7,1300,3
7,1199,3
7,3801,12
7,400,0
7,2400,7
7,4100,14
7,700,1
7,500,1
7,5301,16
7,8899,6
7,1501,4
7,1400,4
7,1200,3
7,2200,7
7,2000,6
7,9200,24
7,8200,25
7,399,0
7,5601,17
7,1400,3
7,900,2
7,901,2
7,18000,37
7,1500,4
7,3700,12
7,3800,13
7,1499,4
7,200,0
7,3601,13
7,4500,17
7,3700,11
7,2999,10
7,2101,6
7,2000,6
7,8900,17
7,899,2
7,2101,6
7,600,1
7,1000,2
7,900,2
7,2399,8
7,900,2
7,301,0
7,2300,8
7,800,2
7,3499,10
7,5001,10
7,13300,31
7,600,0
7,5300,12
7,2200,4
7,6500,15
7,900,1
7,29600,0
7,6401,7
7,3300,4
7,4900,5
7,15100,20
7,2800,3
7,2699,2
7,2000,2
7,6500,8
7,5699,6
7,8800,12
7,700,0
7,2700,3
7,1100,1
7,5300,7
7,600,0
7,12400,17
7,5599,7
7,500,0
7,600,0
7,3900,3
7,2400,3
7,600,0
7,2800,4
7,13901,6
7,3900,6
7,5299,9
7,1101,1
7,1700,2
7,2700,5
7,6001,10
7,5200,8
7,2000,3
7,5300,10
7,1100,1
7,6700,11
7,4900,10
7,2200,4
7,2899,4
7,2701,4
7,6500,12
7,4400,8
7,3000,5
7,10800,10
7,3900,8
7,1200,3
7,1600,4
7,300,0
7,2699,6
7,600,1
7,2100,5
7,1800,4
7,2499,7
7,3001,8
7,1300,3
7,1599,3
7,1701,5
7,3800,11
7,7600,21
7,3299,10
7,1600,3
7,600,1
7,500,0
7,1901,3
7,28800,56
7,1400,2
7,3200,6
7,3900,8
7,900,1
7,2500,5
7,2199,4
7,5200,11
7,2600,6
7,5100,9
7,12900,26
7,7400,15
7,9000,6
7,8100,15
7,2801,4
7,3500,6
7,1899,3
7,1501,2
7,1700,2
7,500,0
7,4900,9
7,1300,1
7,500,0
7,5300,9
7,4499,10
7,2901,6
7,1300,2
7,6100,15
7,400,0
7,500,0
7,600,1
7,2199,5
7,1701,4
7,3500,11
7,4500,12
7,4699,0
7,3401,10
7,8600,24
7,3199,7
7,1901,3
7,1100,1
7,2600,4
7,900,1
7,1500,3
7,5200,10
7,12900,29
7,800,1
7,2299,5
7,2401,5
7,3400,8
7,800,0
7,3699,5
7,5001,10
7,9399,8
7,600,0
7,601,0
7,3400,6
7,1100,1
7,4500,10
7,1000,1
7,6000,14
7,700,1
7,900,1
7,3899,9
7,1500,3
7,400,0
7,2200,4
7,1300,2
7,4400,10
7,1100,2
7,5700,15
7,600,1
7,500,0
7,3599,9
7,2401,6
7,2700,7
7,1699,4
7,6201,5
7,3300,7
7,8800,25
7,1900,6
7,500,0
7,4000,11
7,6200,18
7,3400,6
7,6600,13
7,7600,16
7,11900,29
7,8500,8
7,900,2
7,6000,19
7,300,0
7,3300,10
7,3000,8
7,2500,6
7,5100,16
7,2500,5
7,10799,27
7,3101,8
7,2700,8
7,2500,7
7,300,0
7,1499,5
7,8801,13
7,1600,3
7,3400,9
7,2200,6
7,700,1
7,400,0
7,900,2
7,7100,22
7,1900,5
7,4100,11
7,400,0
7,600,1
7,3800,10
7,1901,5
7,5799,16
7,1601,3
7,3300,10
7,1600,4
7,1599,4
7,8701,12
7,900,2
7,3400,11
7,699,1
7,2401,7
7,700,1
7,400,0
7,700,1
7,3499,12
7,4101,13
7,6300,19
7,1900,6
7,2299,6
7,2101,6
7,5599,19
7,3801,11
7,1000,2
7,300,0
7,12000,18
7,2000,4
7,500,0
7,25399,60
7,801,1
7,1500,3
7,5600,13
7,1200,3
7,3000,7
7,4500,10
7,4599,11
7,12001,18
7,2500,6
7,10600,27
7,2100,4
7,1700,3
7,2700,7
7,1100,2
7,1300,4
7,3999,10
7,901,1
7,500,0
7,3800,10
7,2900,7
7,1400,3
7,1300,2
7,5600,15
7,4200,10
7,10500,17
7,1100,2
7,3200,8
7,4000,11
7,2700,8
7,300,0
7,1399,3
7,3201,8
7,4199,11
7,2201,6
7,6200,4
7,700,1
7,2900,6
7,4500,8
7,6500,13
7,1300,2
7,7900,14
7,3899,7
7,25501,10
7,800,1
7,2699,6
7,1100,2
7,5101,13
7,400,0
7,2500,6
7,800,1
7,400,0
7,400,0
7,2400,7
7,400,0
7,499,1
7,6901,19
7,399,0
7,6300,18
7,7400,22
7,1501,3
7,600,1
7,1400,3
7,900,2
7,3299,9
7,6401,7
7,1099,2
7,4501,13
7,500,0
7,2399,6
7,1201,3
7,1400,3
7,6400,20
7,3300,10
7,2299,7
7,1801,4
7,1700,4
7,3699,12
7,2200,6
7,1400,4
7,2599,8
7,14600,34
7,1601,5
7,300,0
7,7100,20
7,3700,11
7,1200,3
7,2500,6
7,300,0
7,400,0
7,1600,4
7,3699,10
7,200,0
7,201,0
7,1200,3
7,5299,16
7,1401,3
7,8600,27
7,300,0
7,1000,2
7,4600,4
7,2600,8
7,400,0
7,300,0
7,800,2
7,3800,12
7,6000,20
7,5100,17
7,900,2
7,1800,5
7,1699,5
7,1201,3
7,1000,2
7,2800,6
7,1000,1
7,4100,9
7,2200,6
7,500,1
7,2700,9
7,1000,2
7,2000,6
7,400,0
7,5500,6
7,7500,24
7,700,1
7,3499,10
7,7800,22
7,3101,10
7,2999,8
7,1100,2
7,901,2
7,700,1
7,5599,19
7,5201,17
7,1499,5
7,8700,19
7,3601,12
7,3399,11
7,400,0
7,1201,3
7,1300,3
7,1700,4
7,2699,7
7,601,1
7,1600,4
7,500,0
7,4499,14
7,701,1
7,600,1
7,200,0
7,5299,17
7,701,1
7,3700,11
7,900,2
7,5700,18
7,6400,9
7,1700,5
7,3099,10
7,7700,27
7,701,1
7,400,0
7,4400,15
7,2200,7
7,300,0
7,1500,5
7,6701,25
7,1699,4
7,400,0
7,701,1
7,900,2
7,300,0
7,800,2
7,1700,5
7,400,0
7,1999,6
7,13101,31
7,1299,3
7,2801,9
7,3200,11
7,1199,3
7,1301,4
7,3200,10
7,800,2
7,300,0
7,999,3
7,10501,37
7,2800,8
7,5300,17
7,4099,3
7,300,0
7,700,1
7,4200,13
7,6000,20
7,600,1
7,3499,11
7,2701,8
7,2600,9
7,6200,20
7,2799,9
7,3801,12
7,300,0
7,2499,8
7,4301,14
7,6000,9
7,4400,14
7,1400,4
7,6200,21
7,1801,6
7,1900,6
7,5300,18
7,4600,14
7,7900,27
7,1400,4
7,1600,5
7,300,0
7,9000,19
7,6700,24
7,1899,6
7,600,1
7,1201,3
7,5799,20
7,1901,6
7,5099,18
7,800,2
7,800,2
7,2500,9
7,2799,9
7,1501,5
7,900,2
7,1900,6
7,8200,18
7,2499,7
7,1101,3
7,600,1
7,2000,6
7,5100,17
7,6799,20
7,1900,5
7,1000,2
7,5600,11
7,2600,4
7,9099,20
7,4801,10
7,2899,5
7,601,0
7,3600,6
7,9399,11
7,3001,6
7,1400,2
7,600,0
7,4500,9
7,3000,5
7,600,0
7,1299,2
7,5501,10
7,2900,4
7,15100,27
7,1200,1
7,2200,3
7,699,0
7,3001,5
7,2500,3
7,2399,4
7,7200,12
7,12301,21
7,17599,7
7,2201,3
7,4000,0
7,5900,9
7,6200,10
7,6200,10
7,700,0
7,4499,7
7,3101,4
7,600,0
7,1500,2
7,3300,5
7,5899,10
7,1401,2
7,1100,1
7,13600,24
7,5599,12
7,1301,1
7,3000,4
7,4200,6
7,14000,14
7,2700,4
7,1900,3
7,3700,6
7,6300,11
7,3900,7
7,8300,13
7,2400,3
7,2200,3
7,3699,5
7,1401,1
7,2300,4
7,2899,4
7,1201,1
7,500,0
7,3000,5
7,900,1
7,1299,1
7,1201,1
7,11900,19
7,700,0
7,18000,31
7,1100,2
7,700,1
7,5500,17
7,800,2
7,1200,3
7,4400,13
7,300,0
7,300,0
7,1300,4
7,2100,5
7,5900,19
7,300,0
7,600,1
7,1599,4
7,4101,13
7,1200,3
7,400,0
7,2299,6
7,6599,18
7,2301,6
7,5299,6
7,5301,15
7,4500,12
7,4799,14
7,3401,10
7,500,0
7,3199,9
7,800,1
7,901,2
7,1900,5
7,1700,5
7,8400,25
7,6200,20
7,2799,8
7,4401,3
7,1200,2
7,2600,4
7,4300,8
7,4900,10
7,600,0
7,1800,3
7,5301,11
7,1200,2
7,699,0
7,2701,5
7,4199,9
7,4901,9
7,6500,14
7,2200,6
7,699,1
7,300,0
7,2201,6
7,400,0
7,1000,3
7,700,1
7,7000,22
7,3400,4
7,500,1
7,6700,14
7,900,2
7,4900,11
7,300,0
7,2000,2
7,299,0
7,4801,12
7,4099,9
7,1601,0
7,1100,3
7,2500,4
7,3900,8
7,4899,12
7,17301,37
7,5199,7
7,37300,9
7,2601,5
7,3800,8
7,2201,4
7,3500,8
7,1299,4
7,5301,17
7,500,1
7,5500,18
7,1700,5
7,800,1
7,899,2
7,3401,11
7,3500,12
7,599,1
7,300,0
7,600,1
7,901,2
7,300,0
7,1300,4
7,2100,7
7,800,2
7,5400,6
7,2000,6
7,4901,17
7,1100,3
7,300,0
7,1599,5
7,2001,6
7,1700,6
7,2600,8
7,2800,9
7,1600,5
7,900,2
7,5600,20
7,1600,4
7,300,0
7,4600,16
7,1500,5
7,2100,7
7,5800,10
7,3999,13
7,1801,6
7,600,1
7,3999,13
7,300,0
7,2601,8
7,300,0
7,3200,11
7,899,2
7,1701,5
7,5000,18
7,1699,5
7,3901,14
7,3700,12
7,1200,3
8,400,0
8,4999,18
8,1000,2
8,2000,5
8,4900,13
8,2800,8
8,300,0
8,700,1
8,4200,12
8,2900,9
8,5800,20
8,1300,4
8,400,0
8,1899,6
8,1201,3
8,1000,2
8,300,0
8,1900,5
8,300,0
8,5400,2
8,600,1
8,4300,15
8,500,1
8,1100,3
8,3000,9
8,1099,3
8,5401,17
8,1000,3
8,2600,8
8,7900,25
8,600,1
8,699,1
8,400,0
8,901,2
8,1200,3
8,700,1
8,2300,7
8,10900,23
8,400,0
8,1800,5
8,1000,2
8,3099,9
8,2901,10
8,3499,12
8,2101,6
8,1200,2
8,3100,10
8,1599,4
8,1601,5
8,900,2
8,1100,3
8,2799,8
8,1300,4
8,5001,17
8,600,1
8,7301,15
8,2400,7
8,1500,4
8,3600,12
8,4401,15
8,1500,4
8,1799,5
8,700,1
8,3401,11
8,1500,4
8,8600,25
8,1800,5
8,3700,12
8,1100,3
8,1199,3
8,2501,7
8,5099,3
8,1201,3
8,1900,6
8,1200,3
8,600,1
8,3500,11
8,2800,7
8,4099,15
8,4501,15
8,300,0
8,400,0
8,400,0
8,700,1
8,2700,9
8,3801,12
8,2300,8
8,1299,4
8,300,0
8,1201,3
8,2200,6
8,600,1
8,1200,3
8,3101,10
8,700,2
8,400,0
8,5500,20
8,1500,4
8,900,2
8,500,1
8,4300,15
8,1400,4
8,3499,13
8,1401,4
8,4999,9
8,400,1
8,1301,4
8,300,0
8,300,0
8,2800,8
8,1100,2
8,4501,11
8,600,1
8,300,0
8,4700,6
8,500,1
8,6100,22
8,1100,3
8,5099,15
8,1501,4
8,2500,8
8,2100,6
8,4800,16
8,9700,36
8,899,2
8,2501,8
8,5599,12
8,1301,4
8,6499,18
8,1801,2
8,10100,26
8,300,0
8,2500,5
8,400,0
8,1800,5
8,1901,2
8,400,0
8,600,1
8,3100,7
8,3000,7
8,500,1
8,1700,2
8,4099,11
8,300,0
8,5001,11
8,600,1
8,5800,6
8,3199,12
8,1601,4
8,300,0
8,2500,8
8,600,1
8,8499,9
8,300,0
8,800,2
8,7500,21
8,1701,3
8,1800,3
8,900,1
8,1399,4
8,2801,9
8,2000,6
8,1700,4
8,1099,3
8,6401,21
8,299,0
8,9801,18
8,1600,5
8,1900,6
8,1100,3
8,4200,14
8,1800,5
8,6100,21
8,1200,3
8,4000,14
8,2400,8
8,3799,7
8,801,2
8,400,0
8,600,1
8,4200,15
8,7100,10
8,2199,8
8,1500,4
8,300,0
8,2399,8
8,601,1
8,1000,3
8,300,0
8,900,2
8,3499,12
8,1701,5
8,1200,3
8,1200,4
8,3999,14
8,5600,20
8,2300,7
8,2500,8
8,2400,8
8,6600,8
8,300,0
8,4700,16
8,6200,23
8,3500,13
8,300,0
8,300,0
8,699,1
8,1901,6
8,500,1
8,1500,4
8,3000,9
8,1901,6
8,2400,8
8,300,0
8,1000,2
8,1400,4
8,1900,5
8,900,2
8,9100,22
8,1000,3
8,1100,3
8,1299,3
8,2101,6
8,3900,14
8,2600,7
8,700,0
8,2200,3
8,2299,3
8,2901,8
8,2700,8
8,2299,8
8,3301,12
8,1900,7
8,3200,11
8,300,0
8,1700,5
8,6800,12
8,1300,4
8,3900,14
8,2900,9
8,2499,9
8,301,0
8,800,2
8,800,2
8,800,2
8,300,0
8,3599,14
8,2401,8
8,400,0
8,300,0
8,900,2
8,1000,3
8,1699,6
8,1901,6
8,300,0
8,300,0
8,1900,6
8,2799,10
8,1101,3
8,1600,5
8,3400,0
8,300,0
8,2701,10
8,1100,3
8,2600,9
8,1299,4
8,1601,5
8,400,0
8,1000,3
8,2900,10
8,899,2
8,1701,5
8,1700,5
8,1200,3
8,1900,6
8,4600,17
8,3000,11
8,3101,10
8,1300,4
8,1100,3
8,6500,10
8,1300,4
8,300,0
8,3800,14
8,4999,16
8,600,1
8,5499,20
8,8301,30
8,1500,5
8,300,0
8,600,1
8,300,0
8,300,0
8,900,2
8,300,0
8,1599,5
8,1101,3
8,600,1
8,600,1
8,300,0
8,800,2
8,7300,12
8,600,1
8,3299,10
8,601,1
8,400,0
8,3000,11
8,800,2
8,500,1
8,999,3
8,600,1
8,2501,8
8,4599,10
8,3001,5
8,2300,8
8,1499,4
8,1201,4
8,2700,10
8,600,1
8,700,1
8,699,1
8,3501,12
8,6100,8
8,400,0
8,2000,7
8,2400,9
8,1699,5
8,601,1
8,1700,6
8,1600,5
8,1100,3
8,2099,7
8,2401,8
8,2400,8
8,2800,10
8,5400,19
8,1999,6
8,1600,5
8,800,2
8,1199,3
8,3601,13
8,4399,2
8,3801,13
8,1200,4
8,900,2
8,300,0
8,1401,4
8,600,1
8,6299,24
8,1301,4
8,300,0
8,300,0
8,1000,3
8,1700,5
8,1199,4
8,300,0
8,1401,4
8,500,1
8,6099,23
8,2101,7
8,900,2
8,7000,12
8,700,1
8,300,0
8,800,2
8,1899,7
8,1301,4
8,1500,5
8,4199,6
8,1901,6
8,1400,5
8,900,2
8,2200,7
8,1099,3
8,1301,4
8,700,2
8,1000,2
8,500,1
8,7200,19
8,1100,2
8,1300,3
8,8999,4
8,5701,21
8,1299,4
8,4101,0
8,400,0
8,300,0
8,500,1
8,200,0
8,400,0
8,2700,10
8,1300,4
8,3799,15
8,3301,12
8,1600,5
8,800,2
8,6000,24
8,400,0
8,700,2
8,4500,17
8,1900,6
8,900,2
8,800,2
8,899,2
8,9000,20
8,1500,4
8,900,3
8,1300,4
8,4500,16
8,600,1
8,2400,8
8,300,0
8,300,0
8,600,1
8,499,1
8,1901,6
8,500,1
8,2300,8
8,600,1
8,1100,3
8,1299,4
8,1001,3
8,3000,11
8,2100,7
8,999,3
8,1501,5
8,3600,14
8,6600,11
8,1100,3
8,2499,9
8,3101,12
8,500,1
8,500,1
8,2299,8
8,2401,8
8,1900,6
8,15200,59
8,300,0
8,2399,8
8,5201,6
8,1899,6
8,900,2
8,801,2
8,1300,4
8,1899,6
8,14100,54
8,7001,26
8,299,0
8,5601,13
8,13000,8
8,11000,12
8,2200,8
8,400,0
8,400,0
8,300,0
8,3500,13
8,600,1
8,2400,9
8,9500,6
8,300,0
8,2601,9
8,4400,17
8,5001,17
8,800,2
8,1000,3
8,5400,2
8,600,1
8,1700,6
8,600,1
8,1501,5
8,12200,33
8,799,2
8,500,1
8,601,1
8,2600,9
8,800,2
8,1200,4
8,500,1
8,3000,11
8,900,2
8,4299,9
8,1401,2
8,3900,11
8,4300,16
8,2000,7
8,1200,3
8,2900,11
8,600,1
8,800,2
8,8200,14
8,2200,7
8,300,0
8,400,0
8,700,2
8,1000,2
8,700,2
8,300,0
8,3699,13
8,1201,4
8,1000,3
8,900,2
8,1800,5
8,1599,5
8,1001,3
8,1600,5
8,3300,12
8,3200,11
8,3800,14
8,2599,9
8,300,0
8,800,2
8,8300,15
8,600,1
8,1100,3
8,3399,12
8,301,0
8,1000,3
8,900,2
8,1500,5
8,7300,28
8,600,1
8,7600,29
8,600,1
8,799,2
8,2101,7
8,1500,5
8,700,2
8,800,2
8,7200,15
8,1900,6
8,2001,7
8,300,0
8,1900,7
8,2000,6
8,500,1
8,2900,10
8,1200,3
8,5400,20
8,4000,14
8,600,1
8,5000,19
8,3999,15
8,7600,15
8,2001,8
8,4600,17
8,900,2
8,2800,10
8,7600,29
8,1699,6
8,1501,5
8,300,0
8,2000,7
8,3099,11
8,2601,9
8,800,2
8,1600,5
8,6000,7
8,500,1
8,800,2
8,3800,13
8,6199,23
8,1500,5
8,1500,5
8,1200,4
8,600,1
8,1799,6
8,1001,3
8,400,0
8,300,0
8,1100,3
8,600,1
8,300,0
8,3099,11
8,1001,3
8,1100,3
8,700,1
8,2600,9
8,1999,7
8,501,1
8,9600,21
8,6300,24
8,1700,5
8,900,2
8,2099,7
8,800,2
8,2001,7
8,5599,22
8,2301,8
8,2000,7
8,700,1
8,3800,14
8,1600,5
8,11999,29
8,301,0
8,1100,3
8,3200,12
8,3900,14
8,400,0
8,500,1
8,799,2
8,300,0
8,2401,8
8,5399,20
8,4401,9
8,1800,6
8,2601,10
8,9000,19
8,1300,3
8,1800,6
8,3901,15
8,1700,6
8,400,0
8,4200,16
8,1500,4
8,1800,6
8,2699,9
8,1800,6
8,500,1
8,1300,4
8,1900,6
8,400,0
8,3901,14
8,1300,1
8,600,0
8,14300,28
8,1599,5
8,2201,8
8,600,1
8,300,0
8,3300,12
8,5000,19
8,7000,28
8,1800,6
8,1699,5
8,2601,8
8,1000,2
8,500,1
8,1500,5
8,7300,12
8,300,0
8,600,1
8,1699,6
8,501,1
8,3100,11
8,1600,5
8,799,2
8,3901,14
8,600,1
8,2700,10
8,300,0
8,300,0
8,1200,4
8,300,0
8,1800,6
8,3400,12
8,500,1
8,1000,3
8,300,0
8,300,0
8,2699,9
8,9800,24
8,7400,10
8,300,0
8,600,1
8,600,1
8,3400,12
8,2300,8
8,900,2
8,900,2
8,299,0
8,300,0
8,1901,6
8,1200,3
8,800,2
8,500,1
8,900,2
8,2499,8
8,1701,6
8,800,2
8,1600,5
8,3099,11
8,501,1
8,500,1
8,1400,4
8,1100,3
8,1900,7
8,899,2
8,1101,3
8,4900,4
8,300,0
8,8000,29
8,2401,8
8,300,0
8,700,2
8,4399,17
8,1201,3
8,1300,4
8,1700,6
8,2499,9
8,2201,7
8,1400,4
8,900,2
8,801,2
8,2400,9
8,4199,7
8,1001,3
8,6099,9
8,600,1
8,1401,4
8,2700,9
8,800,2
8,799,2
8,2501,9
8,2500,5
8,900,2
8,1999,7
8,500,1
8,1001,3
8,1900,6
8,1100,3
8,1200,3
8,1999,6
8,1601,5
8,1000,3
8,1800,6
8,500,1
8,300,0
8,1899,6
8,2601,9
8,1200,4
8,17899,23
8,600,1
8,800,2
8,1700,1
8,200,0
8,300,0
8,3099,7
8,600,1
8,501,1
8,900,2
8,6300,16
8,3400,9
8,6200,16
8,4600,13
8,1500,1
8,4599,14
8,1401,1
8,1300,4
8,1500,1
8,1500,5
8,7100,12
8,300,0
8,3500,12
8,3700,13
8,1200,4
8,9400,36
8,500,1
8,300,0
8,800,2
8,5500,21
8,1100,3
8,1799,6
8,400,0
8,1301,4
8,2200,7
8,7400,11
8,2400,8
8,699,2
8,3701,14
8,3000,11
8,1299,4
8,14200,56
8,600,1
8,4201,15
8,1900,6
8,1499,5
8,6500,9
8,4001,11
8,1500,4
8,9000,28
8,400,0
8,1801,5
8,2100,6
8,1000,2
8,2599,8
8,1501,4
8,1700,4
8,2400,7
8,5200,17
8,5700,19
8,6599,3
8,2101,6
8,2000,6
8,400,0
8,600,1
8,3800,12
8,800,1
8,4399,15
8,701,1
8,11200,36
8,400,0
8,600,1
8,7100,26
8,2599,8
8,11901,29
8,2799,9
8,2501,7
8,1500,4
8,2000,6
8,2901,10
8,1900,6
8,500,0
8,1200,3
8,3700,13
8,2300,8
8,800,2
8,1299,4
8,6901,25
8,1099,3
8,1701,4
8,5899,7
8,1301,3
8,7800,27
8,3300,12
8,1399,4
8,1000,2
8,1001,2
8,800,2
8,2400,7
8,2899,9
8,1201,4
8,1900,5
8,2000,6
8,3900,13
8,5599,19
8,7400,10
8,1201,2
8,1800,5
8,3300,12
8,900,2
8,1401,4
8,4400,15
8,5500,17
8,600,1
8,2499,7
8,7900,5
8,1501,4
8,600,1
8,400,0
8,1000,2
8,4700,16
8,2300,8
8,2200,8
8,6800,11
8,3000,10
8,1300,4
8,1099,3
8,2801,10
8,1200,3
8,2899,9
8,300,0
8,1301,4
8,400,0
8,3100,9
8,1700,4
8,899,2
8,3001,11
8,300,0
8,300,0
8,2400,8
8,2300,7
8,1700,5
8,1900,6
8,1500,4
8,8799,15
8,701,1
8,2900,9
8,400,0
8,6300,22
8,1700,6
8,12500,42
8,2600,9
8,1199,4
8,12401,31
8,1100,3
8,1499,4
8,3601,12
8,600,1
8,900,2
8,2899,10
8,4701,17
8,1500,5
8,599,1
8,400,0
8,600,1
8,1300,4
8,600,1
8,300,0
8,300,0
8,1500,4
8,300,0
8,300,0
8,599,1
8,2901,10
8,900,2
8,1400,4
8,2001,6
8,700,2
8,2300,7
8,900,2
8,4500,5
8,600,1
8,300,0
8,600,1
8,1700,5
8,2601,9
8,7700,27
8,300,0
8,2400,9
8,5400,15
8,6900,27
8,2800,9
8,3800,10
8,300,0
8,900,2
8,1400,4
8,800,2
8,5400,1
8,3499,12
8,1500,5
8,1101,3
8,1900,6
8,600,1
8,3599,13
8,1401,4
8,4799,20
8,7200,25
8,8100,30
8,2601,9
8,500,1
8,699,1
8,2001,6
8,1700,5
8,700,1
8,300,0
8,1500,5
8,599,1
8,800,2
8,1601,5
8,3000,10
8,800,2
8,4100,15
8,4300,9
8,1701,5
8,2500,10
8,1600,5
8,4200,15
8,600,1
8,1399,4
8,400,0
8,1101,3
8,4500,6
8,800,2
8,1200,3
8,300,0
8,14200,20
8,300,0
8,2301,8
8,400,0
8,900,2
8,5200,19
8,300,0
8,900,2
8,300,0
8,11099,9
8,21401,30
8,1199,4
8,2801,9
8,1100,3
8,8700,20
8,5200,19
8,2700,9
8,4000,13
8,3000,10
8,1000,3
8,999,3
8,1401,4
8,1500,5
8,2000,7
8,4900,18
8,2400,8
8,300,0
8,1200,4
8,499,1
8,6501,12
8,1399,4
8,4701,17
8,3399,13
8,300,0
8,2201,7
8,2200,7
8,600,1
8,1599,5
8,5801,20
8,300,0
8,1799,6
8,2401,8
8,800,2
8,1700,5
8,1901,6
8,2500,9
8,6900,13
8,400,0
8,300,0
8,400,0
8,1599,5
8,400,0
8,4501,17
8,600,1
8,3900,14
8,900,2
8,1600,5
8,1699,6
8,300,0
8,1501,4
8,1900,5
8,6200,24
8,2800,10
8,200,0
8,1599,5
8,800,2
8,400,0
8,16400,49
8,3100,11
8,5000,17
8,300,0
8,300,0
8,2400,8
8,1399,4
8,901,2
8,2200,8
8,2500,8
8,2299,7
8,300,0
8,9300,23
8,2800,10
8,3000,10
8,4600,17
8,3400,13
8,3300,12
8,1200,4
8,2501,8
8,3600,13
8,300,0
8,1699,5
8,2401,8
8,2400,8
8,1400,4
8,1599,5
8,301,0
8,1600,5
8,1800,6
8,3000,10
8,1999,6
8,5301,19
8,1999,7
8,6800,25
8,800,2
8,2801,10
8,300,0
8,1100,3
8,400,0
8,600,1
8,699,1
8,7101,26
8,1199,3
8,7000,12
8,8000,30
8,901,2
8,1200,4
8,4799,18
8,300,0
8,2201,7
8,2800,10
8,2099,7
8,1401,4
8,1800,6
8,1700,6
8,5000,18
8,6200,9
8,1300,4
8,900,2
8,3199,12
8,2501,9
8,1700,6
8,500,1
8,1000,3
8,900,2
8,999,2
8,1301,4
8,2900,11
8,1800,6
8,1499,5
8,300,0
8,7000,26
8,2201,7
8,400,0
8,2500,9
8,9099,20
8,1201,3
8,600,1
8,300,0
8,1100,3
8,2900,11
8,1100,3
8,1200,4
8,3599,12
8,1601,5
8,4600,18
8,1399,4
8,1401,4
8,2000,6
8,8500,31
8,7200,11
8,1500,5
8,3100,11
8,9800,8
8,2999,11
8,1901,6
8,3100,11
8,1200,3
8,2600,9
8,2500,8
8,1100,3
8,700,1
8,1899,6
8,1101,3
8,1500,5
8,3500,14
8,11601,14
8,3200,11
8,599,1
8,300,0
8,400,0
8,801,2
8,1600,5
8,900,3
8,400,0
8,2599,9
8,2701,9
8,2900,10
8,4400,16
8,400,0
8,3200,12
8,4100,15
8,12699,33
8,5901,21
8,2600,8
8,600,1
8,2200,8
8,900,2
8,2999,10
8,1200,4
8,800,2
8,2301,8
8,400,0
8,1100,3
8,3300,12
8,1299,4
8,701,2
8,300,0
8,2000,7
8,700,2
8,800,2
8,1199,4
8,9801,18
8,3500,13
8,300,0
8,2299,7
8,1501,5
8,300,0
8,1500,5
8,1600,4
8,3300,12
8,1200,3
8,5399,20
8,501,1
8,900,2
8,300,0
8,2300,8
8,400,0
8,1399,5
8,800,2
8,300,0
8,3400,12
8,300,0
8,300,0
8,4100,1
8,300,0
8,1400,4
8,1200,4
8,4000,15
8,5299,21
8,1300,4
8,501,1
8,3400,12
8,300,0
8,300,0
8,7900,29
8,1599,5
8,2301,8
8,3100,12
8,1499,5
8,600,1
8,5500,5
8,3499,10
8,2501,7
8,3800,11
8,2099,5
8,3200,9
8,1400,4
8,1799,6
8,2001,6
8,2000,5
8,900,2
8,2299,7
8,3101,10
8,3200,9
8,399,0
8,1000,3
8,601,1
8,13999,27
8,901,2
8,500,1
8,1300,4
8,400,0
8,900,2
8,1200,3
8,300,0
8,6000,20
8,1400,1
8,1099,3
8,4701,16
8,2099,7
8,600,1
8,2701,9
8,3200,11
8,2300,7
8,1000,2
8,3200,11
8,600,1
8,5900,7
8,20600,23
8,300,0
8,300,0
8,300,0
8,300,0
8,4600,16
8,300,0
8,15800,28
8,1700,5
8,1600,4
8,1499,5
8,5301,18
8,2099,6
8,1199,3
8,2201,7
8,5799,14
8,1601,1
8,400,0
8,1600,5
8,1400,3
8,299,0
8,2101,3
8,400,0
8,3700,8
8,4100,11
8,4699,10
8,600,1
8,3801,9
8,600,1
8,1500,1
8,300,0
8,900,3
8,3000,7
8,3899,9
8,2301,4
8,1500,4
8,1600,1
8,1199,3
8,2901,6
8,3200,8
8,5600,8
8,2000,6
8,999,2
8,901,2
8,300,0
8,3300,12
8,1100,3
8,4200,14
8,400,0
8,2300,8
8,1799,6
8,300,0
8,300,0
8,2901,10
8,2999,10
8,800,2
8,2101,7
8,2100,7
8,1900,6
8,2100,7
8,7299,14
8,3900,14
8,600,1
8,900,2
8,400,0
8,7500,28
8,1800,5
8,700,2
8,300,0
8,1100,3
8,1099,3
8,600,1
8,500,1
8,1900,7
8,7600,25
8,800,2
8,2099,6
8,2701,9
8,4699,2
8,2401,8
8,300,0
8,3700,13
8,999,3
8,600,1
8,801,2
8,2500,8
8,1700,5
8,1499,5
8,1000,2
8,6900,26
8,400,0
8,801,2
8,800,2
8,1200,3
8,1900,6
8,300,0
8,3800,13
8,3500,13
8,7100,2
8,3100,11
8,600,1
8,1500,5
8,1500,4
8,800,2
8,300,0
8,3900,13
8,1300,4
8,1000,3
8,300,0
8,4800,17
8,2500,9
8,3000,10
8,1500,4
8,2400,8
8,4200,15
8,2100,7
8,10599,26
8,300,0
8,2500,7
8,8799,17
8,300,0
8,5501,19
8,1399,4
8,1100,3
8,801,2
8,2700,10
8,1300,4
8,1799,6
8,2401,8
8,400,0
8,1400,4
8,3099,12
8,4901,4
8,2099,7
8,7100,25
8,3801,14
8,3899,14
8,1401,4
8,1100,3
8,800,2
8,1500,4
8,1000,3
8,2900,10
8,7300,26
8,200,0
8,1000,3
8,500,1
8,5600,8
8,1100,3
8,700,2
8,3999,14
8,1401,4
8,600,1
8,700,1
8,4199,15
8,1401,4
8,2200,8
8,300,0
8,900,2
8,1300,4
8,1199,3
8,500,1
8,300,0
8,1100,3
8,3900,14
8,299,0
8,300,0
8,300,0
8,300,0
8,2300,8
8,700,2
8,1199,4
8,12801,27
8,1999,7
8,500,1
8,3001,11
8,3399,12
8,3501,12
8,1500,5
8,2199,7
8,300,0
8,600,1
8,3101,4
8,2400,8
8,799,2
8,1901,7
8,600,1
8,300,0
8,2900,9
8,800,2
8,2601,9
8,8500,7
8,1300,4
8,1200,3
8,3500,11
8,3500,12
8,400,0
8,1000,3
8,600,1
8,2501,9
8,2100,7
8,700,2
8,3100,11
8,1000,3
8,4300,15
8,799,2
8,2501,8
8,2100,7
8,1000,3
8,300,0
8,1999,7
8,1701,6
8,9900,22
8,1200,4
8,1299,4
8,300,0
8,3201,11
8,1100,4
8,1999,6
8,1601,5
8,2799,9
8,800,2
8,6001,23
8,1699,5
8,3301,11
8,2100,8
8,300,0
8,7600,15
8,2901,10
8,2400,7
8,1400,4
8,899,3
8,900,2
8,4901,18
8,4000,15
8,300,0
8,2300,8
8,2499,9
8,2901,10
8,2400,8
8,1200,3
8,1799,6
8,12300,33
8,1099,3
8,500,1
8,300,0
8,901,2
8,5000,19
8,799,2
8,1701,5
8,300,0
8,1300,3
8,1700,6
8,2799,10
8,2301,8
8,3300,11
8,1299,4
8,1201,3
8,600,1
8,3200,11
8,1200,3
8,599,1
8,500,1
8,500,1
8,5999,8
8,1401,5
8,300,0
8,1300,4
8,4299,15
8,1301,4
8,2700,9
8,899,2
8,6001,21
8,3400,12
8,2900,10
8,2699,10
8,2601,8
8,4499,18
8,9100,10
8,1100,3
8,1400,5
8,300,0
8,300,0
8,2999,11
8,3101,10
8,2100,7
8,500,1
8,300,0
8,499,1
8,900,2
8,2701,9
8,2000,6
8,300,0
8,999,3
8,2201,8
8,3700,13
8,3500,13
8,2900,10
8,8500,19
8,4800,19
8,5900,22
8,600,1
8,300,0
8,2000,6
8,600,1
8,2099,7
8,1101,3
8,1300,4
8,600,1
8,300,0
8,1400,4
8,300,0
8,5900,22
8,400,0
8,4600,15
8,5999,8
8,1901,7
8,600,1
8,600,1
8,7600,20
8,700,2
8,400,0
8,300,0
8,2201,8
8,1200,3
8,2200,8
8,1799,6
8,4600,17
8,600,1
8,11600,13
8,700,2
8,7100,26
8,11100,13
8,599,1
8,1501,5
8,1500,4
8,300,0
8,1600,6
8,300,0
8,1399,5
8,4001,14
8,2100,7
8,1200,4
8,1401,4
8,800,2
8,3800,14
8,3401,13
8,300,0
8,300,0
8,300,0
8,500,1
8,900,2
8,300,0
8,3000,11
8,7800,15
8,900,2
8,800,2
8,1300,4
8,800,2
8,6100,23
8,15200,57
8,2200,7
8,2201,7
8,600,1
8,2700,9
8,1300,4
8,300,0
8,9701,23
8,1300,4
8,3999,15
8,300,0
8,3501,12
8,700,2
8,600,1
8,800,2
8,2500,9
8,2700,9
8,300,0
8,4400,16
8,2900,10
8,2000,6
8,600,1
8,2100,7
8,6801,15
8,2400,8
8,300,0
8,4000,15
8,300,0
8,500,1
8,899,2
8,1401,4
8,300,0
8,300,0
8,1800,5
8,5200,20
8,4100,15
8,1399,4
8,3601,14
8,900,2
8,300,0
8,900,3
8,4000,15
8,4599,3
8,1300,4
8,300,0
8,3000,11
8,8400,33
8,3400,12
8,300,0
8,2900,10
8,600,1
8,300,0
8,2099,7
8,6600,25
8,1400,5
8,300,0
8,1200,3
8,1600,5
8,900,2
8,6400,11
8,3799,7
8,601,1
8,3900,15
8,1599,5
8,1300,4
8,3101,11
8,3001,10
8,2500,9
8,499,1
8,900,3
8,1301,4
8,900,2
8,1400,4
8,300,0
8,3299,13
8,2201,8
8,300,0
8,1100,3
8,800,2
8,300,0
8,400,0
8,7100,10
8,1099,3
8,1301,4
8,300,0
8,600,1
8,1300,4
8,500,1
8,500,1
8,1300,4
8,999,3
8,1901,7
8,3200,12
8,1200,4
8,399,0
8,300,0
8,300,0
8,801,2
8,2600,9
8,300,0
8,1700,5
8,4100,15
8,7000,26
8,8500,7
8,2000,7
8,2799,10
8,1801,6
8,10600,41
8,5800,22
8,600,1
8,600,1
8,600,1
8,1999,7
8,2201,8
8,1600,5
8,1100,3
8,20000,13
8,500,1
8,3200,12
8,600,1
8,3399,13
8,800,2
8,2200,7
8,4700,18
8,600,1
8,2200,8
8,1100,3
8,1899,6
8,7500,19
8,3001,6
8,2100,4
8,1299,2
8,6501,15
8,12500,18
8,4600,11
8,3700,9
8,6400,16
8,800,1
8,3900,9
8,400,0
8,2000,7
8,900,2
8,1000,3
8,1100,3
8,4401,15
8,2499,5
8,6201,15
8,20600,30
8,900,1
8,7200,25
8,1000,2
8,1199,3
8,4401,16
8,1200,3
8,2500,8
8,600,1
8,1700,5
8,300,0
8,300,0
8,800,2
8,1300,4
8,1099,3
8,3901,14
8,300,0
8,1200,3
8,500,1
8,7400,9
8,6200,22
8,4000,14
8,1501,4
8,300,0
8,1700,5
8,6900,24
8,1400,5
8,900,2
8,2101,7
8,300,0
8,1600,5
8,2300,8
8,11100,27
8,600,1
8,4699,18
8,2501,9
8,1100,3
8,3199,11
8,300,0
8,1401,4
8,600,1
8,1400,4
8,1100,3
8,700,1
8,1399,4
8,600,1
8,1801,6
8,800,2
8,600,1
8,500,1
8,7800,28
8,1400,4
8,300,0
8,1099,4
8,13901,6
8,3501,7
8,1300,2
8,1000,1
8,500,0
8,599,0
8,1801,3
8,1200,2
8,1800,4
8,1899,4
8,2901,6
8,1800,3
8,500,0
8,4500,11
8,3700,9
8,6200,22
8,1000,3
8,6900,26
8,10900,22
8,2100,4
8,1600,3
8,2100,5
8,4200,12
8,3600,8
8,5500,12
8,2100,5
8,1701,3
8,11800,29
8,7500,18
8,4600,10
8,3200,12
8,4600,9
8,2500,3
8,600,1
8,2701,6
8,300,0
8,700,1
8,2900,7
8,9499,25
8,6001,13
8,3400,7
8,4399,12
8,2001,3
8,1700,5
8,1900,1
8,10300,17
8,2200,5
8,10200,10
8,4000,10
8,5700,15
8,3400,8
8,3200,7
8,4700,11
8,499,0
8,16400,17
8,400,0
8,3200,8
8,3099,7
8,501,0
8,4900,12
8,999,1
8,1801,3
8,2000,3
8,2999,6
8,500,0
8,2201,4
8,1400,2
8,9800,2
8,500,0
8,5201,10
8,3799,9
8,600,0
8,801,1
8,3400,8
8,1500,3
8,700,1
8,1201,2
8,800,1
8,700,1
8,1200,2
8,400,0
8,1699,3
8,900,1
8,900,1
8,2300,5
8,8900,22
8,4300,11
8,1500,3
8,1500,3
8,3400,10
8,500,0
8,2100,5
8,13200,7
8,2600,7
8,1199,2
8,2401,5
8,17800,42
8,3900,10
8,11100,16
8,4100,12
8,300,0
8,400,0
8,1100,2
8,700,1
8,700,1
8,1199,3
8,1301,3
8,1400,3
8,3000,6
8,9799,4
8,4101,11
8,4600,14
8,1000,2
8,11099,35
8,600,1
8,4401,14
8,3199,9
8,601,1
8,2800,8
8,700,1
8,700,1
8,499,0
8,400,0
8,5201,13
8,1199,2
8,1000,2
8,12401,19
8,6500,15
8,8700,20
8,499,0
8,1100,1
8,16101,8
8,7700,15
8,2600,5
8,18200,30
8,2200,4
8,7000,17
8,4700,0
8,400,0
8,2500,5
8,1999,4
8,4701,11
8,2399,5
8,1201,2
8,1400,2
8,500,0
8,1100,2
8,400,0
8,2500,6
8,2200,5
8,1600,3
8,1099,2
8,4701,12
8,1600,3
8,799,1
8,600,0
8,4201,9
8,2799,6
8,3001,6
8,1200,2
8,1300,2
8,1099,3
8,12501,16
8,500,0
8,1999,4
8,1901,3
8,900,1
8,2000,4
8,1799,3
8,1301,2
8,2500,6
8,3199,8
8,400,0
8,400,0
8,2500,6
8,2500,6
8,3900,9
8,3200,8
8,400,0
8,2300,5
8,3399,9
8,1001,2
8,1000,2
8,2200,5
8,4900,9
8,500,0
8,5500,11
8,1600,3
8,6200,15
8,3000,7
8,5201,14
8,900,1
8,2099,5
8,1200,2
8,500,0
8,500,0
8,1100,2
8,2699,6
8,400,0
8,3200,7
8,2499,6
8,1201,2
8,600,0
8,5299,16
8,4600,16
8,4600,16
8,300,0
8,21600,3
8,600,1
8,3200,11
8,1100,3
8,1601,5
8,1500,5
8,2800,10
8,4001,14
8,1200,3
8,2899,8
8,1301,4
8,700,1
8,1300,4
8,3099,10
8,5801,19
8,2599,8
8,2500,8
8,24901,5
8,1100,1
8,1200,4
8,300,0
8,700,2
8,1599,4
8,1200,4
8,401,0
8,500,1
8,1700,6
8,600,1
8,300,0
8,3699,13
8,2000,6
8,700,2
8,3799,13
8,1801,6
8,400,0
8,2700,9
8,6500,23
8,1700,5
8,400,0
8,1300,4
8,12801,32
8,300,0
8,799,1
8,900,2
8,1201,3
8,2200,7
8,1200,3
8,1899,6
8,300,0
8,1101,3
8,600,1
8,1600,5
8,2500,9
8,1100,3
8,2701,9
8,1100,3
8,4099,14
8,600,1
8,2600,9
8,1400,4
8,1399,4
8,5401,5
8,3500,12
8,600,1
8,300,0
8,4199,15
8,500,1
8,2801,10
8,3300,11
8,1000,3
8,1799,5
8,1401,4
8,300,0
8,700,2
8,800,2
8,1300,4
8,300,0
8,600,1
8,4001,15
8,200,0
8,1000,3
8,2599,9
8,2101,7
8,13099,28
8,2101,7
8,1200,4
8,600,1
8,3999,15
8,7200,27
8,401,0
8,500,1
8,1100,3
8,1100,3
8,400,0
8,3199,11
8,2801,10
8,3200,10
8,18600,14
8,800,1
8,9500,27
8,400,0
8,10300,29
8,1200,3
8,900,2
8,600,1
8,300,0
8,2799,10
8,3701,13
8,4099,8
8,500,0
8,3600,9
8,4300,10
8,7300,4
8,3800,9
8,899,1
8,3201,6
8,5600,12
8,3800,8
8,900,1
8,600,0
8,3501,7
8,2300,5
8,2101,4
8,1600,3
8,800,1
8,500,0
8,1600,3
8,500,0
8,1000,1
8,500,0
8,12300,29
8,2801,6
8,900,1
8,500,0
8,900,1
8,3700,9
8,8200,8
8,3200,6
8,2800,7
8,1500,3
8,5800,14
8,2200,4
8,1600,3
8,6900,16
8,1699,5
8,2801,9
8,6400,24
8,1700,5
8,500,0
8,600,1
8,300,0
8,1000,2
8,4001,14
8,6600,7
8,2100,6
8,9799,7
8,2301,7
8,1400,4
8,3599,14
8,900,2
8,2301,8
8,800,2
8,2400,8
8,1699,5
8,1201,3
8,300,0
8,10000,36
8,2199,8
8,19201,13
8,6900,18
8,1500,2
8,7400,21
8,300,0
8,300,0
8,600,1
8,600,1
8,400,0
8,901,2
8,3200,11
8,6400,23
8,3899,14
8,500,1
8,1901,6
8,600,1
8,700,1
8,11199,27
8,2401,7
8,600,0
8,1000,1
8,1800,3
8,2101,4
8,5799,13
8,3601,7
8,800,1
8,1500,2
8,11100,25
8,600,0
8,3300,7
8,2400,4
8,2200,4
8,1000,1
8,500,0
8,1199,2
8,2701,5
8,600,0
8,1500,3
8,12000,8
8,2300,5
8,1300,2
8,2000,4
8,8800,21
8,7700,23
8,1700,5
8,9600,29
8,500,0
8,1701,3
8,800,1
8,8500,19
8,4400,9
8,1600,3
8,10000,9
8,2601,5
8,1500,3
8,1400,2
8,8300,18
8,800,2
8,1701,5
8,2700,9
8,2199,7
8,2701,9
8,300,0
8,400,0
8,300,0
8,800,2
8,3099,10
8,1601,5
8,1500,5
8,2700,9
8,699,1
8,12901,17
8,700,1
8,1099,2
8,4401,11
8,3699,8
8,801,1
8,1200,2
8,10300,29
8,700,1
8,1400,2
8,2801,6
8,1000,2
8,2299,5
8,2101,4
8,400,0
8,3600,8
8,2401,5
8,900,1
8,2200,4
8,2599,8
8,9201,17
8,900,2
8,400,0
8,4299,16
8,501,1
8,300,0
8,1700,5
8,1900,6
8,600,1
8,300,0
8,299,0
8,8000,20
8,501,0
8,1400,2
8,1700,3
8,3400,6
8,7000,18
8,3100,7
8,3499,8
8,1800,3
8,4299,10
8,1700,4
8,1400,4
8,801,2
8,4800,16
8,3101,6
8,900,1
8,4199,10
8,3601,7
8,4300,15
8,400,0
8,1200,3
8,5299,20
8,7200,28
8,1001,3
8,300,0
8,7300,8
8,1000,3
8,2900,11
8,2299,7
8,300,0
8,500,1
8,400,0
8,600,1
8,3400,12
8,3200,11
8,2500,9
8,6000,22
8,9700,36
8,1200,3
8,9800,10
8,300,0
8,300,0
8,1500,4
8,300,0
8,2100,7
8,599,1
8,2301,8
8,800,2
8,2300,8
8,600,1
8,2600,9
8,300,0
8,1000,3
8,1500,4
8,3899,14
8,2599,10
8,1401,4
8,2400,7
8,500,1
8,1599,5
8,2801,10
8,1500,4
8,300,0
8,5400,7
8,900,2
8,800,2
8,600,1
8,600,1
8,5600,21
8,6400,23
8,300,0
8,5800,21
8,2500,9
8,600,1
8,400,0
8,2099,7
8,1201,3
8,600,1
8,2700,9
8,1200,3
8,600,1
8,999,3
8,900,2
8,3000,1
8,8900,32
8,2399,8
8,1901,6
8,3300,10
8,500,0
8,4800,17
8,1100,3
8,1999,6
8,300,0
8,7500,17
8,1601,2
8,2900,10
8,1700,5
8,300,0
8,900,2
8,12601,2
8,1000,1
8,5001,16
8,4100,16
8,1700,6
8,4499,17
8,1401,4
8,3500,13
8,2001,7
8,400,0
8,4099,15
8,300,0
8,801,2
8,1000,3
8,6199,23
8,301,0
8,13999,3
8,300,0
8,3101,11
8,1400,4
8,400,0
8,1799,6
8,1101,3
8,1800,6
8,300,0
8,1100,3
8,3299,12
8,901,2
8,5499,21
8,1601,5
8,800,2
8,8100,1
8,1100,3
8,600,1
8,3499,13
8,901,2
8,600,1
8,1300,4
8,8800,15
8,600,1
8,400,0
8,799,2
8,800,2
8,3601,13
8,1700,5
8,6600,26
8,2199,7
8,400,0
8,2201,7
8,300,0
8,700,1
8,1100,3
8,3099,10
8,2101,6
8,600,1
8,3699,13
8,1401,4
8,800,2
8,10800,25
8,6100,11
8,4200,6
8,600,0
8,5799,10
8,6900,10
8,7000,13
8,900,1
8,5599,9
8,5401,8
8,16099,30
8,2601,4
8,700,2
8,8600,8
8,2299,7
8,9000,34
8,1301,3
8,1000,3
8,500,1
8,3199,11
8,2401,8
8,3100,11
8,6500,24
8,2799,10
8,900,2
8,19301,36
8,1600,6
8,499,1
8,1301,4
8,1600,5
8,2500,9
8,6500,24
8,600,1
8,300,0
8,1499,4
8,5501,20
8,400,0
8,600,1
8,899,2
8,1401,5
8,2000,6
8,400,0
8,18899,20
8,700,1
8,1901,6
8,1800,6
8,3099,11
8,2301,7
8,600,1
8,300,0
8,300,0
8,1700,6
8,800,2
8,1299,4
8,300,0
8,2501,8
8,300,0
8,400,0
8,900,3
8,600,1
8,7100,27
8,1300,4
8,1099,3
8,9701,14
8,2400,8
8,1800,6
8,4400,10
8,6000,14
8,10500,24
8,500,0
8,1399,2
8,5001,11
8,3600,8
8,1200,2
8,1500,3
8,24999,41
8,500,0
8,1001,1
8,2000,4
8,500,0
8,3700,8
8,4400,10
8,600,1
8,16499,55
8,801,1
8,2100,4
8,2700,6
8,13601,34
8,1400,4
8,4800,17
8,1200,3
8,1100,3
8,1700,5
8,299,0
8,1200,3
8,601,1
8,9000,32
8,300,0
8,800,2
8,2000,7
8,1899,6
8,3601,12
8,1500,5
8,2099,7
8,11601,21
8,5400,19
8,700,2
8,2700,9
8,4300,15
8,3900,14
8,2399,9
8,1201,3
8,4000,15
8,3100,10
8,2500,9
8,1100,3
8,1799,6
8,500,1
8,14000,24
8,1801,6
8,5200,18
8,1099,3
8,300,0
8,701,2
8,2500,9
8,1500,4
8,5000,18
8,700,1
8,600,1
8,500,1
8,600,1
8,3900,14
8,700,1
8,700,2
8,1000,3
8,800,2
8,500,1
8,7601,7
8,400,0
8,600,1
8,801,2
8,2000,6
8,2500,8
8,3200,11
8,2500,9
8,1600,5
8,2099,7
8,1100,3
8,1200,4
8,6300,23
8,4000,14
8,2300,9
8,1100,3
8,12499,27
8,400,0
8,1100,3
8,1499,4
8,6401,24
8,1699,6
8,1201,4
8,1700,5
8,2999,10
8,900,3
8,2301,8
8,2000,6
8,800,2
8,800,2
8,2401,7
8,3300,11
8,300,0
8,200,0
8,17099,36
8,6301,22
8,599,1
8,2401,8
8,3700,13
8,1399,4
8,800,2
8,301,0
8,5200,20
8,1299,4
8,1001,3
8,400,0
8,1800,6
8,2500,8
8,13100,11
8,6300,24
8,6100,7
8,300,0
8,2400,9
8,2899,10
8,3001,10
8,800,1
8,400,0
8,2499,8
8,900,2
8,2601,9
8,300,0
8,2900,11
8,1799,6
8,2200,4
8,4499,11
8,2401,5
8,10200,5
8,2300,5
8,1300,2
8,399,0
8,1701,6
8,300,0
8,1000,3
8,1000,3
8,300,0
8,2599,9
8,2801,10
8,1500,5
8,300,0
8,7700,18
8,2099,7
8,7500,28
8,300,0
8,10601,27
8,1900,7
8,3399,12
8,1200,3
8,2200,8
8,1200,3
8,900,2
8,2201,7
8,3200,11
8,1100,3
8,5300,21
8,2700,9
8,299,0
8,600,1
8,1601,5
8,500,1
8,2500,9
8,1600,4
8,1500,5
8,301,0
8,3600,2
8,11400,16
8,2500,7
8,3299,12
8,300,0
8,6500,23
8,2201,7
8,2900,10
8,300,0
8,700,2
8,3300,11
8,4500,15
8,4500,15
8,800,2
8,7800,15
8,1800,6
8,4600,16
8,3001,11
8,2000,6
8,2000,6
8,2100,7
8,5799,20
8,600,1
8,4701,17
8,600,1
8,2099,7
8,300,0
8,401,0
8,800,2
8,1500,5
8,13500,14
8,1800,5
8,1900,6
8,3700,12
8,2600,9
8,2299,7
8,800,2
8,2901,10
8,2400,9
8,1099,3
8,1601,5
8,6799,27
8,2201,7
8,2300,8
8,1300,4
8,9399,10
8,2000,6
8,1800,6
8,1799,6
8,2301,8
8,1600,5
8,300,0
8,1300,4
8,500,1
8,2199,8
8,1401,4
8,600,1
8,2200,7
8,600,1
8,1599,5
8,6701,24
8,599,1
8,400,0
8,1701,6
8,8600,19
8,5600,20
8,1300,4
8,600,1
8,1199,4
8,3301,11
8,300,0
8,2300,8
8,5400,18
8,800,2
8,900,2
8,3300,11
8,1900,6
8,300,0
8,3099,11
8,300,0
8,901,2
8,1900,6
8,800,2
8,10299,7
8,2901,10
8,600,1
8,2500,9
8,400,0
8,499,1
8,9100,35
8,300,0
8,1100,3
8,2500,8
8,4800,18
8,10700,42
8,7500,7
8,5500,21
8,300,0
8,2200,7
8,2400,8
8,3000,11
8,1400,5
8,600,1
8,1299,4
8,4301,15
8,3900,13
8,3400,12
8,1600,5
8,299,0
8,300,0
8,2101,7
8,10300,8
8,400,0
8,10199,38
8,1401,5
8,600,1
8,300,0
8,5300,18
8,1800,6
8,1299,4
8,2501,9
8,800,2
8,2400,8
8,1099,3
8,4801,17
8,3899,8
8,19400,15
8,1899,5
8,1401,4
8,300,0
8,400,0
8,300,0
8,1500,5
8,1100,3
8,600,1
8,500,1
8,2101,7
8,2000,5
8,1500,5
8,1999,7
8,1401,4
8,3100,11
8,600,1
8,300,0
8,800,2
8,1599,5
8,300,0
8,1900,6
8,600,1
8,600,1
8,300,0
8,900,2
8,1299,4
8,500,1
8,600,1
8,300,0
8,16800,24
8,800,2
8,5200,19
8,600,1
8,1900,6
8,1000,3
8,700,1
8,499,1
8,900,2
8,2501,8
8,900,2
8,2100,7
8,599,1
8,1601,5
8,1700,6
8,2300,8
8,2599,9
8,3001,11
8,500,1
8,300,0
8,600,1
8,700,2
8,10800,4
8,1200,4
8,1400,4
8,5200,19
8,2000,7
8,1200,3
8,1200,4
8,4300,15
8,300,0
8,300,0
8,500,1
8,600,1
8,1000,3
8,1699,5
8,9001,24
8,1300,4
8,1900,6
8,1399,4
8,1000,3
8,401,0
8,11200,13
8,2199,8
8,1000,3
8,8501,31
8,1400,4
8,500,1
8,1500,5
8,4600,17
8,1100,3
8,1100,3
8,1100,3
8,399,0
8,400,0
8,800,2
8,1801,5
8,1000,3
8,1200,3
8,3800,14
8,25700,21
8,1600,5
8,1199,4
8,1401,4
8,2200,7
8,600,1
8,1700,5
8,10600,30
8,600,1
8,299,0
8,500,1
8,3001,11
8,2300,8
8,1899,6
8,1401,4
8,1800,6
8,3999,15
8,11001,5
8,1200,2
8,5800,13
8,2900,8
8,299,0
8,500,1
8,400,0
8,8000,29
8,600,1
8,600,1
8,1300,4
8,1000,3
8,700,1
8,900,2
8,799,2
8,300,0
8,1001,2
8,300,0
8,1400,4
8,600,1
8,1400,5
8,1399,4
8,900,2
8,2801,9
8,3599,7
8,8801,12
8,1100,3
8,2100,7
8,900,2
8,1299,4
8,600,1
8,300,0
8,801,2
8,4800,13
8,1299,0
8,1801,5
8,2600,8
8,2699,10
8,7100,26
8,300,0
8,5601,22
8,7300,8
8,1400,4
8,2500,8
8,3700,13
8,600,1
8,600,1
8,2000,7
8,500,1
8,1199,4
8,1801,5
8,3200,11
8,4700,17
8,2500,8
8,22500,51
8,300,0
8,1100,3
8,1099,3
8,300,0
8,2001,6
8,2700,9
8,4600,16
8,1600,5
8,1800,5
8,1199,3
8,2701,9
8,1300,4
8,1400,4
8,800,2
8,699,1
8,600,1
8,2001,6
8,900,2
8,1500,5
8,300,0
8,2499,9
8,2401,9
8,11600,7
8,5400,11
8,600,1
8,3700,8
8,11700,23
8,3100,7
8,3000,6
8,600,1
8,600,1
8,599,1
8,7700,12
8,900,2
8,3901,1
8,1000,3
8,5300,7
8,2100,3
8,7600,20
8,6299,9
8,301,0
8,2100,7
8,6100,23
8,5899,21
8,300,0
8,501,1
8,300,0
8,4700,17
8,600,1
8,2401,8
8,600,1
8,300,0
8,600,1
8,1700,6
8,5300,20
8,2400,8
8,6900,14
8,1599,5
8,3501,13
8,3100,11
8,799,2
8,1801,6
8,1900,7
8,1900,6
8,4700,16
8,4599,16
8,300,0
8,1901,6
8,6100,22
8,300,0
8,3100,2
8,8700,18
8,1699,3
8,2801,9
8,500,1
8,1200,4
8,1400,4
8,299,0
8,1601,5
8,4700,18
8,899,2
8,1601,5
8,800,2
8,900,2
8,900,2
8,300,0
8,5400,19
8,400,0
8,600,1
8,5200,19
8,2799,0
8,3301,10
8,400,0
8,1000,2
8,1300,4
8,800,2
8,499,1
8,1100,3
8,2401,7
8,2700,9
8,599,1
8,900,2
8,6301,16
8,1300,2
8,1100,1
8,7300,25
8,1600,5
8,3899,13
8,2501,8
8,800,2
8,4199,3
8,1301,4
8,1600,4
8,600,1
8,4200,15
8,1900,6
8,3699,13
8,1100,3
8,2801,10
8,800,2
8,9700,35
8,1100,3
8,4401,16
8,12500,23
8,4999,19
8,1901,6
8,4700,17
8,299,0
8,600,1
8,1401,4
8,300,0
8,3100,11
8,400,0
8,5200,18
8,6700,23
8,10700,26
8,4600,17
8,1200,3
8,1800,5
8,999,3
8,700,1
8,3899,13
8,2501,8
8,2800,9
8,1199,3
8,900,2
8,4901,17
8,3300,12
8,4500,16
8,599,1
8,10801,9
8,600,1
8,1400,5
8,900,2
8,300,0
8,499,1
8,800,2
8,3401,12
8,2600,9
8,4600,17
8,800,2
8,1000,2
8,500,1
8,799,2
8,2101,7
8,900,2
8,300,0
8,300,0
8,5400,19
8,600,1
8,1900,6
8,700,1
8,500,1
8,500,1
8,1901,7
8,6899,11
8,4201,14
8,3499,12
8,1700,5
8,400,0
8,4599,16
8,400,0
8,301,0
8,1200,3
8,300,0
8,1200,3
8,800,2
8,2499,8
8,600,1
8,1901,6
8,1500,5
8,2000,7
8,999,2
8,2800,8
8,10700,18
8,2200,7
8,900,2
8,1200,3
8,1500,5
8,1101,4
8,1200,3
8,2300,8
8,4100,15
8,2600,9
8,300,0
8,1499,5
8,7700,28
8,1301,4
8,2100,7
8,600,1
8,5400,18
8,16200,1
8,18800,0
8,3000,3
8,3299,5
8,10101,20
8,2200,3
8,10399,20
8,7100,14
8,2201,4
8,6000,13
8,1200,2
8,6400,12
8,1000,1
8,900,1
8,5700,10
8,2800,4
8,2000,3
8,15200,5
8,1500,1
8,1300,1
8,2200,3
8,3299,6
8,701,0
8,1900,3
8,500,0
8,3199,7
8,800,1
8,600,1
8,1300,2
8,1500,2
8,16500,39
8,2500,6
8,3200,8
8,1700,3
8,4499,9
8,1900,5
8,500,0
8,6000,14
8,800,1
8,10100,7
8,9199,24
8,400,0
8,3001,7
8,2800,7
8,1999,4
8,4801,13
8,5800,3
8,5200,12
8,2800,6
8,3299,7
8,601,0
8,2500,5
8,2600,7
8,1399,2
8,501,0
8,2400,6
8,2300,5
8,799,1
8,900,1
8,500,0
8,5100,12
8,1900,4
8,11900,32
8,4600,10
8,3300,8
8,2400,6
8,1400,4
8,3800,9
8,4100,10
8,499,0
8,900,2
8,6101,16
8,2300,6
8,9400,16
8,2600,6
8,2900,9
8,700,0
8,2800,7
8,1400,3
8,2601,6
8,900,1
8,3000,8
8,3700,11
8,1100,2
8,600,1
8,600,0
8,2899,9
8,4801,12
8,800,2
8,400,0
8,1399,3
8,800,1
8,4601,13
8,300,0
8,2399,0
8,11501,12
8,1200,2
8,300,0
8,1499,3
8,5501,13
8,8499,19
8,2601,5
8,2400,3
8,2299,5
8,2301,6
8,2100,6
8,1999,5
8,2401,5
8,4100,12
8,1399,3
8,400,0
8,6500,17
8,400,0
8,11401,6
8,1000,2
8,1899,5
8,6301,20
8,7000,22
8,5800,18
8,2799,7
8,600,0
8,1001,2
8,300,0
8,1400,3
8,2900,8
8,1199,2
8,400,0
8,1401,3
8,300,0
8,700,1
8,4899,14
8,2301,6
8,12299,20
8,1401,4
8,300,0
8,400,0
8,5201,15
8,2099,5
8,400,0
8,1100,2
8,6199,19
8,5001,15
8,1399,3
8,300,0
8,2801,9
8,3100,9
8,999,2
8,400,0
8,901,2
8,4700,15
8,5400,4
8,900,2
8,1000,2
8,1599,4
8,8300,25
8,1500,3
8,1000,2
8,400,0
8,2100,5
8,6000,20
8,1100,3
8,400,0
8,3300,11
8,600,1
8,2800,9
8,4400,14
8,2200,7
8,12000,21
8,2600,8
8,400,0
8,2199,7
8,700,1
8,2601,8
8,600,1
8,1900,5
8,3900,12
8,3200,10
8,3700,12
8,2100,6
8,800,2
8,2599,7
8,1901,5
8,300,0
8,1800,4
8,24600,40
8,2200,6
8,11399,28
8,2201,5
8,3400,10
8,300,0
8,2001,6
8,5499,18
8,5401,16
8,1200,3
8,699,1
8,12701,26
8,400,0
8,1999,5
8,500,0
8,5301,19
8,1299,4
8,4101,13
8,7500,28
8,3399,12
8,5401,19
8,3900,14
8,1700,5
8,900,2
8,5100,8
8,600,1
8,3500,11
8,3500,12
8,4199,7
8,400,0
8,1001,2
8,900,2
8,1100,2
8,600,1
8,1900,6
8,5000,17
8,1600,5
8,2399,6
8,1001,1
8,1400,2
8,1500,2
8,1700,3
8,9200,30
8,401,0
8,1100,2
8,4799,4
8,3701,13
8,5000,18
8,500,1
8,600,1
8,800,1
8,4099,8
8,701,0
8,13400,27
8,3000,6
8,2100,4
8,1100,1
8,10100,23
8,600,0
8,4400,9
8,500,0
8,12200,8
8,2500,5
8,1800,4
8,6800,14
8,1000,1
8,7001,14
8,799,1
8,600,1
8,400,0
8,1401,4
8,3400,10
8,5200,15
8,800,1
8,3899,12
8,1101,2
8,6800,23
8,1300,4
8,700,1
8,15700,3
8,1700,5
8,1999,6
8,7100,24
8,1701,5
8,1800,5
8,500,0
8,1800,5
8,300,0
8,500,1
8,1101,3
8,3400,12
8,1300,4
8,4200,13
8,300,0
8,900,2
8,1700,5
8,3500,12
8,800,2
8,3000,9
8,22600,13
8,799,2
8,1801,5
8,1200,3
8,4000,12
8,300,0
8,500,0
8,5600,18
8,5400,18
8,5399,20
8,1501,4
8,7600,22
8,400,0
8,1400,4
8,600,1
8,6900,12
8,1500,5
8,6400,23
8,2000,6
8,1399,4
8,701,1
8,300,0
8,1500,4
8,2600,8
8,700,2
8,2100,6
8,800,2
8,500,0
8,300,0
8,1500,4
8,700,1
8,2199,6
8,1301,3
8,2600,8
8,5000,16
8,6800,11
8,2800,8
8,1100,3
8,1200,3
8,1399,4
8,2901,6
8,3699,8
8,800,1
8,4000,9
8,6400,14
8,3799,8
8,2601,6
8,1800,6
8,5200,17
8,2700,9
8,1299,4
8,900,2
8,301,0
8,1100,2
8,400,0
8,800,2
8,3599,12
8,2101,7
8,900,2
8,300,0
8,5200,18
8,7000,24
8,3100,6
8,9000,21
8,5400,11
8,1600,2
8,11600,22
8,600,1
8,1800,5
8,3100,10
8,900,2
8,700,1
8,400,0
8,2200,7
8,5300,19
8,400,0
8,1300,4
8,2499,9
8,1101,3
8,700,2
8,300,0
8,1000,2
8,700,1
8,1000,2
8,1999,5
8,4001,14
8,600,1
8,300,0
8,2499,7
8,1801,6
8,4699,9
8,1301,4
8,2600,5
8,2100,3
8,4100,10
8,800,2
8,1600,1
8,1899,6
8,1300,4
8,1900,2
8,3299,8
8,5601,8
8,300,0
8,599,1
8,500,1
8,2601,5
8,2700,5
8,699,2
8,4999,6
8,1000,1
8,2100,1
8,1300,2
8,3300,6
8,7600,20
8,300,0
8,9300,6
8,600,1
8,300,0
8,1699,3
8,4201,8
8,2399,4
8,500,0
8,6700,24
8,300,0
8,2901,9
8,1000,2
8,400,0
8,6700,24
8,5100,18
8,3800,13
8,1499,4
8,9501,9
8,900,2
8,1200,4
8,2700,8
8,5800,21
8,3399,12
8,801,2
8,800,2
8,1100,3
8,1200,3
8,1200,3
8,999,3
8,4401,15
8,5600,19
8,1200,3
8,600,1
8,1200,3
8,10900,17
8,9200,33
8,1400,4
8,800,2
8,800,1
8,2100,7
8,300,0
8,300,0
8,1500,5
8,1400,4
8,700,1
8,500,1
8,1600,5
8,4100,13
8,5100,18
8,1099,3
8,3601,11
8,17100,11
8,4200,9
8,2500,9
8,1199,3
8,1701,5
8,2700,9
8,500,1
8,2899,10
8,1301,3
8,1700,5
8,700,1
8,900,2
8,600,1
8,6300,23
8,3699,12
8,1401,4
8,300,0
8,3600,12
8,599,1
8,10201,6
8,600,1
8,300,0
8,3599,13
8,800,2
8,300,0
8,7400,27
8,401,0
8,900,2
8,600,1
8,900,2
8,900,2
8,2499,9
8,1001,3
8,300,0
8,2400,7
8,2699,9
8,2301,7
8,400,0
8,1100,3
8,3599,12
8,700,2
8,401,0
8,900,2
8,14800,5
8,5999,21
8,10101,37
8,4700,17
8,4000,15
8,600,1
8,1899,6
8,901,2
8,600,1
8,1000,3
8,4199,15
8,2001,6
8,600,1
8,13700,36
8,500,1
8,8800,33
8,1000,1
8,4200,9
8,500,0
8,400,0
8,400,0
8,5200,15
8,1300,3
8,5399,11
8,5301,8
8,11400,18
8,6900,21
8,2200,5
8,1700,4
8,1799,4
8,901,2
8,400,0
8,2100,6
8,1600,4
8,13300,33
8,1600,4
8,1799,5
8,400,0
8,5599,16
8,2601,5
8,1000,1
8,1700,3
8,7300,14
8,400,0
8,300,0
8,1199,3
8,500,1
8,2301,7
8,1800,6
8,3499,13
8,10401,25
8,22700,7
8,4600,5
8,8900,17
8,1600,1
8,700,0
8,2401,3
8,2000,2
8,600,0
8,2099,2
8,16201,22
8,2600,5
8,5000,10
8,500,0
8,10400,18
8,7900,14
8,9299,21
8,701,1
8,1900,3
8,1700,3
8,2299,4
8,500,0
8,3101,7
8,14900,28
8,2700,3
8,12301,13
8,1100,1
8,1799,2
8,4101,7
8,12500,22
8,1900,2
8,700,0
8,2499,4
8,3301,5
8,3899,5
8,501,0
8,2000,3
8,3899,7
8,600,0
8,3000,6
8,2999,5
8,3301,5
8,26799,49
8,13001,21
8,8900,18
8,1901,3
8,1900,4
8,1900,4
8,2799,4
8,2100,3
8,2600,4
8,4100,6
8,3700,9
8,2200,5
8,3401,5
8,9999,18
8,700,0
8,1701,2
8,8100,10
8,14200,38
8,2800,4
8,1300,2
8,600,0
8,1201,2
8,5299,10
8,5601,9
8,7600,21
8,400,0
8,500,0
8,11900,23
8,1300,4
8,1100,2
8,699,1
8,1400,3
8,1800,4
8,5200,10
8,3899,7
8,801,0
8,13499,27
8,3801,8
8,6000,12
8,1400,2
8,600,0
8,4400,10
8,2300,4
8,9400,20
8,15200,24
8,2501,5
8,1900,3
8,2899,6
8,1101,1
8,7099,14
8,2000,3
8,500,0
8,700,0
8,3299,6
8,601,0
8,2800,4
8,2699,4
8,9501,18
8,10800,24
8,2899,5
8,4501,10
8,11400,15
8,6100,15
8,2400,6
8,1400,3
8,6000,15
8,400,0
8,6700,16
8,4499,9
8,3100,7
8,500,0
8,1899,3
8,600,0
8,1901,4
8,400,0
8,3699,8
8,1701,3
8,8600,18
8,700,0
8,600,0
8,25899,10
8,4001,8
8,1400,2
8,699,1
8,1501,3
8,2700,4
8,400,0
8,900,1
8,1099,1
8,1601,3
8,4500,8
8,6300,12
8,2799,5
8,1601,2
8,2600,5
8,1200,1
8,2001,3
8,5300,10
8,1601,3
8,3800,7
8,900,1
8,3700,7
8,700,0
8,1200,1
8,1200,1
8,5300,9
8,8500,6
8,2699,4
8,2301,3
8,2400,3
8,1000,1
8,4501,8
8,1800,3
8,999,1
8,4001,10
8,1500,3
8,2699,7
8,2201,6
8,400,0
8,3300,10
8,2300,6
8,2000,6
8,1300,3
8,3599,9
8,6799,14
8,6500,12
8,2201,3
8,9700,2
8,5600,10
8,3200,5
8,8000,18
8,500,0
8,600,0
8,2401,4
8,1400,2
8,700,0
8,9299,19
8,4501,9
8,5100,8
8,1700,3
8,2999,5
8,1701,2
8,2100,3
8,4200,7
8,2600,4
8,3099,5
8,2301,3
8,3200,6
8,15699,13
8,5601,11
8,600,0
8,7200,15
8,1799,3
8,5201,7
8,6200,7
8,1799,3
8,1701,2
8,2600,5
8,2399,4
8,700,0
8,5401,10
8,7300,16
8,500,0
8,499,0
8,10401,22
8,27599,3
8,3301,6
8,1800,3
8,2500,5
8,4500,9
8,599,0
8,900,1
8,2201,4
8,2000,3
8,3099,6
8,1300,1
8,6300,12
8,500,0
8,6700,14
8,8800,17
8,1100,1
8,2399,6
8,3201,10
8,300,0
8,2900,8
8,2700,9
8,27900,35
8,5700,17
8,900,1
8,2599,5
8,2900,5
8,1800,3
8,1499,2
8,6101,13
8,2100,3
8,2400,4
8,2799,5
8,8100,15
8,1601,2
8,3500,7
8,600,0
8,1801,4
8,9000,2
8,2300,6
8,1200,3
8,300,0
8,3401,9
8,1300,1
8,2200,4
8,1901,4
8,1800,3
8,4499,9
8,3301,5
8,1400,2
8,5900,13
8,2400,6
8,600,1
8,299,0
8,300,0
8,200,0
8,2501,6
8,1400,3
8,5800,11
8,2000,3
8,1499,3
8,21701,41
8,2099,3
8,2400,4
8,600,0
8,900,1
8,500,0
8,5800,12
8,1700,4
8,799,1
8,1201,1
8,1000,1
8,6800,13
8,1000,1
8,7500,24
8,2000,5
8,400,0
8,300,0
8,499,1
8,26201,33
8,9600,17
8,1100,1
8,1199,2
8,2201,4
8,1800,3
8,2200,3
8,2200,3
8,1500,1
8,4599,8
8,4401,7
8,800,0
8,599,0
8,3301,5
8,3700,5
8,8600,15
8,3101,5
8,300,0
8,400,0
8,2799,6
8,2601,5
8,16400,29
8,1200,2
8,2500,6
8,900,1
8,1899,5
8,3701,8
8,6200,11
8,1800,2
8,700,0
8,9199,17
8,1401,1
8,500,0
8,500,0
8,1200,2
8,2399,5
8,8300,21
8,2501,5
8,4499,12
8,9901,10
8,300,0
8,3100,8
8,1499,3
8,9001,27
8,1400,3
8,2000,2
8,1499,3
8,3201,8
8,2700,7
8,3800,11
8,13999,32
8,3201,7
8,1600,4
8,1299,3
8,400,0
8,801,0
8,15000,17
8,1700,3
8,3599,11
8,1200,3
8,1401,3
8,1200,3
8,2800,8
8,9499,13
8,700,0
8,9400,15
8,1300,2
8,3800,9
8,500,0
8,500,0
8,3999,8
8,3001,6
8,4199,9
8,501,0
8,700,1
8,8200,10
8,1100,2
8,999,2
8,2601,6
8,900,1
8,6700,17
8,5299,15
8,3001,6
8,2999,5
8,600,0
8,701,0
8,3300,6
8,1400,2
8,3000,5
8,1100,1
8,500,0
8,8400,21
8,10299,20
8,3601,7
8,16300,7
8,3400,6
8,1700,3
8,2500,4
8,5301,10
8,2299,3
8,8600,17
8,4700,8
8,4800,10
8,1000,1
8,1500,2
8,4700,9
8,6100,12
8,6000,12
8,3300,6
8,3700,7
8,12300,15
8,1399,2
8,5001,11
8,1899,3
8,2201,4
8,4299,9
8,4101,8
8,2200,4
8,1299,2
8,501,0
8,600,0
8,1700,3
8,3099,8
8,5501,17
8,3600,11
8,3899,7
8,1101,1
8,4599,8
8,3401,7
8,18899,33
8,6101,10
8,1699,0
8,7600,12
8,601,0
8,3400,4
8,2999,5
8,5099,8
8,801,1
8,1600,2
8,2900,2
8,1099,1
8,6201,9
8,9199,14
8,5601,8
8,6900,12
8,19100,33
8,2100,4
8,5100,11
8,700,0
8,900,1
8,2999,7
8,2401,4
8,600,0
8,13900,21
8,1400,2
8,1100,1
8,3600,6
8,4300,8
8,5700,12
8,3700,7
8,1300,2
8,7600,5
8,3999,8
8,13201,30
8,600,0
8,5200,10
8,4700,9
8,4999,13
8,1601,3
8,900,1
8,4500,11
8,5801,16
8,5600,16
8,1300,3
8,11199,9
8,3200,7
8,2099,4
8,2501,5
8,900,1
8,6400,16
8,6400,13
8,3100,6
8,2499,4
8,1400,3
8,2100,6
8,8300,12
8,1500,4
8,699,1
8,700,1
8,2701,9
8,700,2
8,400,0
8,1100,2
8,1199,3
8,2201,6
8,13499,21
8,400,0
8,300,0
8,4600,14
8,3700,12
8,1700,5
8,1300,4
8,400,0
8,1199,3
8,3901,11
8,300,0
8,900,2
8,800,2
8,2399,6
8,5000,16
8,2099,6
8,601,1
8,1700,5
8,400,0
8,26299,23
8,9001,20
8,4500,9
8,3100,7
8,600,0
8,2700,4
8,400,0
8,1699,5
8,3201,10
8,3099,10
8,2601,8
8,500,1
8,8101,23
8,1000,1
8,600,0
8,500,0
8,14900,16
8,10399,24
8,1400,4
8,1200,3
8,1800,5
8,2100,7
8,1499,4
8,3101,9
8,300,0
8,900,2
8,3299,11
8,2701,7
8,2700,5
8,799,1
8,4201,10
8,4700,9
8,1800,3
8,1000,1
8,2599,5
8,13301,15
8,1499,2
8,4701,11
8,23500,61
8,6900,21
8,1099,1
8,600,0
8,3701,8
8,1100,1
8,1399,2
8,14201,16
8,599,1
8,7300,20
8,2901,7
8,900,1
8,4099,8
8,8401,22
8,2400,5
8,1000,1
8,7700,17
8,5900,12
8,400,0
8,1700,4
8,800,2
8,1601,2
8,3000,5
8,3500,7
8,1301,1
8,19800,20
8,3800,11
8,6800,15
8,2100,4
8,3699,7
8,1700,3
8,2800,5
8,1299,3
8,3901,9
8,2899,6
8,2401,5
8,1000,1
8,900,1
8,5800,12
8,600,0
8,3299,6
8,900,1
8,4800,11
8,1399,2
8,18901,13
8,8600,15
8,4400,7
8,2900,5
8,6000,14
8,1700,3
8,13200,28
8,1500,2
8,9299,18
8,1001,1
8,1200,2
8,500,0
8,1300,3
8,1300,3
8,999,1
8,29900,39
8,5601,10
8,5200,10
8,5500,15
8,1800,5
8,800,1
8,1400,3
8,2900,8
8,1100,3
8,2200,5
8,300,0
8,2799,7
8,1301,3
8,300,0
8,3100,8
8,1000,2
8,1700,4
8,15001,18
8,1500,5
8,1100,3
8,2700,8
8,400,0
8,1399,3
8,3001,9
8,1600,4
8,600,1
8,1100,2
8,1999,3
8,2301,3
8,500,0
8,2400,5
8,699,0
8,3201,6
8,600,0
8,2599,4
8,4501,8
8,1100,1
8,5200,11
8,1300,2
8,1599,2
8,1901,3
8,2300,4
8,500,0
8,8300,4
8,900,2
8,7600,16
8,600,0
8,3001,6
8,400,0
8,1200,1
8,3000,6
8,1000,1
8,1000,1
8,3799,8
8,4201,8
8,8200,20
8,3300,6
8,2600,4
8,3199,7
8,14400,33
8,500,0
8,14500,8
8,4201,9
8,600,0
8,5700,13
8,2800,5
8,3100,6
8,5100,12
8,4400,9
8,2200,4
8,1999,4
8,2401,5
8,2300,5
8,3300,6
8,2000,4
8,1400,2
8,13400,30
8,10400,11
8,1199,1
8,1701,3
8,1300,2
8,6000,13
8,3500,8
8,400,0
8,4601,10
8,3599,7
8,2201,4
8,4699,10
8,1701,3
8,5299,11
8,400,0
8,8801,20
8,2400,4
8,12900,19
8,1000,1
8,600,0
8,500,0
8,7600,18
8,5300,12
8,2400,5
8,800,1
8,6800,15
8,10500,26
8,1300,2
8,3899,9
8,1901,3
8,800,1
8,1000,1
8,6200,13
8,600,0
8,500,0
8,10799,13
8,6401,15
8,7300,8
8,2900,6
8,600,0
8,5800,12
8,5000,11
8,5900,13
8,1400,2
8,1800,3
8,600,0
8,4300,9
8,4399,10
8,1701,3
8,1500,2
8,19099,25
8,901,1
8,900,1
8,2900,5
8,899,1
8,3201,6
8,2100,4
8,12200,28
8,1500,3
8,14000,34
8,900,1
8,10799,27
8,600,0
8,75100,9
8,21501,39
8,1699,3
8,1300,2
8,900,1
8,9300,22
8,5000,11
8,1800,3
8,2399,4
8,8300,20
8,6300,14
8,1901,3
8,1200,2
8,19799,13
8,3101,6
8,2000,4
8,1999,4
8,2001,3
8,3400,7
8,3000,6
8,500,0
8,1300,2
8,8200,20
8,1400,2
8,500,0
8,2801,5
8,2000,3
8,1499,2
8,2400,4
8,5500,12
8,3200,6
8,500,0
8,11401,28
8,9100,11
8,2299,4
8,8501,19
8,500,0
8,5899,13
8,2401,4
8,2800,6
8,4900,10
8,4499,10
8,6199,14
8,2701,5
8,1400,2
8,2300,4
8,5201,12
8,1999,4
8,15300,27
8,6201,15
8,8899,20
8,1401,2
8,4700,11
8,800,1
8,7200,16
8,5701,12
8,4300,9
8,900,1
8,1899,3
8,6801,13
8,1200,1
8,8401,6
8,4100,8
8,2199,3
8,1501,2
8,2700,5
8,7200,15
8,9399,19
8,5101,10
8,1500,2
8,1200,2
8,4001,8
8,3199,6
8,15701,33
8,14799,15
8,2800,5
8,500,0
8,600,0
8,3200,7
8,7900,18
8,8500,18
8,1300,2
8,9799,23
8,500,0
8,801,1
8,500,0
8,1300,2
8,2100,3
8,2299,4
8,8901,20
8,18700,18
8,999,1
8,1400,2
8,1400,2
8,1300,2
8,3799,8
8,1901,3
8,700,0
8,2700,5
8,3900,7
8,500,0
8,500,0
8,1000,1
8,3000,6
8,900,1
8,2600,5
8,2799,5
8,3701,7
8,21500,8
8,1800,3
8,2099,4
8,1401,3
8,2900,6
8,1600,2
8,28101,35
8,600,0
8,2799,5
8,400,0
8,17200,41
8,2799,5
8,4501,6
8,7200,15
8,500,0
8,4500,10
8,1500,2
8,10000,23
8,1299,2
8,1801,3
8,12601,3
8,5500,12
8,1500,3
8,500,0
8,6000,14
8,4900,10
8,1100,2
8,8600,21
8,300,0
8,3199,11
8,501,0
8,1700,5
8,500,0
8,2100,6
8,3500,8
8,1000,1
8,4899,11
8,5501,9
8,21500,12
8,2899,9
8,1400,4
8,11100,36
8,1799,5
8,2401,6
8,600,1
8,2900,9
8,1699,5
8,8401,30
8,3200,10
8,1000,2
8,500,1
8,599,1
8,5001,1
8,1799,5
8,1801,5
8,400,0
8,2300,7
8,3999,11
8,1101,3
8,2200,7
8,10399,23
8,3801,9
8,500,0
8,2300,5
8,800,1
8,500,0
8,1000,1
8,3900,8
8,2800,5
8,4300,9
8,4400,10
8,2100,5
8,10299,24
8,1300,3
8,3200,10
8,4300,15
8,1100,3
8,1900,5
8,2799,9
8,900,2
8,301,0
8,2800,9
8,1000,2
8,5400,7
8,3200,10
8,4100,10
8,22800,45
8,1100,2
8,2699,8
8,4901,16
8,8200,29
8,500,1
8,3000,9
8,1500,4
8,900,2
8,4599,15
8,2701,9
8,11399,26
8,2801,5
8,3699,9
8,2401,4
8,500,1
8,10700,26
8,700,1
8,2100,3
8,10200,27
8,3299,8
8,7800,22
8,12801,20
8,600,0
8,4900,10
8,2900,5
8,3101,6
8,32000,38
8,1300,2
8,300,0
8,600,1
8,3200,6
8,800,0
8,1400,1
8,1900,2
8,10499,19
8,2301,3
8,2900,5
8,999,1
8,1701,3
8,1300,2
8,1500,3
8,11700,19
8,1400,2
8,1600,3
8,900,1
8,3600,9
8,1400,3
8,1600,3
8,2199,4
8,500,0
8,500,0
8,501,0
8,1400,3
8,800,1
8,4199,11
8,3901,9
8,3499,8
8,8501,23
8,800,1
8,5299,13
8,7500,4
8,1001,1
8,1400,2
8,8800,19
8,900,1
8,3500,7
8,3100,7
8,3800,8
8,7199,15
8,1100,2
8,3400,6
8,3700,7
8,2700,5
8,3400,6
8,4200,7
8,1499,2
8,2501,7
8,1400,3
8,1600,3
8,1799,5
8,6001,4
8,1300,3
8,4901,15
8,11200,34
8,2501,6
8,3400,10
8,500,0
8,6000,17
8,8800,26
8,1099,2
8,1301,3
8,4400,12
8,10900,18
8,2500,7
8,600,0
8,1899,6
8,600,0
8,4701,14
8,3299,11
8,801,1
8,1400,3
8,4399,13
8,4901,15
8,400,0
8,2399,6
8,3701,12
8,1000,2
8,1799,5
8,2401,6
8,700,1
8,699,1
8,3501,10
8,300,0
8,2300,6
8,3700,9
8,1000,2
8,1800,5
8,1600,4
8,4000,11
8,700,1
8,300,0
8,3099,10
8,5001,8
8,2999,8
8,2401,7
8,600,1
8,300,0
8,1500,4
8,1399,4
8,900,1
8,601,0
8,2500,7
8,1400,3
8,13600,9
8,2899,9
8,4299,8
8,700,1
8,4400,12
8,1599,4
8,7500,26
8,3101,9
8,4199,14
8,6201,17
8,4500,14
8,600,1
8,2600,8
8,8200,6
8,2401,7
8,300,0
8,1100,2
8,1800,4
8,1200,3
8,799,1
8,300,0
8,901,2
8,700,1
8,500,1
8,10200,33
8,700,1
8,799,2
8,500,0
8,6201,20
8,699,1
8,2701,8
8,2500,7
8,2199,7
8,400,0
8,6700,12
8,4701,15
8,9400,31
8,8100,14
8,1599,3
8,2100,4
8,500,0
8,3799,12
8,2501,8
8,1700,5
8,1100,4
8,700,1
8,899,2
8,2001,5
8,2000,6
8,300,0
8,2099,6
8,300,0
8,5501,6
8,900,2
8,1300,3
8,1900,5
8,1799,6
8,4501,14
8,6500,21
8,5300,17
8,700,1
8,2700,8
8,1400,4
8,4300,15
8,5600,18
8,1800,6
8,300,0
8,3899,1
8,2201,7
8,7900,28
8,5800,19
8,1200,3
8,800,1
8,1700,5
8,1699,5
8,4201,15
8,1300,3
8,2599,8
8,801,2
8,700,1
8,3700,12
8,500,1
8,799,2
8,400,0
8,17401,43
8,9600,34
8,300,0
8,1500,4
8,700,1
8,300,0
8,1601,4
8,1000,2
8,1300,4
8,800,2
8,1499,5
8,1300,3
8,3000,11
8,5100,17
8,5599,10
8,1401,3
8,3400,11
8,6800,23
8,2400,7
8,599,1
8,6001,19
8,1300,3
8,2099,7
8,300,0
8,9000,31
8,800,1
8,2100,7
8,1999,7
8,3801,0
8,1200,3
8,1099,3
8,1000,3
8,501,1
8,1700,5
8,1200,2
8,4100,13
8,600,1
8,1300,4
8,400,0
8,1100,3
8,1800,5
8,599,1
8,300,0
8,6900,25
8,2701,8
8,700,1
8,2300,7
8,4500,6
8,900,0
8,700,0
8,6200,19
8,400,0
8,6400,4
8,800,2
8,700,1
8,2199,8
8,2901,9
8,1300,4
8,2000,6
8,399,0
8,1300,4
8,1101,3
8,500,0
8,400,0
8,11099,31
8,900,2
8,2801,10
8,1200,4
8,400,0
8,3900,14
8,2000,6
8,1000,2
8,1199,4
8,9200,11
8,700,1
8,3399,11
8,5001,17
8,1899,6
8,2801,9
8,900,3
8,4600,16
8,4000,13
8,600,1
8,4900,17
8,1300,4
8,10599,22
8,15300,56
8,2400,8
8,1200,2
8,900,2
8,300,0
8,3700,13
8,1500,4
8,400,0
8,1500,5
8,1699,6
8,1201,3
8,1600,4
8,300,0
8,1400,4
8,400,0
8,7600,14
8,1399,3
8,300,0
8,1701,5
8,1100,3
8,300,0
8,500,1
8,4600,16
8,2500,9
8,3499,10
8,1001,3
8,300,0
8,500,1
8,3400,12
8,2099,7
8,901,2
8,4900,17
8,2300,6
8,600,1
8,4200,14
8,8199,15
8,4301,14
8,2600,8
8,800,2
8,1400,4
8,6800,25
8,300,0
8,6100,22
8,1300,3
8,599,1
8,2101,6
8,2000,6
8,900,2
8,5000,18
8,5899,4
8,801,2
8,400,0
8,1400,4
8,6500,23
8,11500,29
8,1000,3
8,1101,3
8,700,2
8,900,2
8,600,1
8,500,1
8,2999,10
8,7900,27
8,1601,5
8,1700,5
8,300,0
8,4500,0
8,1500,4
8,2600,8
8,5400,20
8,13300,51
8,3000,11
8,2699,9
8,401,0
8,4700,16
8,3300,12
8,5899,8
8,500,1
8,501,1
8,1700,6
8,600,1
8,1000,3
8,3399,11
8,1600,5
8,2000,7
8,1300,4
8,1899,6
8,301,0
8,1800,5
8,599,1
8,600,1
8,3801,14
8,300,0
8,2399,7
8,1100,3
8,4201,15
8,500,1
8,400,0
8,300,0
8,599,1
8,6301,8
8,500,1
8,2400,8
8,5199,19
8,4501,15
8,4700,17
8,600,1
8,1700,5
8,4299,16
8,10301,39
8,400,0
8,600,1
8,1800,6
8,6800,10
8,300,0
8,1399,4
8,1401,4
8,600,1
8,2500,8
8,2699,9
8,300,0
8,3801,13
8,6700,25
8,14000,52
8,8400,17
8,3399,12
8,1401,3
8,1200,4
8,3400,13
8,1799,5
8,400,0
8,4001,15
8,700,1
8,2699,9
8,600,1
8,700,1
8,800,2
8,1500,5
8,1000,3
8,2199,1
8,900,2
8,800,2
8,500,1
8,2300,8
8,1000,3
8,8200,16
8,1700,5
8,1000,3
8,5300,15
8,1000,3
8,600,1
8,400,0
8,2600,9
8,4900,11
8,1200,3
8,7300,19
8,300,0
8,2699,9
8,500,0
8,3701,14
8,3899,13
8,31701,15
8,4400,15
8,1599,5
8,1701,5
8,2300,8
8,5200,19
8,1900,6
8,500,1
8,2300,8
8,900,2
8,4001,14
8,1500,3
8,2499,8
8,2400,9
8,2400,9
8,1499,5
8,1301,3
8,12600,27
8,1900,6
8,1200,3
8,2200,7
8,500,1
8,900,2
8,1799,6
8,601,1
8,2600,8
8,1900,6
8,2900,10
8,400,0
8,300,0
8,900,2
8,1200,4
8,5300,20
8,600,1
8,1800,6
8,11800,15
8,4500,10
8,1899,4
8,701,1
8,2900,7
8,400,0
8,2099,5
8,2301,5
8,1000,2
8,1400,3
8,1499,3
8,400,0
8,2501,6
8,2400,5
8,6500,17
8,700,1
8,1299,3
8,1300,2
8,800,1
8,400,0
8,5199,13
8,1601,2
8,1000,3
8,1700,6
8,1200,3
8,12000,7
8,2800,7
8,699,1
8,900,1
8,2100,6
8,1000,1
8,1400,2
8,21100,13
8,8300,31
8,1100,2
8,500,1
8,5601,21
8,1299,4
8,1801,6
8,1200,3
8,1600,5
8,300,0
8,1100,3
8,799,2
8,4601,3
8,1500,5
8,2900,10
8,1799,6
8,5000,17
8,300,0
8,299,0
8,1100,3
8,601,1
8,400,0
8,300,0
8,5899,21
8,1901,6
8,900,2
8,1000,3
8,2399,8
8,300,0
8,400,0
8,2401,8
8,1800,6
8,4300,16
8,1300,3
8,3500,8
8,400,0
8,3500,9
8,2800,6
8,300,0
8,5399,12
8,6501,17
8,300,0
8,1100,2
8,301,0
8,800,2
8,800,2
8,2699,6
8,2901,7
8,3900,10
8,399,0
8,4801,10
8,6700,17
8,6200,10
8,6100,22
8,3000,11
8,800,2
8,3099,10
8,501,1
8,1200,4
8,1200,3
8,300,0
8,2599,9
8,2601,8
8,300,0
8,500,1
8,2100,6
8,300,0
8,1100,3
8,300,0
8,2000,6
8,3500,9
8,5699,9
8,500,0
8,400,0
8,501,1
8,900,2
8,300,0
8,599,1
8,1801,6
8,900,2
8,300,0
8,1500,4
8,1200,3
8,1100,3
8,299,0
8,7201,27
8,1901,6
8,1500,5
8,900,2
8,3499,13
8,2701,9
8,3200,12
8,3700,13
8,1300,4
8,800,2
8,4200,1
8,600,1
8,2000,6
8,1600,5
8,600,1
8,1599,5
8,1201,3
8,3200,11
8,1100,3
8,3900,15
8,900,2
8,2200,8
8,6200,22
8,800,2
8,3500,13
8,2100,6
8,1000,3
8,1500,4
8,6500,9
8,400,0
8,300,0
8,599,1
8,800,1
8,1001,3
8,1801,5
8,3200,11
8,1699,6
8,4501,16
8,600,1
8,700,1
8,4100,15
8,1300,4
8,500,1
8,4099,13
8,801,2
8,1100,3
8,1400,4
8,2500,9
8,1099,3
8,2301,8
8,800,2
8,6100,8
8,8200,31
8,5800,22
8,800,2
8,2400,7
8,2099,7
8,4101,15
8,16800,50
8,1599,5
8,3001,11
8,1300,4
8,2200,8
8,1699,3
8,8101,21
8,900,2
8,2600,8
8,700,1
8,800,2
8,299,0
8,1301,4
8,900,1
8,4700,15
8,300,0
8,3601,13
8,2500,8
8,500,1
8,6400,9
8,1399,4
8,300,0
8,800,2
8,2001,6
8,3300,12
8,300,0
8,4601,16
8,1900,6
8,4599,18
8,5301,19
8,2299,8
8,15000,37
8,1301,4
8,1200,4
8,1000,2
8,2999,10
8,1401,1
8,3700,13
8,2099,4
8,600,1
8,2301,8
8,3700,14
8,2500,8
8,2300,8
8,2100,7
8,300,0
8,1399,4
8,701,2
8,400,0
8,300,0
8,800,2
8,2000,6
8,3600,13
8,3000,9
8,5000,18
8,500,1
8,2501,8
8,2000,7
8,1700,5
8,1199,3
8,2401,8
8,1200,3
8,900,2
8,3099,11
8,601,1
8,600,1
8,600,1
8,900,2
8,2800,10
8,399,0
8,6801,24
8,9199,19
8,6500,25
8,3801,12
8,2000,4
8,999,1
8,4801,11
8,1500,2
8,2500,6
8,3499,12
8,501,1
8,300,0
8,6499,23
8,2801,11
8,7100,10
8,1500,5
8,800,2
8,300,0
8,299,0
8,2801,10
8,900,2
8,300,0
8,3399,12
8,1601,5
8,300,0
8,400,0
8,1100,3
8,3100,11
8,1099,3
8,4001,15
8,1000,1
8,5900,15
8,500,0
8,1300,2
8,3400,7
8,11200,24
8,1099,3
8,2601,9
8,1400,4
8,1800,6
8,1099,3
8,300,0
8,1601,6
8,1400,4
8,1600,5
8,600,1
8,1599,5
8,1801,6
8,3500,13
8,400,0
8,300,0
8,1999,7
8,601,1
8,1200,3
8,4999,18
8,8200,16
8,1201,4
8,600,1
8,800,2
8,1100,3
8,601,1
8,900,3
8,4699,17
8,3701,13
8,1900,6
8,3700,5
8,5399,19
8,4101,15
8,2600,9
8,999,3
8,1901,6
8,6900,10
8,300,0
8,1400,4
8,300,0
8,1600,5
8,2799,10
8,301,0
8,2000,7
8,1900,6
8,300,0
8,700,2
8,6900,26
8,1699,5
8,3601,13
8,1600,5
8,1599,5
8,800,2
8,13101,36
8,3600,13
8,300,0
8,1400,4
8,2500,10
8,2401,9
8,300,0
8,2600,9
8,400,0
8,1200,4
8,1900,6
8,1900,7
8,800,2
8,7700,29
8,10499,26
8,1200,4
8,1400,4
8,500,1
8,3899,13
8,10701,42
8,500,1
8,800,2
8,1700,5
8,600,1
8,7600,28
8,500,1
8,2300,7
8,2499,9
8,1001,3
8,300,0
8,6299,8
8,300,0
8,2700,9
8,4400,16
8,300,0
8,800,2
8,4100,13
8,599,1
8,1100,3
8,9400,37
8,3100,11
8,2600,8
8,1300,4
8,1100,3
8,5800,9
8,4100,15
8,1499,5
8,1801,6
8,2600,10
8,2499,9
8,300,0
8,400,0
8,4401,18
8,300,0
8,400,0
8,1499,5
8,2201,8
8,4200,16
8,2500,9
8,1600,5
8,600,1
8,600,1
8,1100,3
8,8000,15
8,2200,7
8,2100,7
8,1400,4
8,1300,4
8,799,1
8,1501,5
8,1700,6
8,4199,15
8,2201,7
8,300,0
8,4899,17
8,1200,4
8,5900,23
8,1000,3
8,700,1
8,35800,9
8,4399,4
8,1001,3
8,1100,3
8,4699,11
8,400,0
8,501,0
8,400,0
8,1600,3
8,5800,14
8,4100,14
8,399,0
8,5101,18
8,5800,22
8,3600,14
8,8299,20
8,800,2
8,2301,9
8,500,1
8,900,2
8,9100,17
8,699,1
8,800,2
8,3001,10
8,4099,15
8,2901,10
8,8600,33
8,1700,5
8,2700,9
8,500,1
8,1100,3
8,3899,3
8,3101,11
8,3700,12
8,1699,6
8,2301,8
8,5600,21
8,500,1
8,1100,3
8,300,0
8,5200,19
8,300,0
8,300,0
8,3400,12
8,4800,18
8,7100,17
8,4300,17
8,5300,20
8,5600,15
8,3601,10
8,800,1
8,3399,9
8,400,0
8,5301,15
8,2199,6
8,401,0
8,5100,15
8,2800,8
8,1200,2
8,1000,2
8,4100,2
8,500,0
8,3400,8
8,1199,2
8,1501,3
8,4400,12
8,900,1
8,5200,11
8,1500,3
8,699,0
8,6501,18
8,5700,17
8,1600,3
8,1299,2
8,3201,7
8,5900,15
8,1100,2
8,3099,6
8,1601,3
8,400,0
8,7000,10
8,9400,24
8,4499,10
8,6100,16
8,800,1
8,6001,14
8,1799,3
8,6899,17
8,1201,2
8,1700,3
8,8900,24
8,9399,13
8,2201,5
8,1100,2
8,400,0
8,500,0
8,1300,3
8,5500,13
8,5599,13
8,501,0
8,2300,5
8,1200,2
8,1500,3
8,600,1
8,1401,3
8,700,1
8,6800,18
8,5499,15
8,400,0
8,2101,5
8,2200,6
8,12400,21
8,13600,29
8,3200,7
8,2199,4
8,6801,17
8,1200,2
8,2301,5
8,3500,8
8,3200,8
8,1000,1
8,7900,19
8,6600,14
8,2200,5
8,7700,8
8,6500,18
8,3099,8
8,4501,12
8,3100,7
8,500,0
8,2500,5
8,2999,7
8,2201,4
8,4299,11
8,3101,8
8,500,0
8,1499,3
8,2101,1
8,5799,11
8,1100,2
8,1100,2
8,1400,3
8,12700,20
8,9900,25
8,4400,11
8,3400,9
8,3600,10
8,1900,3
8,1300,2
8,4900,11
8,7100,16
8,5600,15
8,5699,13
8,10101,14
8,2900,8
8,15400,36
8,400,0
8,8400,20
8,4101,8
8,1899,3
8,2701,5
8,12899,35
8,3001,6
8,6900,4
8,500,0
8,1500,3
8,5500,13
8,3699,8
8,4101,6
8,1800,4
8,7900,21
8,400,0
8,500,0
8,900,1
8,4001,10
8,1500,3
8,4500,12
8,7400,20
8,23800,29
8,11200,24
8,6900,13
8,8700,18
8,1400,3
8,3699,6
8,2101,2
8,1100,2
8,3999,8
8,1401,3
8,2100,2
8,4300,9
8,4900,10
8,499,0
8,20901,42
8,5300,14
8,500,0
8,2000,5
8,1099,2
8,2701,7
8,3999,12
8,1801,4
8,900,1
8,3100,8
8,2600,7
8,400,0
8,400,0
8,1300,3
8,3799,9
8,3801,8
8,2499,5
8,2101,4
8,2300,4
8,6700,3
8,3599,8
8,8800,22
8,1500,3
8,3100,7
8,500,0
8,10901,27
8,5299,9
8,6001,13
8,400,0
8,1701,3
8,22099,45
8,24200,64
8,3700,7
8,499,0
8,7200,18
8,800,1
8,1101,2
8,2800,7
8,3499,8
8,3501,8
8,3999,8
8,12600,2
8,1299,2
8,1501,3
8,1900,4
8,4399,11
8,900,2
8,1000,2
8,4099,11
8,300,0
8,401,0
8,800,1
8,1500,3
8,400,0
8,400,0
8,1300,2
8,2601,6
8,700,1
8,1800,3
8,1300,2
8,2200,5
8,4200,9
8,1099,2
8,4601,11
8,2600,6
8,3701,9
8,14700,28
8,8700,23
8,2000,4
8,699,1
8,1301,2
8,4200,9
8,7200,18
8,1200,2
8,900,1
8,2001,4
8,2000,4
8,1300,2
8,1099,2
8,3001,7
8,700,1
8,1200,2
8,1200,2
8,1500,4
8,600,1
8,1100,2
8,2900,8
8,5800,3
8,5000,12
8,2700,6
8,2099,4
8,1501,2
8,2600,5
8,5300,13
8,1100,2
8,4299,12
8,2901,6
8,2900,7
8,600,0
8,2401,5
8,4199,9
8,600,0
8,2301,4
8,17400,35
8,10399,28
8,7500,18
8,3100,8
8,800,1
8,6200,15
8,1700,3
8,6400,14
8,2400,4
8,1100,2
8,6400,16
8,900,1
8,1400,3
8,3500,10
8,7000,0
8,1300,2
8,3600,9
8,2700,6
8,2299,5
8,501,0
8,500,0
8,900,1
8,2700,5
8,3800,9
8,4000,9
8,3600,9
8,1600,2
8,5400,6
8,3100,7
8,3900,8
8,700,1
8,2000,5
8,5700,15
8,1200,2
8,1100,2
8,10600,12
8,1100,2
8,400,0
8,400,0
8,12400,35
8,4999,13
8,1101,2
8,400,0
8,2000,5
8,1100,1
8,4900,12
8,2700,7
8,1999,4
8,3000,8
8,500,0
8,800,1
8,6700,19
8,700,1
8,799,1
8,12101,3
8,400,0
8,6700,19
8,3499,9
8,801,1
8,4300,11
8,2399,3
8,2401,6
8,1500,3
8,1400,3
8,999,2
8,1301,3
8,3800,10
8,10099,29
8,701,1
8,6199,17
8,8501,4
8,800,1
8,3900,10
8,9700,26
8,500,0
8,5099,13
8,3201,7
8,1800,4
8,900,2
8,3600,10
8,400,0
8,3000,8
8,800,1
8,4201,11
8,1700,4
8,7000,18
8,2299,4
8,800,1
8,6099,5
8,1501,4
8,1100,2
8,2500,6
8,1499,3
8,3101,7
8,400,0
8,500,0
8,400,0
8,4400,10
8,700,1
8,6700,16
8,800,1
8,2000,4
8,5700,16
8,8800,24
8,2799,6
8,1100,2
8,400,0
8,1700,4
8,400,0
8,400,0
8,8100,10
8,7100,19
8,3900,9
8,19100,30
8,3300,9
8,400,0
8,3900,5
8,4800,0
8,3000,8
8,1000,2
8,23900,24
8,4901,6
8,1600,3
8,15200,23
8,2800,7
8,1300,2
8,400,0
8,6600,16
8,12900,35
8,700,1
8,2000,3
8,5600,17
8,9200,24
8,1400,2
8,7000,8
8,1499,2
8,1100,2
8,4301,13
8,500,0
8,2499,7
8,7399,21
8,6000,18
8,5201,14
8,3800,10
8,8800,24
8,500,0
8,4999,11
8,2300,4
8,2800,8
8,1200,3
8,700,1
8,400,0
8,700,1
8,5100,14
8,3600,9
8,1300,3
8,1099,2
8,701,1
8,4400,10
8,500,0
8,2200,5
8,8600,22
8,3800,8
8,499,0
8,1200,2
8,1100,2
8,800,1
8,4499,10
8,5101,6
8,7500,7
8,5900,14
8,6800,14
8,1900,4
8,2099,4
8,1501,3
8,800,1
8,900,1
8,8500,22
8,4800,12
8,2700,4
8,1099,2
8,3601,8
8,2800,6
8,2201,5
8,4300,10
8,1099,2
8,15500,20
8,3601,9
8,500,0
8,1599,3
8,2901,7
8,900,1
8,800,1
8,1400,2
8,3500,8
8,500,0
8,2400,6
8,5400,13
8,3599,8
8,1401,2
8,600,0
8,27500,28
8,1000,2
8,1201,3
8,2500,7
8,1000,1
8,13900,37
8,5700,13
8,2100,5
8,5500,17
8,2400,5
8,900,1
8,3401,8
8,3299,8
8,500,0
8,701,1
8,2800,5
8,6400,22
8,700,2
8,5599,14
8,1101,2
8,10900,29
8,2900,6
8,6399,15
8,901,1
8,500,0
8,3200,7
8,1699,3
8,3401,7
8,600,0
8,6500,19
8,3199,9
8,4801,10
8,11299,7
8,5400,9
8,7800,23
8,1201,2
8,2000,4
8,3399,8
8,500,0
8,9701,25
8,800,1
8,2700,6
8,4300,10
8,2800,7
8,1799,4
8,3101,8
8,500,0
8,400,0
8,8000,9
8,500,0
8,3400,8
8,600,0
8,6900,2
8,700,1
8,1000,2
8,500,1
8,1900,6
8,1300,4
8,5000,18
8,1300,4
8,2200,8
8,1099,3
8,2601,9
8,2300,8
8,1999,6
8,2201,8
8,1300,4
8,2899,9
8,3401,12
8,300,0
8,6400,1
8,1400,4
8,1100,3
8,4500,14
8,1200,3
8,300,0
8,2800,9
8,299,0
8,600,1
8,3101,11
8,300,0
8,300,0
8,2300,8
8,2500,8
8,3900,14
8,400,0
8,300,0
8,3000,10
8,1400,5
8,1100,3
8,1300,4
8,599,1
8,2601,9
8,500,1
8,13500,11
8,2600,9
8,2100,6
8,600,1
8,1500,4
8,300,0
8,2100,6
8,600,1
8,2500,8
8,1300,4
8,4201,16
8,1000,3
8,6000,22
8,1900,6
8,300,0
8,1299,3
8,1901,6
8,600,1
8,600,1
8,2300,7
8,4700,1
8,800,2
8,600,1
8,2999,11
8,2101,7
8,2400,8
8,300,0
8,4700,18
8,800,2
8,1600,5
8,300,0
8,600,1
8,3200,11
8,3300,12
8,1099,3
8,1000,3
8,1101,3
8,500,1
8,1800,6
8,2100,7
8,699,2
8,600,1
8,901,2
8,7400,11
8,700,1
8,6600,23
8,1900,6
8,600,1
8,1200,3
8,400,0
8,5200,19
8,4099,13
8,501,1
8,2900,10
8,300,0
8,4100,13
8,4000,16
8,2699,10
8,4601,1
8,2699,8
8,1601,5
8,800,2
8,300,0
8,3100,11
8,1900,6
8,3600,13
8,401,0
8,10100,11
8,4800,17
8,500,1
8,4600,12
8,4201,15
8,1100,3
8,1799,5
8,2201,7
8,300,0
8,800,2
8,2401,4
8,4499,11
8,300,0
8,1300,4
8,700,1
8,4099,14
8,1100,3
8,1401,4
8,7700,29
8,4999,19
8,2401,8
8,1400,4
8,1300,4
8,1199,3
8,700,1
8,3201,12
8,6300,7
8,1600,6
8,1800,6
8,2200,6
8,1600,5
8,1700,6
8,2199,7
8,4301,15
8,500,1
8,1900,6
8,3000,10
8,2200,7
8,1500,5
8,1799,5
8,2001,7
8,2800,9
8,12300,24
8,1000,3
8,3699,13
8,3101,11
8,2200,7
8,2599,9
8,1001,3
8,3700,12
8,2500,9
8,400,0
8,300,0
8,3600,13
8,4200,15
8,599,1
8,1201,3
8,300,0
8,800,2
8,8800,18
8,500,0
8,2799,9
8,1701,5
8,1100,3
8,3100,11
8,1699,5
8,1101,3
8,500,1
8,1200,3
8,1800,6
8,2499,8
8,2901,10
8,900,3
8,600,1
8,2799,10
8,5301,19
8,7100,20
8,3299,7
8,2001,3
8,3799,9
8,2801,6
8,3400,9
8,7000,18
8,2599,5
8,2001,6
8,6200,13
8,400,0
8,4000,9
8,400,0
8,300,0
8,7300,20
8,601,1
8,1500,5
8,6700,10
8,900,2
8,6800,24
8,4099,9
8,1901,3
8,1600,4
8,1800,5
8,700,1
8,1100,3
8,1600,5
8,1500,4
8,899,3
8,1701,5
8,1100,3
8,1900,6
8,1600,5
8,2400,8
8,4200,16
8,9799,13
8,2801,9
8,1600,5
8,500,1
8,700,1
8,1899,6
8,801,2
8,1100,3
8,2900,9
8,6700,24
8,600,1
8,2900,10
8,800,2
8,1600,5
8,1100,3
8,2699,9
8,901,2
8,2400,7
8,2600,9
8,600,1
8,600,1
8,400,0
8,3499,13
8,500,1
8,1201,4
8,3100,11
8,3700,13
8,3000,11
8,300,0
8,2999,10
8,701,1
8,1600,5
8,4299,5
8,4701,17
8,400,0
8,2399,8
8,300,0
8,2801,10
8,7700,9
8,800,2
8,800,2
8,3000,11
8,1500,4
8,300,0
8,1899,6
8,301,0
8,500,1
8,700,1
8,2000,6
8,600,1
8,2699,9
8,1001,3
8,300,0
8,8900,33
8,2700,9
8,799,2
8,300,0
8,5401,19
8,300,0
8,8199,15
8,2901,10
8,900,2
8,300,0
8,2200,8
8,400,0
8,299,0
8,400,0
8,700,2
8,1601,5
8,900,2
8,1500,5
8,1899,5
8,1300,4
8,1401,5
8,300,0
8,3800,13
8,4600,16
8,1000,3
8,1100,3
8,3400,12
8,5499,11
8,2901,10
8,1400,4
8,2300,8
8,2600,9
8,8600,32
8,600,1
8,3199,11
8,2001,6
8,800,2
8,1300,4
8,300,0
8,1300,4
8,400,0
8,1400,4
8,700,1
8,3099,11
8,6101,8
8,300,0
8,1999,6
8,5701,22
8,7400,4
8,499,1
8,600,1
8,2701,6
8,500,0
8,2200,4
8,3100,7
8,2400,4
8,500,0
8,3400,10
8,1000,2
8,1400,4
8,1800,5
8,900,2
8,5301,20
8,1100,3
8,1299,4
8,13201,8
8,1200,2
8,5401,15
8,1799,4
8,3401,9
8,1900,4
8,1599,3
8,1200,2
8,501,0
8,7900,20
8,1400,2
8,2200,5
8,2800,5
8,600,1
8,600,1
8,6300,23
8,1100,3
8,3400,12
8,1900,6
8,8000,3
8,9200,20
8,1800,6
8,9199,33
8,500,1
8,900,2
8,901,2
8,1600,5
8,300,0
8,4001,14
8,2199,8
8,1901,6
8,1000,3
8,2000,7
8,300,0
8,1600,5
8,1600,5
8,6600,4
8,1301,2
8,1400,3
8,2200,5
8,5600,14
8,8500,21
8,13300,32
8,1500,2
8,1599,5
8,1400,4
8,2201,7
8,1500,4
8,2199,7
8,10701,23
8,1000,3
8,3499,13
8,2001,6
8,2100,7
8,1100,3
8,400,0
8,300,0
8,1599,5
8,701,1
8,500,1
8,4100,15
8,1599,4
8,2101,7
8,600,1
8,8100,30
8,10000,23
8,1199,3
8,701,1
8,2000,7
8,300,0
8,2700,9
8,4000,14
8,1600,5
8,2599,9
8,300,0
8,1201,3
8,1400,4
8,1100,3
8,800,2
8,6500,21
8,3000,6
8,399,0
8,5901,14
8,1499,2
8,500,0
8,11101,13
8,1700,3
8,9199,27
8,801,2
8,800,2
8,1000,3
8,2600,9
8,3400,11
8,1100,3
8,3300,12
8,800,2
8,3001,10
8,2100,7
8,300,0
8,900,2
8,2100,7
8,300,0
8,1800,6
8,1500,5
8,5800,3
8,3599,13
8,600,1
8,501,1
8,1400,4
8,4000,13
8,599,1
8,3001,10
8,1000,2
8,2300,8
8,4000,14
8,3100,11
8,899,2
8,1200,3
8,6001,23
8,2600,9
8,18600,10
8,1599,6
8,700,2
8,4601,9
8,900,2
8,3300,11
8,1000,3
8,1900,7
8,1499,4
8,500,1
8,1101,3
8,4200,15
8,2700,9
8,2100,7
8,600,1
8,900,2
8,2399,8
8,1501,5
8,300,0
8,3300,12
8,1100,3
8,299,0
8,1799,5
8,1701,5
8,2600,9
8,700,1
8,3399,13
8,1401,5
8,2800,10
8,800,2
8,1499,4
8,2801,9
8,800,1
8,9500,24
8,999,2
8,2801,7
8,1100,1
8,2599,5
8,4201,10
8,11499,9
8,401,0
8,1300,2
8,4799,12
8,901,1
8,12000,16
8,4400,12
8,2100,5
8,2099,5
8,1200,2
8,900,1
8,5900,15
8,500,0
8,500,0
8,1600,3
8,6100,14
8,1400,2
8,5000,12
8,1500,5
8,1999,6
8,11001,6
8,2500,7
8,400,0
8,2599,7
8,8201,27
8,1200,3
8,1900,6
8,1800,5
8,299,0
8,900,2
8,1801,6
8,300,0
8,2900,11
8,1099,3
8,9101,34
8,9000,14
8,2700,9
8,1699,5
8,300,0
8,400,0
8,3801,13
8,1000,2
8,3100,11
8,300,0
8,2900,10
8,800,2
8,400,1
8,300,0
8,8299,33
8,1501,4
8,2400,8
8,800,2
8,400,0
8,16999,31
8,3601,11
8,400,1
8,3199,11
8,300,0
8,2501,8
8,2100,7
8,300,0
8,1299,4
8,900,2
8,1401,4
8,2000,7
8,300,0
8,400,0
8,1000,3
8,999,3
8,1100,3
8,5401,19
8,300,0
8,8600,18
8,3399,12
8,300,0
8,601,1
8,400,0
8,2300,8
8,2600,10
8,899,3
8,400,0
8,1701,6
8,1300,4
8,5400,20
8,6299,23
8,1701,4
8,2200,7
8,2000,7
8,1099,3
8,400,0
8,1101,3
8,1100,3
8,17600,7
8,2699,9
8,1401,3
8,1600,5
8,4299,15
8,801,2
8,800,2
8,1400,4
8,4700,18
8,400,0
8,1400,4
8,1300,4
8,600,0
8,3200,11
8,800,2
8,4600,17
8,400,0
8,800,2
8,601,1
8,500,1
8,600,1
8,300,0
8,5500,4
8,300,0
8,4800,17
8,3501,12
8,300,0
8,500,1
8,2200,7
8,1499,5
8,2101,6
8,4799,18
8,800,2
8,2499,8
8,901,2
8,500,1
8,300,0
8,300,0
8,300,0
8,1300,4
8,600,1
8,1400,4
8,1699,6
8,1801,6
8,1100,3
8,300,0
8,700,2
8,300,0
8,8899,12
8,1200,3
8,4501,16
8,800,2
8,2600,10
8,1000,3
8,300,0
8,600,1
8,300,0
8,2799,10
8,6201,23
8,900,2
8,6300,23
8,4200,15
8,900,2
8,9100,12
8,400,0
8,2599,9
8,24901,26
8,700,1
8,1700,5
8,4900,17
8,2200,7
8,1600,5
8,2800,10
8,2200,8
8,2799,9
8,1000,3
8,2501,8
8,14200,41
8,1400,4
8,800,2
8,2399,8
8,1901,6
8,1500,4
8,3300,12
8,700,1
8,300,0
8,900,2
8,1899,6
8,3601,12
8,1900,6
8,2099,6
8,2400,8
8,2400,8
8,400,0
8,299,0
8,5101,8
8,2399,7
8,3501,12
8,3200,11
8,599,1
8,900,2
8,300,0
8,700,2
8,4900,18
8,700,2
8,600,1
8,4201,15
8,2699,10
8,3001,10
8,300,0
8,2599,9
8,1200,3
8,501,1
8,500,1
8,8600,5
8,1600,5
8,3299,12
8,1001,3
8,2100,6
8,2300,8
8,3400,6
8,700,0
8,4899,10
8,300,0
8,1000,3
8,3000,11
8,2099,8
8,2001,6
8,2000,7
8,400,0
8,300,0
8,1000,3
8,3900,15
8,800,2
8,700,1
8,2400,8
8,1901,5
8,2900,10
8,2000,8
8,7300,25
8,699,2
8,2201,7
8,1600,5
8,2700,9
8,499,1
8,1000,3
8,801,2
8,2600,9
8,300,0
8,1300,4
8,1399,4
8,1101,3
8,500,1
8,4000,14
8,1199,4
8,14001,32
8,300,0
8,2400,7
8,1500,5
8,4599,17
8,2201,7
8,2100,7
8,500,1
8,700,1
8,6900,13
8,2199,7
8,1201,3
8,300,0
8,1200,3
8,2000,6
8,3300,11
8,400,0
8,3000,10
8,1100,3
8,300,0
8,300,0
8,300,0
8,2699,9
8,1300,4
8,700,2
8,3400,12
8,2799,10
8,2501,8
8,1200,3
8,500,1
8,400,0
8,1499,5
8,3401,12
8,300,0
8,7800,29
8,1401,4
8,2300,2
8,1899,6
8,1200,0
8,5801,15
8,1501,4
8,2700,5
8,1000,3
8,8300,19
8,200,0
8,800,2
8,701,1
8,5000,9
8,1499,5
8,1801,3
8,800,2
8,16500,41
8,600,1
8,300,0
8,300,0
8,4099,13
8,900,2
8,4900,17
8,2700,9
8,3100,11
8,3399,12
8,2201,7
8,4000,14
8,599,1
8,500,1
8,4701,9
8,1999,7
8,3001,10
8,600,2
8,300,0
8,7300,8
8,1300,4
8,1699,5
8,1400,5
8,2500,8
8,2200,7
8,3300,11
8,1400,4
8,3400,12
8,300,0
8,6401,24
8,1199,3
8,2801,10
8,8000,29
8,4799,3
8,901,2
8,3500,13
8,3700,13
8,2100,7
8,800,2
8,2600,2
8,600,1
8,1201,3
8,1400,4
8,1100,3
8,1400,4
8,3300,9
8,6799,21
8,401,0
8,4500,15
8,3500,12
8,8500,14
8,600,1
8,700,1
8,1200,4
8,2199,8
8,1101,3
8,3200,10
8,1100,3
8,1099,3
8,1501,4
8,3000,10
8,300,0
8,400,0
8,5500,21
8,2400,7
8,700,2
8,599,1
8,1501,4
8,2400,8
8,1600,5
8,300,0
8,600,1
8,1799,5
8,800,2
8,7100,0
8,2200,7
8,1100,3
8,800,2
8,400,0
8,299,0
8,600,1
8,3001,10
8,600,1
8,2100,7
8,7100,27
8,800,2
8,1900,6
8,2800,9
8,4300,14
8,2299,8
8,1301,4
8,3400,11
8,9099,9
8,2801,10
8,5599,21
8,5901,21
8,1599,5
8,1801,6
8,1800,6
8,3999,14
8,901,2
8,4300,16
8,2500,8
8,3000,11
8,1100,3
8,7900,5
8,600,1
8,1699,5
8,701,1
8,7400,27
8,15700,58
8,300,0
8,2000,6
8,6900,25
8,7500,13
8,600,1
8,2199,8
8,4701,17
8,300,0
8,1999,6
8,800,2
8,601,1
8,3000,11
8,1300,4
8,5400,19
8,3499,13
8,800,2
8,2101,8
8,600,1
8,1900,7
8,2199,8
8,901,2
8,300,0
8,500,1
8,1199,3
8,4499,16
8,1600,5
8,4299,15
8,1501,4
8,1700,5
8,5199,19
8,901,2
8,300,0
8,3500,12
8,300,0
8,600,1
8,300,0
8,3001,10
8,1100,3
8,1800,6
8,2599,8
8,1101,3
8,17300,24
8,900,2
8,3600,13
8,2000,6
8,2100,7
8,1999,7
8,1401,4
8,600,1
8,1700,5
8,1500,4
8,1299,4
8,2901,11
8,4099,16
8,5101,17
8,2000,6
8,19300,1
8,400,0
8,4699,13
8,1001,3
8,1500,5
8,4399,17
8,4101,14
8,7800,26
8,600,1
8,3000,11
8,2400,8
8,2700,10
8,1299,4
8,2001,6
8,8400,15
8,600,1
8,1700,5
8,1099,3
8,2201,7
8,2299,3
8,4600,17
8,1699,6
8,1601,4
8,800,2
8,300,0
8,1600,5
8,3099,11
8,801,2
8,1800,7
8,7700,29
8,2800,9
8,499,1
8,5901,5
8,3200,11
8,1100,3
8,1700,5
8,2699,8
8,4501,17
8,1300,4
8,1699,4
8,1301,2
8,500,0
8,1100,1
8,6200,15
8,11000,12
8,6100,23
8,19600,18
8,1300,4
8,1700,5
8,600,1
8,300,0
8,2199,8
8,601,1
8,800,2
8,900,2
8,3400,11
8,1699,6
8,501,1
8,5599,20
8,400,0
8,600,1
8,2701,9
8,2800,9
8,4800,18
8,400,0
8,2200,8
8,799,2
8,600,1
8,29400,19
8,800,2
8,700,1
8,400,0
8,599,1
8,2401,8
8,800,2
8,3400,12
8,699,1
8,2501,8
8,800,2
8,1800,6
8,1200,3
8,999,3
8,3101,11
8,6500,3
8,3399,1
8,4601,1
8,10299,13
8,500,1
8,14000,31
8,2301,8
8,8000,7
8,300,0
8,800,2
8,2200,7
8,899,2
8,5301,19
8,3600,9
8,4500,17
8,2099,6
8,901,3
8,900,3
8,1300,4
8,2000,6
8,8299,12
8,300,0
8,500,1
8,4301,4
8,2999,9
8,2701,8
8,800,2
8,1300,4
8,2199,7
8,600,1
8,300,0
8,600,1
8,2000,6
8,2300,8
8,2400,8
8,900,2
8,4000,8
8,1000,2
8,3601,9
8,2300,5
8,5200,13
8,12899,22
8,5701,14
8,899,2
8,7201,18
8,5501,14
8,2499,5
8,3401,8
8,5700,18
8,1000,1
8,500,0
8,2300,5
8,499,0
8,6101,15
8,400,0
8,799,1
8,800,1
8,1701,4
8,1000,2
8,3399,8
8,13001,25
8,2599,5
8,7300,26
8,401,0
8,2200,7
8,900,2
8,2200,7
8,800,2
8,1701,5
8,4999,19
8,300,0
8,4501,16
8,2999,9
8,4201,3
8,4500,16
8,1800,6
8,1400,4
8,1200,3
8,1499,5
8,5301,18
8,6100,20
8,8900,21
8,8100,23
8,4100,10
8,6700,5
8,5700,13
8,1000,1
8,3099,6
8,1601,2
8,3000,11
8,300,0
8,2399,8
8,1000,3
8,9401,30
8,2100,7
8,1400,4
8,2099,6
8,1301,4
8,400,0
8,6500,25
8,7700,12
8,1200,3
8,3500,12
8,3601,13
8,4899,18
8,1801,6
8,4500,15
8,900,2
8,1101,3
8,2400,8
8,700,1
8,8300,31
8,900,2
8,17100,5
8,400,0
8,1300,4
8,400,0
8,500,1
8,400,0
8,1000,3
8,300,0
8,2700,9
8,1500,4
8,3800,14
8,600,1
8,3701,14
8,2100,7
8,1599,5
8,1001,3
8,3100,10
8,800,2
8,400,0
8,1199,3
8,1801,5
8,600,1
8,800,2
8,400,0
8,200,0
8,1700,5
8,9299,16
8,800,2
8,700,1
8,400,0
8,3300,11
8,4300,16
8,599,1
8,1100,3
8,1300,4
8,3900,15
8,5600,20
8,4800,17
8,3700,13
8,300,0
8,2500,8
8,9900,4
8,1400,4
8,700,2
8,5600,21
8,3099,11
8,1501,5
8,1400,4
8,1200,4
8,900,2
8,600,1
8,1999,6
8,4801,17
8,1100,3
8,1199,4
8,3701,2
8,2999,10
8,2401,8
8,1200,3
8,9100,11
8,700,2
8,4500,17
8,2400,8
8,1999,7
8,1801,6
8,5499,20
8,300,0
8,901,2
8,1500,4
8,1800,6
8,700,2
8,2399,8
8,601,1
8,600,1
8,2700,9
8,500,1
8,2900,9
8,300,0
8,2300,8
8,11199,25
8,601,1
8,600,1
8,700,1
8,2900,10
8,3300,11
8,1900,6
8,500,1
8,4600,10
8,800,2
8,300,0
8,3700,13
8,999,3
8,3201,11
8,2300,8
8,3100,11
8,1100,3
8,1800,6
8,801,2
8,900,2
8,400,0
8,1600,5
8,7000,26
8,1100,3
8,600,1
8,999,2
8,800,2
8,8901,33
8,2900,11
8,2499,9
8,1301,4
8,600,1
8,300,0
8,1600,5
8,2499,8
8,500,1
8,9201,13
8,1100,3
8,4799,16
8,2901,10
8,600,1
8,600,1
8,900,3
8,1899,7
8,901,2
8,1600,6
8,300,0
8,1500,5
8,3000,11
8,400,0
8,300,0
8,400,0
8,1100,3
8,3500,12
8,500,0
8,999,1
8,2901,6
8,1000,1
8,2199,5
8,1601,3
8,8800,6
8,400,0
8,500,1
8,2700,9
8,2000,6
8,1900,6
8,1400,4
8,1700,5
8,4300,16
8,1100,3
8,800,2
8,400,0
8,2600,9
8,1200,3
8,1200,3
8,300,0
8,2899,7
8,8000,25
8,1901,6
8,15800,11
8,1300,3
8,2099,5
8,400,0
8,3601,9
8,700,1
8,1600,3
8,899,1
8,1101,2
8,2200,4
8,2500,7
8,7600,25
8,999,3
8,300,0
8,1401,4
8,300,0
8,600,1
8,3799,13
8,6401,22
8,1999,7
8,12601,5
8,8300,9
8,7900,11
8,1401,2
8,500,0
8,4000,5
8,2099,4
8,5901,5
8,9501,17
8,2500,4
8,300,0
8,8100,21
8,2199,1
8,7100,14
8,5601,9
8,3800,6
8,2600,2
8,9000,15
8,599,1
8,7600,17
8,500,0
8,4201,10
8,3800,10
8,1600,3
8,1900,4
8,800,1
8,399,0
8,1701,4
8,2900,7
8,800,1
8,1599,4
8,2401,6
8,13299,36
8,2201,5
8,10100,13
8,6300,16
8,500,0
8,800,1
8,699,1
8,800,1
8,3201,9
8,800,1
8,2999,7
8,2801,6
8,6500,17
8,900,0
8,400,0
8,4400,11
8,1700,4
8,800,1
8,6500,17
8,700,1
8,2000,5
8,999,2
8,400,0
8,16901,20
8,1000,2
8,6300,14
8,1301,2
8,14599,35
8,1500,2
8,1700,3
8,7500,17
8,1400,2
8,599,0
8,600,0
8,901,1
8,500,1
8,1800,6
8,600,1
8,2099,7
8,1801,6
8,400,0
8,600,1
8,12799,3
8,501,0
8,2900,6
8,6700,17
8,4000,11
8,2500,6
8,1900,4
8,1599,3
8,500,0
8,4500,10
8,1000,1
8,5401,13
8,6100,15
8,3599,12
8,3101,10
8,1700,5
8,1400,3
8,18400,5
8,5399,14
8,3801,9
8,1300,2
8,999,1
8,1301,2
8,2200,5
8,2000,4
8,2600,5
8,3200,6
8,9499,12
8,5001,3
8,1400,1
8,599,1
8,7200,14
8,5601,14
8,7100,19
8,38000,14
8,1400,2
8,3699,9
8,4001,6
8,10600,21
8,500,0
8,700,1
8,1400,3
8,500,0
8,3600,8
8,29399,18
8,900,1
8,2000,4
8,2299,5
8,2801,6
8,3800,9
8,3401,8
8,4699,9
8,9401,4
8,1600,5
8,1700,6
8,400,0
8,1699,6
8,1901,6
8,1900,6
8,2099,7
8,900,2
8,1901,7
8,900,2
8,1500,2
8,4600,5
8,5899,21
8,1101,3
8,1100,4
8,3600,12
8,2201,8
8,1300,3
8,600,1
8,800,2
8,9899,22
8,6601,15
8,4401,10
8,7300,20
8,1100,3
8,7400,17
8,4700,10
8,3600,8
8,1399,4
8,3301,7
8,1100,3
8,1399,2
8,800,1
8,2401,5
8,14100,18
8,9300,26
8,800,1
8,3600,9
8,6299,16
8,4201,10
8,2399,8
8,300,0
8,5101,18
8,600,1
8,899,2
8,4201,14
8,14800,9
8,2100,7
8,400,0
8,4700,10
8,1500,4
8,4300,16
8,500,1
8,3600,14
8,599,1
8,3901,15
8,400,0
8,300,0
8,1800,5
8,4100,15
8,6400,24
8,400,1
8,2500,8
8,11200,3
8,300,0
8,2400,8
8,900,2
8,800,2
8,799,2
8,5301,18
8,300,0
8,900,3
8,699,1
8,1400,4
8,700,1
8,2700,9
8,2999,10
8,600,1
8,1001,2
8,1300,4
8,4099,14
8,3801,14
8,701,1
8,300,0
8,2000,6
8,10799,16
8,1701,6
8,1400,4
8,1600,5
8,400,0
8,500,1
8,1199,4
8,4701,17
8,3999,15
8,1401,4
8,4400,15
8,6800,24
8,600,1
8,4500,16
8,21300,4
8,500,1
8,400,0
8,800,2
8,600,1
8,4600,16
8,1600,5
8,3699,12
8,1801,6
8,300,0
8,500,1
8,600,1
8,9700,17
8,300,0
8,2000,7
8,1400,4
8,600,1
8,700,1
8,300,0
8,2199,7
8,5901,21
8,400,0
8,8200,9
8,299,0
8,1300,4
8,2501,9
8,11299,42
8,2801,10
8,3200,12
8,599,1
8,1100,3
8,2401,8
8,4199,15
8,2701,9
8,400,0
8,899,2
8,300,0
8,6700,10
8,600,1
8,801,2
8,3100,11
8,700,2
8,400,0
8,1199,3
8,3301,12
8,1500,4
8,800,2
8,6100,22
8,3699,13
8,1601,5
8,15900,9
8,600,1
8,7300,28
8,900,2
8,16200,30
8,3200,11
8,900,2
8,4000,14
8,1599,5
8,2001,6
8,1500,4
8,3099,11
8,900,2
8,300,0
8,3800,14
8,3599,13
8,1901,6
8,900,2
8,1300,4
8,11800,5
8,700,1
8,2900,10
8,3200,10
8,5200,14
8,4601,10
8,2000,4
8,2300,8
8,600,1
8,600,1
8,700,1
8,1300,4
8,1100,3
8,600,1
8,2400,8
8,300,0
8,600,1
8,3499,12
8,1901,7
8,4400,16
8,9899,5
8,1501,4
8,300,0
8,600,1
8,9100,33
8,3299,6
8,5000,8
8,4400,15
8,600,1
8,300,0
8,5900,22
8,800,2
8,5099,19
8,3100,10
8,10899,1
8,300,0
8,401,0
8,700,2
8,900,2
8,300,0
8,800,2
8,3199,11
8,300,0
8,4101,14
8,3099,11
8,3101,10
8,1600,5
8,800,2
8,799,2
8,2101,7
8,600,1
8,300,0
8,1200,3
8,2899,10
8,1400,4
8,501,1
8,2400,8
8,600,1
8,1800,6
8,1099,3
8,4100,15
8,1500,5
8,2000,7
8,999,3
8,2901,10
8,500,1
8,3300,11
8,5201,19
8,600,1
8,1600,5
8,300,0
8,300,0
8,600,1
8,7600,29
8,3200,12
8,10400,17
8,4700,13
8,2700,7
8,600,0
8,6800,22
8,700,1
8,400,0
8,1300,3
8,2201,6
8,800,1
8,2200,5
8,9500,29
8,1299,3
8,400,0
8,1900,5
8,700,2
8,19199,29
8,601,1
8,4100,13
8,2599,6
8,400,0
8,2101,6
8,8600,29
8,1300,3
8,400,0
8,5500,19
8,400,0
8,1900,5
8,6901,22
8,10100,14
8,400,0
8,1200,3
8,4499,15
8,1001,2
8,2100,6
8,3599,12
8,5501,19
8,400,0
8,2699,8
8,701,1
8,3000,9
8,2000,6
8,2500,7
8,4700,16
8,2600,7
8,6100,8
8,7000,23
8,4199,14
8,3201,11
8,3999,14
8,1400,4
8,1800,6
8,300,0
8,1600,5
8,400,0
8,500,1
8,799,1
8,1801,6
8,3800,12
8,300,0
8,4000,14
8,20399,45
8,2501,8
8,2400,8
8,300,0
8,700,1
8,1699,5
8,19301,6
8,300,0
8,300,0
8,1000,2
8,2400,7
8,400,0
8,2800,8
8,14000,23
8,4399,9
8,18101,9
8,4500,9
8,3101,8
8,1200,4
8,800,1
8,1300,3
8,899,2
8,2201,6
8,2400,4
8,600,0
8,17999,7
8,3800,0
8,20501,4
8,15800,5
8,3800,8
8,2000,4
8,3499,7
8,400,0
8,1901,6
8,16299,25
8,1599,2
8,13201,8
8,1300,3
8,11000,30
8,5399,17
8,8801,22
8,4400,12
8,499,0
8,6701,17
8,4400,11
8,4900,14
8,19600,3
8,1699,5
8,12301,46
8,5200,20
8,1500,4
8,600,1
8,800,2
8,2099,7
8,301,0
8,600,1
8,1800,5
8,700,1
8,3099,10
8,15100,36
8,2401,8
8,600,1
8,1200,3
8,3299,10
8,401,0
8,5599,19
8,6001,22
8,7400,27
8,1200,3
8,3900,14
8,900,2
8,1300,4
8,8400,7
8,899,2
8,4801,16
8,600,1
8,4100,13
8,3800,12
8,600,1
8,500,1
8,1501,4
8,1300,4
8,900,2
8,2300,8
8,2200,7
8,3600,12
8,2100,7
8,700,1
8,1499,5
8,900,2
8,300,0
8,2700,9
8,300,0
8,500,1
8,5600,5
8,300,0
8,5700,18
8,1500,5
8,4299,14
8,1501,4
8,1600,5
8,1200,3
8,1200,2
8,300,0
8,2400,7
8,2600,8
8,5000,17
8,2100,7
8,8000,30
8,4099,9
8,2301,3
8,300,0
8,6300,15
8,600,1
8,600,1
8,2500,4
8,6400,15
8,300,0
8,4500,11
8,4800,12
8,300,0
8,3500,8
8,2199,3
8,1701,5
8,3500,8
8,1299,3
8,801,2
8,5999,14
8,9101,4
8,4400,15
8,899,2
8,400,0
8,300,0
8,601,1
8,900,2
8,7600,18
8,1300,3
8,6001,22
8,1599,4
8,1601,2
8,800,1
8,3000,6
8,1100,3
8,1600,5
8,801,2
8,700,1
8,1800,6
8,400,0
8,300,0
8,14800,35
8,2099,5
8,600,1
8,2001,6
8,600,1
8,3200,11
8,3400,11
8,2600,9
8,2999,11
8,300,0
8,2400,8
8,1100,3
8,11100,39
8,22500,6
8,11500,15
8,900,2
8,1200,3
8,6700,24
8,300,0
8,1100,3
8,1699,5
8,9101,34
8,1100,3
8,1700,6
8,1799,5
8,1101,3
8,1300,5
8,1100,3
8,300,0
8,12400,25
8,1800,5
8,900,2
8,700,2
8,1499,4
8,901,2
8,700,1
8,2200,7
8,7200,27
8,700,1
8,700,1
8,1499,4
8,1000,2
8,400,0
8,4900,14
8,899,2
8,2101,6
8,3300,10
8,300,0
8,1099,2
8,2001,5
8,1300,3
8,10200,9
8,3900,12
8,700,1
8,600,1
8,600,1
8,20400,14
8,500,0
8,1600,3
8,3199,9
8,1000,1
8,8000,19
8,3900,9
8,1701,5
8,4000,13
8,400,0
8,2700,8
8,4200,14
8,700,1
8,14300,14
8,600,1
8,400,0
8,2800,9
8,300,0
8,4500,14
8,600,1
8,800,2
8,6500,23
8,3301,10
8,300,0
8,2200,7
8,2399,7
8,4000,12
8,1400,4
8,2100,7
8,2700,8
8,13100,18
8,4000,14
8,8599,28
8,500,0
8,5300,19
8,2100,6
8,3000,10
8,1600,4
8,2100,7
8,300,0
8,1599,4
8,500,1
8,1101,3
8,9200,15
8,1100,2
8,1300,3
8,6500,23
8,3700,12
8,300,0
8,700,1
8,3300,11
8,1299,3
8,3301,10
8,6000,9
8,1500,4
8,3399,11
8,2601,9
8,1700,4
8,900,2
8,1600,5
8,299,0
8,1100,3
8,5301,0
8,699,1
8,2001,6
8,300,0
8,10400,37
8,4900,17
8,4399,16
8,1100,3
8,801,1
8,1000,2
8,1700,5
8,300,0
8,2099,6
8,2501,9
8,13499,24
8,1101,3
8,1700,4
8,1800,6
8,2699,9
8,3901,13
8,1500,4
8,1799,5
8,1501,4
8,1300,4
8,700,1
8,400,0
8,2799,9
8,1701,5
8,4200,14
8,2100,7
8,4500,15
8,19300,42
8,3700,14
8,899,2
8,800,2
8,4701,17
8,2899,11
8,2201,7
8,2400,8
8,8400,31
8,20900,23
8,1500,5
8,699,1
8,3801,14
8,600,1
8,900,2
8,1999,7
8,3201,10
8,1600,5
8,1000,2
8,5800,22
8,4399,15
8,2800,10
8,600,1
8,5900,19
8,4499,2
8,3001,10
8,1200,3
8,6500,24
8,4599,14
8,1501,5
8,1300,4
8,1600,5
8,4600,17
8,800,1
8,600,1
8,1800,6
8,600,1
8,4500,16
8,2400,7
8,1599,4
8,901,2
8,4800,3
8,8000,29
8,400,0
8,1400,3
8,600,1
8,2400,8
8,1900,6
8,1500,4
8,1300,4
8,300,0
8,3001,10
8,4899,16
8,5901,22
8,1099,3
8,900,2
8,901,2
8,7700,13
8,3300,12
8,600,1
8,1100,3
8,14101,40
8,3900,14
8,2700,8
8,300,0
8,900,2
8,1299,4
8,2201,7
8,5299,19
8,1501,5
8,300,0
8,1500,5
8,6500,0
8,1100,3
8,3899,14
8,4101,15
8,2499,8
8,2101,7
8,400,0
8,600,1
8,2200,7
8,2900,10
8,1100,3
8,1000,3
8,3200,11
8,1299,3
8,601,1
8,2800,10
8,1100,3
8,4500,16
8,300,0
8,10100,17
8,300,0
8,800,2
8,5299,19
8,600,1
8,1501,4
8,1200,3
8,1400,4
8,1300,4
8,899,2
8,300,0
8,3501,12
8,1200,3
8,700,2
8,2199,7
8,3200,11
8,2999,10
8,600,1
8,400,0
8,701,1
8,600,1
8,9700,11
8,300,0
8,1000,2
8,999,3
8,400,0
8,1201,3
8,1000,2
8,1800,5
8,3399,12
8,3801,12
8,600,1
8,1700,5
8,4200,15
8,3999,14
8,400,0
8,1201,3
8,400,0
8,300,0
8,4999,19
8,600,1
8,401,0
8,300,0
8,900,2
8,1100,2
8,1300,4
8,11300,12
8,1100,3
8,1600,4
8,600,1
8,3700,12
8,900,2
8,600,1
8,300,0
8,1899,6
8,5601,21
8,300,0
8,300,0
8,2701,9
8,1000,3
8,3799,13
8,2501,8
8,2600,10
8,900,2
8,10800,17
8,1600,5
8,800,2
8,1200,3
8,4100,14
8,1400,4
8,7500,27
8,1400,4
8,3700,15
8,7300,26
8,1000,3
8,400,0
8,600,1
8,1800,6
8,1699,5
8,7600,12
8,7300,27
8,300,0
8,2101,6
8,6399,22
8,1900,6
8,400,0
8,1000,3
8,3699,3
8,400,0
8,5399,20
8,2401,9
8,3300,12
8,1200,3
8,15899,23
8,900,2
8,2201,7
8,400,0
8,1000,3
8,700,2
8,600,1
8,400,0
8,4301,15
8,1900,6
8,1100,3
8,2300,7
8,3499,12
8,2201,7
8,900,2
8,3899,14
8,1501,5
8,12500,21
8,3500,11
8,3500,12
8,1199,3
8,2201,7
8,800,2
8,700,2
8,900,2
8,700,2
8,2900,10
8,1700,6
8,3600,13
8,1799,6
8,3700,13
8,2199,2
8,3401,13
8,800,2
8,2400,8
8,399,0
8,400,0
8,2001,6
8,900,3
8,1300,4
8,5100,19
8,300,0
8,300,0
8,3500,12
8,799,2
8,300,0
8,3601,14
8,2400,7
8,1901,7
8,1400,4
8,500,1
8,4599,16
8,601,1
8,1400,5
8,2000,7
8,1900,6
8,700,2
8,5901,9
8,1799,5
8,1201,3
8,9500,37
8,1500,5
8,1300,4
8,400,0
8,900,2
8,1400,4
8,300,0
8,2199,7
8,900,2
8,2100,7
8,2100,6
8,300,0
8,599,1
8,2801,10
8,1300,4
8,2300,6
8,6900,10
8,900,2
8,400,0
8,300,0
8,2701,9
8,2600,9
8,1699,5
8,900,2
8,2800,10
8,800,2
8,300,0
8,7400,25
8,700,2
8,1900,6
8,3100,11
8,800,2
8,1999,6
8,1601,5
8,500,1
8,800,2
8,500,1
8,500,1
8,8900,18
8,2299,6
8,1501,4
8,5799,21
8,1701,5
8,4500,16
8,1399,4
8,1701,5
8,1700,5
8,2300,8
8,6100,21
8,900,2
8,2299,8
8,2001,6
8,600,1
8,1100,3
8,3100,9
8,2701,10
8,1900,7
8,3500,13
8,1300,3
8,1500,4
8,1000,3
8,700,1
8,300,0
8,1699,6
8,601,1
8,2800,10
8,800,2
8,4100,15
8,6299,23
8,9901,21
8,5199,19
8,2200,7
8,2800,9
8,2800,10
8,500,1
8,600,1
8,800,2
8,1000,3
8,1899,5
8,4301,16
8,3000,10
8,2401,9
8,2700,8
8,2599,9
8,8200,22
8,801,2
8,1300,4
8,1200,4
8,1500,5
8,9499,36
8,300,0
8,2401,8
8,1900,6
8,3600,12
8,1000,3
8,1200,3
8,900,2
8,600,1
8,1299,4
8,1701,6
8,900,2
8,8600,20
8,1100,3
8,300,0
8,3800,13
8,4800,17
8,1500,4
8,3500,12
8,2901,10
8,4600,17
8,4101,14
8,300,0
8,2700,9
8,799,2
8,8500,27
8,2800,6
8,1800,2
8,1099,3
8,2601,5
8,600,1
8,3899,9
8,1701,2
8,1300,4
8,5799,12
8,13999,10
8,300,0
8,11300,15
8,300,0
8,13601,35
8,3400,9
8,10300,22
8,1300,4
8,1899,6
8,801,2
8,6199,14
8,2301,5
8,600,1
8,2500,8
8,1299,4
8,6701,24
8,1599,6
8,1101,3
8,1100,3
8,500,1
8,2600,9
8,1699,5
8,5801,8
8,3500,13
8,800,2
8,800,2
8,2999,10
8,300,0
8,801,2
8,2100,8
8,700,1
8,600,1
8,6500,24
8,3701,13
8,1000,3
8,600,1
8,500,1
8,3500,13
8,600,1
8,3399,12
8,12401,25
8,7200,27
8,3599,12
8,4901,19
8,2599,9
8,4501,11
8,1200,3
8,1299,4
8,2401,8
8,1400,4
8,300,0
8,1600,5
8,300,0
8,11000,15
8,600,2
8,2100,8
8,800,2
8,3200,12
8,400,0
8,300,0
8,5299,20
8,4401,16
8,4300,16
8,2500,8
8,3399,12
8,4301,15
8,1500,5
8,2100,7
8,300,0
8,1899,5
8,1500,5
8,400,0
8,800,2
8,3199,11
8,500,1
8,2501,8
8,2400,7
8,300,0
8,3700,12
8,1200,3
8,300,0
8,500,1
8,2300,8
8,1400,4
8,3399,12
8,3001,11
8,3000,10
8,600,1
8,1200,3
8,8601,9
8,300,0
8,1800,6
8,7200,26
8,600,1
8,900,2
8,1399,4
8,4601,17
8,900,2
8,10999,41
8,7701,29
8,19000,6
8,2199,7
8,4101,16
8,300,0
8,6500,24
8,1200,3
8,2000,1
8,599,1
8,300,0
8,3101,12
8,4899,17
8,2501,4
8,3400,8
8,2101,7
8,600,1
8,1100,3
8,1500,5
8,600,1
8,400,0
8,13800,18
8,3599,13
8,2500,8
8,3599,12
8,1301,4
8,900,2
8,2600,9
8,1100,3
8,1899,6
8,500,1
8,1101,3
8,300,0
8,3500,13
8,899,2
8,1400,4
8,2100,6
8,11100,28
8,2300,8
8,500,1
8,400,0
8,300,0
8,1399,4
8,2001,6
8,1000,3
8,2600,9
8,5500,20
8,1100,3
8,2399,8
8,4501,17
8,3399,12
8,5101,19
8,1600,5
8,10700,12
8,1500,4
8,1300,4
8,400,0
8,3000,10
8,300,0
8,1000,1
8,3900,9
8,1701,3
8,3200,9
8,3699,13
8,6999,25
8,1201,3
8,2200,7
8,1000,3
8,1599,5
8,3601,12
8,9600,22
8,300,0
8,2299,8
8,2901,6
8,3799,14
8,600,1
8,3901,14
8,1600,6
8,4000,10
8,700,1
8,3699,10
8,1101,3
8,900,2
8,1500,5
8,1900,6
8,3700,12
8,11500,29
8,601,1
8,300,0
8,1000,2
8,700,2
8,300,0
8,1800,5
8,1799,6
8,3101,11
8,2600,9
8,999,3
8,2101,8
8,1400,4
8,2000,6
8,300,0
8,1799,6
8,300,0
8,4601,17
8,600,1
8,1099,3
8,9901,14
8,1200,3
8,1500,4
8,2399,8
8,3001,10
8,4499,16
8,700,1
8,3301,11
8,2000,6
8,1499,5
8,1401,4
8,2500,9
8,1800,6
8,799,2
8,2001,6
8,1300,4
8,2000,7
8,400,0
8,6100,9
8,8100,31
8,1700,6
8,300,0
8,5001,18
8,7400,27
8,900,2
8,1299,4
8,1000,3
8,3901,15
8,13700,28
8,1500,4
8,800,2
8,1899,6
8,2000,6
8,800,2
8,2199,7
8,1801,6
8,1500,4
8,2400,8
8,5700,22
8,1200,4
8,1999,7
8,5001,19
8,6200,22
8,7600,15
8,600,1
8,7100,24
8,2099,7
8,900,2
8,3301,11
8,4399,17
8,3900,13
8,300,0
8,2599,8
8,7800,29
8,9201,20
8,700,1
8,1800,0
8,8400,32
8,600,1
8,3501,12
8,800,2
8,300,0
8,2200,7
8,1099,3
8,500,1
8,1501,4
8,800,2
8,1800,5
8,1000,3
8,300,0
8,5200,19
8,6600,15
8,5900,23
8,1500,5
8,300,0
8,4500,17
8,1800,6
8,4399,15
8,1301,4
8,2100,7
8,1400,4
8,2999,10
8,3501,12
8,400,0
8,800,2
8,501,1
8,1900,6
8,600,1
8,6900,12
8,1200,3
8,2099,7
8,2201,7
8,800,2
8,300,0
8,1300,4
8,2899,10
8,900,2
8,1601,5
8,4899,17
8,500,1
8,1301,4
8,3900,13
8,700,1
8,3700,13
8,500,1
8,8500,22
8,1400,4
8,400,0
8,1099,3
8,3101,11
8,300,0
8,400,0
8,500,1
8,500,1
8,11600,29
8,500,1
8,3000,10
8,1699,5
8,2601,9
8,1600,5
8,1100,3
8,600,1
8,300,0
8,599,1
8,1200,3
8,2900,9
8,2400,8
8,399,0
8,4701,4
8,2999,10
8,1801,6
8,1700,6
8,3699,12
8,500,1
8,3801,13
8,1400,4
8,1101,3
8,3100,11
8,3400,13
8,1400,4
8,2500,6
8,13200,19
8,300,0
8,300,0
8,400,0
8,800,2
8,900,2
8,21600,31
8,1300,4
8,600,1
8,1601,5
8,4900,19
8,599,1
8,1200,3
8,1400,4
8,8100,1
8,5800,7
8,2200,7
8,1000,3
8,700,1
8,2899,10
8,6599,24
8,19901,28
8,600,1
8,400,0
8,1299,4
8,1801,6
8,1100,3
8,1100,3
8,1100,3
8,1699,5
8,8200,31
8,500,1
8,501,1
8,600,1
8,2300,8
8,4900,17
8,1000,3
8,600,1
8,2200,7
8,1399,4
8,8300,10
8,2001,6
8,3600,13
8,299,0
8,2301,8
8,3599,13
8,2601,9
8,3200,11
8,699,1
8,7300,29
8,900,2
8,1601,5
8,900,2
8,1500,4
8,1100,3
8,37800,12
8,1899,6
8,2101,7
8,300,0
8,4299,15
8,1100,3
8,2900,7
8,8600,4
8,7800,5
8,9099,8
8,1101,3
8,1400,4
8,2500,8
8,1799,7
8,18101,26
8,1700,5
8,26700,14
8,2400,8
8,1400,4
8,5400,19
8,1500,5
8,400,0
8,800,2
8,1599,5
8,1601,5
8,2200,7
8,1100,3
8,1399,4
8,1601,5
8,4000,14
8,1400,4
8,599,1
8,2201,7
8,1100,4
8,600,1
8,1500,4
8,300,0
8,12200,19
8,2100,7
8,600,1
8,3400,12
8,600,1
8,700,2
8,600,1
8,2701,9
8,300,0
8,3499,13
8,1501,5
8,400,0
8,1300,4
8,1200,3
8,800,2
8,300,0
8,899,2
8,4601,16
8,1700,5
8,13400,22
8,500,1
8,300,0
8,2099,7
8,1501,5
8,600,1
8,400,0
8,300,0
8,900,2
8,5100,18
8,1100,3
8,2300,7
8,2899,10
8,1101,3
8,900,2
8,2900,11
8,4700,18
8,1800,5
8,1400,4
8,1499,5
8,11401,20
8,600,1
8,2399,8
8,901,2
8,600,1
8,300,0
8,400,0
8,4499,16
8,2801,9
8,2300,8
8,400,0
8,1000,3
8,1699,5
8,601,1
8,600,1
8,700,1
8,800,2
8,4801,18
8,1600,4
8,1399,4
8,501,1
8,4200,16
8,14900,4
8,8100,30
8,1799,3
8,5201,11
8,2100,1
8,4900,7
8,1799,6
8,401,0
8,400,0
8,4200,14
8,9399,28
8,301,0
8,2200,7
8,800,2
8,1500,5
8,1099,3
8,12801,0
8,2999,10
8,1601,5
8,4899,18
8,500,1
8,1601,5
8,1600,5
8,300,0
8,2399,8
8,1801,5
8,7800,30
8,3200,11
8,1400,4
8,5500,18
8,600,1
8,11300,14
8,500,0
8,1000,2
8,400,0
8,22500,10
8,1899,4
8,2801,1
8,1000,1
8,700,1
8,5700,8
8,400,0
8,14800,24
8,3299,3
8,900,1
8,901,2
8,5701,12
8,3200,7
8,1600,5
8,2000,3
8,17800,41
8,3500,12
8,3800,14
8,800,2
8,1200,3
8,1900,6
8,3300,11
8,6199,22
8,400,0
8,701,2
8,300,0
8,1600,5
8,1200,3
8,2399,8
8,1401,5
8,1100,3
8,900,2
8,8700,17
8,300,0
8,2399,8
8,300,0
8,3701,13
8,3899,14
8,7700,28
8,601,1
8,5399,20
8,4301,15
8,2100,7
8,1599,5
8,1601,5
8,2099,6
8,2201,7
8,800,2
8,1300,5
8,400,0
8,900,2
8,9700,34
8,2300,7
8,700,1
8,1300,4
8,1799,6
8,1301,4
8,600,1
8,700,1
8,900,3
8,600,1
8,2699,10
8,600,1
8,1800,5
8,2700,10
8,8100,4
8,800,2
8,2600,9
8,500,1
8,1499,4
8,500,1
8,2101,7
8,600,1
8,400,0
8,2999,12
8,2401,8
8,3200,11
8,3600,13
8,5100,18
8,599,1
8,3101,11
8,2900,10
8,8000,14
8,4600,16
8,400,0
8,2499,9
8,1500,5
8,5000,19
8,2700,9
8,1000,3
8,2000,6
8,3599,13
8,901,3
8,400,0
8,3000,11
8,2899,9
8,300,0
8,1900,6
8,300,0
8,12199,16
8,1701,5
8,800,2
8,400,0
8,900,2
8,900,2
8,3600,12
8,5599,20
8,1201,4
8,2100,7
8,3199,10
8,1300,3
8,3001,10
8,3299,12
8,3000,10
8,300,0
8,2399,8
8,14100,6
8,3301,11
8,700,2
8,1600,5
8,1799,6
8,3301,11
8,4699,16
8,3101,11
8,1300,4
8,1499,4
8,4501,16
8,1300,4
8,600,1
8,3700,13
8,4300,15
8,16099,9
8,4401,16
8,2000,6
8,5700,20
8,300,0
8,1000,3
8,599,1
8,400,0
8,3401,12
8,5800,21
8,800,2
8,800,2
8,400,0
8,600,1
8,1500,4
8,1499,5
8,1401,4
8,500,1
8,10500,18
8,500,1
8,1499,4
8,2201,8
8,300,0
8,2100,7
8,5600,20
8,3400,13
8,2801,10
8,4600,17
8,700,1
8,2901,10
8,400,0
8,1300,4
8,400,0
8,601,1
8,3700,13
8,1699,6
8,400,0
8,4101,14
8,1300,3
8,1000,3
8,1799,6
8,2601,9
8,1600,5
8,700,2
8,3200,11
8,8800,33
8,1100,3
8,1100,3
8,1400,4
8,499,1
8,400,0
8,6701,27
8,6501,4
8,2299,8
8,601,1
8,1000,3
8,1500,5
8,300,0
8,2399,7
8,800,2
8,901,2
8,1000,3
8,2700,9
8,60900,5
8,1599,2
8,1401,2
8,7900,15
8,89499,14
8,4899,6
8,6099,9
8,1100,1
8,8200,13
8,1900,2
8,22400,9
8,1300,1
8,2599,4
8,5000,8
8,24599,34
8,32101,64
8,600,0
8,1700,2
8,3600,6
8,21099,11
8,17500,29
8,15600,27
8,2099,1
8,4101,3
8,4199,8
8,2400,4
8,1200,1
8,2699,4
8,501,0
8,9300,12
8,2900,4
8,3600,5
8,12499,18
8,29201,12
8,2101,2
8,2500,2
8,5100,8
8,8200,14
8,6100,9
8,3400,5
8,3199,5
8,2800,5
8,25000,11
8,801,0
8,4100,5
8,5100,7
8,10400,16
8,8699,15
8,701,0
8,1500,2
8,17900,13
8,4600,9
8,4799,10
8,2301,5
8,900,1
8,1600,2
8,2599,5
8,601,0
8,3500,6
8,3399,7
8,3601,8
8,2199,5
8,2101,4
8,2400,5
8,3399,7
8,4301,9
8,500,0
8,1600,2
8,7000,14
8,9999,10
8,4800,9
8,3199,7
8,800,1
8,1001,1
8,7600,17
8,1000,1
8,2400,5
8,2599,5
8,1301,2
8,8800,20
8,4299,9
8,6800,13
8,900,1
8,7500,16
8,11601,16
8,900,2
8,2299,5
8,7800,15
8,5300,13
8,5400,13
8,2300,4
8,1601,2
8,4100,7
8,500,0
8,1099,1
8,2501,4
8,1100,1
8,4800,8
8,500,0
8,1700,2
8,14800,31
8,1100,1
8,1400,2
8,600,0
8,7200,4
8,2001,3
8,4200,9
8,8799,21
8,5101,11
8,2800,5
8,2600,4
8,11999,24
8,4300,10
8,5400,11
8,600,0
8,600,0
8,1499,2
8,6901,17
8,3400,7
8,34900,25
8,2400,4
8,700,0
8,22100,11
8,4400,9
8,4099,8
8,2101,3
8,5299,9
8,7700,17
8,6101,13
8,1899,4
8,600,0
8,1200,1
8,2400,4
8,4400,9
8,24200,10
8,2100,4
8,900,1
8,13399,16
8,38300,40
8,700,0
8,2100,3
8,1899,2
8,14001,23
8,3000,4
8,900,1
8,3100,4
8,5700,10
8,1200,1
8,6700,11
8,9699,2
8,2001,2
8,3100,4
8,16000,28
8,6001,9
8,2999,4
8,5600,9
8,5101,9
8,10699,8
8,601,0
8,11000,23
8,5500,9
8,7700,14
8,44000,9
8,7200,11
8,10400,19
8,1399,1
8,10201,16
8,2900,4
8,4000,6
8,2701,3
8,1800,2
8,2100,3
8,13801,24
8,11300,18
8,6600,11
8,11300,8
8,800,0
8,8299,13
8,1701,2
8,6599,10
8,7000,11
8,701,0
8,700,0
8,2300,3
8,6100,9
8,6500,11
8,4000,6
8,2000,2
8,800,0
8,2900,4
8,2599,4
8,1201,1
8,2900,4
8,1200,1
8,8499,15
8,2801,4
8,7000,12
8,7500,2
8,1000,1
8,1100,1
8,1200,1
8,9901,17
8,2100,3
8,1400,1
8,2299,3
8,2100,3
8,2000,3
8,3600,5
8,8000,14
8,5199,9
8,2901,4
8,5800,10
8,1400,1
8,7400,15
8,1400,2
8,1200,2
8,15200,22
8,3700,5
8,1500,2
8,5300,10
8,1800,3
8,6500,12
8,1300,1
8,9700,15
8,600,0
8,2400,3
8,1500,2
8,1499,2
8,9701,18
8,4299,7
8,17101,16
8,700,0
8,2800,4
8,1699,2
8,3001,5
8,2900,5
8,7600,5
8,2101,3
8,5899,10
8,1201,1
8,1100,1
8,4199,7
8,5901,10
8,5100,9
8,9900,19
8,3700,6
8,1500,2
8,4499,8
8,11801,23
8,900,1
8,3200,6
8,900,1
8,1400,1
8,33699,51
8,6799,13
8,4601,8
8,1799,3
8,4501,9
8,2599,4
8,700,0
8,3700,8
8,15700,15
8,900,0
8,4400,5
8,3000,3
8,6799,10
8,72400,17
8,3500,5
8,13201,18
8,3500,5
8,1100,1
8,1000,1
8,2799,4
8,13201,23
8,699,0
8,4501,9
8,1800,2
8,500,0
8,1601,2
8,8700,14
8,6700,11
8,1600,2
8,3399,5
8,10300,7
8,7000,13
8,2200,4
8,7100,13
8,1100,1
8,5001,8
8,3399,6
8,2101,3
8,3799,7
8,1000,1
8,1201,1
8,1200,1
8,1200,2
8,1200,2
8,1299,2
8,3701,6
8,8400,18
8,1200,1
8,1099,1
8,500,0
8,4801,9
8,1499,2
8,4101,8
8,17600,6
8,2401,3
8,31000,1
8,3399,4
8,700,0
8,3600,4
8,1599,1
8,1601,1
8,600,0
8,3999,6
8,8200,16
8,2500,4
8,1400,2
8,2400,3
8,699,0
8,4701,8
8,44400,29
8,2499,2
8,42401,18
8,2399,3
8,14201,4
8,13601,18
8,4100,5
8,700,0
8,2299,3
8,500,0
8,1401,1
8,4500,6
8,3700,6
8,2300,3
8,1999,2
8,700,0
8,700,0
8,1700,2
8,7700,12
8,4099,8
8,2500,4
8,4400,7
8,57900,33
8,144101,13
8,9700,5
8,1000,0
8,16199,4
8,8100,10
8,2400,2
8,16099,8
8,7100,7
8,26301,3
8,1899,1
8,13100,5
8,10501,11
8,1900,0
8,600,0
8,1499,1
8,7400,9
8,12401,15
8,5400,4
8,2700,4
8,4700,5
8,5200,5
8,14399,10
8,3401,4
8,800,0
8,2401,3
8,1100,1
8,11899,21
8,8301,12
8,5200,7
8,4700,6
8,700,0
8,700,0
8,1899,2
8,1301,1
8,500,0
8,2500,3
8,2999,4
8,5100,7
8,5000,7
8,11499,18
8,7600,12
8,21800,28
8,1401,2
8,2200,4
8,2000,4
8,1899,3
8,2000,4
8,6200,11
8,1000,1
8,5600,9
8,900,1
8,1200,1
8,3199,5
8,500,0
8,3901,7
8,2100,4
8,1099,1
8,2901,5
8,6700,12
8,4999,9
8,2301,3
8,16600,24
8,1200,1
8,4900,9
8,4299,9
8,4701,8
8,4800,9
8,5900,12
8,3400,6
8,1899,3
8,3901,7
8,7700,13
8,7000,12
8,1000,1
8,1700,2
8,2300,4
8,14000,12
8,600,0
8,6600,11
8,4800,9
8,6800,12
8,10500,21
8,7100,12
8,14100,25
8,600,0
8,1200,1
8,3101,5
8,3600,7
8,699,0
8,700,0
8,4301,8
8,12400,14
8,3600,7
8,1799,3
8,3600,7
8,1300,2
8,699,0
8,1601,2
8,3200,5
8,2299,3
8,700,0
8,4201,7
8,600,0
8,5800,11
8,1400,1
8,2199,4
8,14000,26
8,700,1
8,2201,4
8,1700,3
8,4000,9
8,800,1
8,800,1
8,13000,20
8,900,1
8,7100,18
8,2700,6
8,7600,17
8,3800,6
8,1600,2
8,3100,5
8,5001,10
8,500,0
8,5200,10
8,2900,5
8,4700,9
8,500,0
8,2300,3
8,2800,4
8,500,0
8,2200,4
8,1400,2
8,1299,2
8,8501,5
8,1600,2
8,3000,5
8,5900,12
8,4700,8
8,500,0
8,4799,11
8,4201,8
8,7400,15
8,1999,3
8,3901,7
8,2900,5
8,699,0
8,1501,2
8,2000,3
8,3999,8
8,1101,1
8,10200,20
8,2799,5
8,5501,1
8,600,0
8,899,1
8,2301,4
8,500,0
8,7400,16
8,500,0
8,9500,20
8,1899,2
8,901,1
8,4300,8
8,2199,4
8,501,0
8,3500,7
8,500,0
8,1899,3
8,500,0
8,2200,4
8,6200,13
8,1200,1
8,20099,32
8,1600,2
8,2500,4
8,2199,4
8,4000,7
8,6200,12
8,1700,3
8,5901,13
8,1299,2
8,1100,1
8,1701,3
8,3100,6
8,16599,35
8,2801,6
8,900,1
8,11499,24
8,3500,6
8,1499,2
8,500,0
8,8901,19
8,1100,1
8,2500,5
8,4500,9
8,500,0
8,700,0
8,500,0
8,5000,10
8,900,1
8,8700,19
8,3400,6
8,1700,2
8,7000,14
8,4000,8
8,600,0
8,6601,14
8,13001,8
8,1100,1
8,37600,14
8,3301,4
8,2200,2
8,3100,4
8,10600,17
8,10099,16
8,4701,7
8,7400,11
8,3600,5
8,7400,12
8,1900,2
8,4599,8
8,4901,9
8,1799,2
8,7700,1
8,700,0
8,7399,12
8,1601,2
8,1800,2
8,5800,10
8,900,1
8,2600,4
8,999,1
8,6101,9
8,2600,3
8,1600,2
8,1100,1
8,6200,12
8,5600,11
8,400,0
8,1100,1
8,2999,6
8,1100,1
8,7500,15
8,25201,35
8,1700,2
8,700,0
8,13100,24
8,600,0
8,7600,14
8,1100,1
8,20100,19
8,1000,1
8,600,0
8,1899,2
8,701,0
8,1800,2
8,1200,1
8,5600,9
8,2500,3
8,999,1
8,1601,2
8,1200,1
8,1400,1
8,4300,7
8,12000,14
8,700,0
8,6301,10
8,11800,21
8,1700,2
8,1700,2
8,7300,12
8,1899,2
8,1601,2
8,500,0
8,9100,17
8,8200,13
8,4300,8
8,6599,12
8,801,0
8,600,0
8,2000,3
8,1999,3
8,9601,8
8,2800,4
8,11199,21
8,2101,3
8,6600,13
8,11300,21
8,899,1
8,1401,2
8,600,0
8,5699,11
8,5801,11
8,10000,18
8,900,1
8,700,0
8,1200,1
8,12100,14
8,6500,12
8,7100,14
8,700,0
8,7800,16
8,1000,1
8,500,0
8,4200,7
8,2400,4
8,3199,5
8,3201,6
8,500,0
8,3499,5
8,4401,8
8,900,1
8,9099,17
8,3701,6
8,3199,6
8,600,0
8,3301,6
8,8700,6
8,1100,1
8,599,0
8,7001,12
8,1901,3
8,3100,5
8,7300,15
8,6500,14
8,3000,5
8,4500,9
8,600,0
8,4100,7
8,1499,2
8,1501,2
8,4999,9
8,2201,3
8,1400,2
8,1800,3
8,1799,3
8,3501,6
8,2400,4
8,9200,8
8,17900,34
8,1500,3
8,400,0
8,1699,3
8,8801,21
8,1300,2
8,500,0
8,900,1
8,2199,4
8,1401,2
8,700,1
8,1300,3
8,1000,2
8,1499,2
8,600,0
8,4601,8
8,3099,6
8,1501,2
8,1700,3
8,1000,1
8,2199,4
8,900,1
8,901,1
8,8500,8
8,3700,7
8,1099,1
8,1701,4
8,3000,7
8,700,1
8,800,1
8,3500,7
8,5399,12
8,2301,4
8,500,0
8,400,0
8,4199,10
8,2901,7
8,1000,2
8,3900,9
8,4200,12
